33
 energy: -92.008555338253 gnorm: 0.087718577711 xtb: 6.7.1pre (5071a88)
Ti          -2.21624000000000       -2.71622200000000        7.19964500000000
Ti          -0.21602800000000       -2.84188200000000        4.88981300000000
Ti           0.12479900000000       -5.59156700000000        4.01301600000000
Ti          -2.05879900000000       -0.36573100000000        4.23718300000000
Ti           1.97778800000000       -1.28150100000000        3.25431600000000
Ti           0.35387700000000       -0.17163700000000        5.85953000000000
Ti          -3.31128100000000       -4.52031400000000        4.82196300000000
Ti          -2.29643200000000       -3.73054900000000        2.10863700000000
Ti          -0.87457200000000       -5.90220800000000        1.02291600000000
Ti          -3.17776200000000       -0.81844500000000        1.46960500000000
Ti           0.67627200000000       -3.00162900000000        1.11034400000000
Ti          -1.58823500000000       -2.18112000000000       -0.64755700000000
C           -3.98299600000000        0.20156000000000        3.80180400000000
C            2.67996700000000       -3.23152400000000        1.24113500000000
C           -0.33131900000000       -0.42986900000000        1.88067000000000
C           -4.45617400000000        0.27701000000000        2.65573100000000
C            3.19784300000000       -2.40560200000000        2.01337600000000
C           -1.49925600000000        0.04923800000000        2.25708100000000
C            0.83742600000000       -0.88700800000000        1.53246300000000
O           -3.26244200000000       -3.87427700000000        6.48934000000000
O            0.02132800000000       -1.86542000000000        6.33229300000000
O           -0.39145500000000       -4.47499800000000        5.35359600000000
O           -1.71378600000000       -2.06569000000000        4.38989800000000
O            1.26955500000000       -2.75053500000000        4.04206300000000
O           -1.31712400000000        0.36521400000000        5.67754200000000
O            0.82271700000000       -0.27873400000000        4.26449300000000
O           -2.55975800000000       -4.93150300000000        3.32147300000000
O           -2.23480600000000       -4.71894900000000        0.66898400000000
O            0.19711000000000       -6.19845500000000        2.38201400000000
O           -3.36894500000000       -2.40358800000000        2.17686100000000
O           -0.65513800000000       -3.23777700000000        2.22420600000000
O           -2.86958700000000       -1.09526800000000       -0.21029800000000
O           -0.07209400000000       -3.06493400000000       -0.43556400000000
33
 energy: -92.029827361268 gnorm: 0.053801517072 xtb: 6.7.1pre (5071a88)
Ti          -2.17900496053410       -2.67257121472039        7.15689477231794
Ti          -0.22857161108324       -2.84510280817558        4.93415494082709
Ti           0.07702954131921       -5.62616076328666        4.02804880020783
Ti          -2.05227383058100       -0.35951899742974        4.25951762689411
Ti           1.92671984891676       -1.33084138834402        3.23881147483776
Ti           0.31567557115316       -0.22135138048396        5.81881156832659
Ti          -3.25888733953864       -4.57191580508055        4.84244747354626
Ti          -2.29228411554841       -3.72406639687612        2.10784695120973
Ti          -0.86615168762289       -5.88936842582003        1.01023224861611
Ti          -3.18785665178186       -0.82220144110862        1.47443287361241
Ti           0.68591264196291       -2.99411687595603        1.11344635830382
Ti          -1.58865695243442       -2.18370874473121       -0.64282682314984
C           -3.98175380935570        0.20588616087650        3.80083634225481
C            2.70293368355466       -3.21421178294728        1.24322781059638
C           -0.35071638366587       -0.42691026082884        1.86033364876332
C           -4.45505150622526        0.27957844548483        2.65530054695464
C            3.22501539852876       -2.39897616015997        2.02183897878948
C           -1.50840959707455        0.04766244196828        2.24714204944006
C            0.82595874068014       -0.87099559358314        1.49302922117623
O           -3.27210535611375       -3.80252668732054        6.45512043090028
O            0.08320447522267       -1.92574514103496        6.39876767918087
O           -0.44311032294088       -4.49325367420541        5.34707418966096
O           -1.72342873403093       -2.06639986042189        4.41877013112173
O            1.24741204180085       -2.79459744644980        4.05522867405987
O           -1.36030984042379        0.39564630852576        5.69317135167290
O            0.90182766420336       -0.20859280574599        4.23847295882828
O           -2.54736302059348       -4.94007022794423        3.31090858693427
O           -2.23901260629452       -4.71577016825993        0.66930549076581
O            0.20861931084248       -6.16569011606832        2.37260870216873
O           -3.37381243580596       -2.40791266303647        2.18800397794562
O           -0.64863657575290       -3.23702735450012        2.22367030703828
O           -2.87054668904724       -1.09986082731573       -0.20574321683631
O           -0.06791189173559       -3.06322234501973       -0.43031412696598
33
 energy: -92.040762744433 gnorm: 0.044064290011 xtb: 6.7.1pre (5071a88)
Ti          -2.28265110652241       -2.65161163893424        7.32182098893489
Ti          -0.21061816663987       -2.84764498327835        4.93697916206233
Ti           0.07439986631147       -5.65167220749948        4.02961915540606
Ti          -2.06037699247247       -0.34434068636775        4.27095919382634
Ti           1.89550459924612       -1.34592649657297        3.24013121883301
Ti           0.27543139365206       -0.28851821471130        5.76630446844873
Ti          -3.21727097379199       -4.57772376049442        4.85932806003655
Ti          -2.29325934779474       -3.71753516349477        2.10519164422689
Ti          -0.85771391340441       -5.88128085071587        0.99133772130142
Ti          -3.19992763741776       -0.82503838888033        1.48347653840196
Ti           0.68367419059638       -3.01608753542937        1.10039200865046
Ti          -1.59499960932941       -2.18415356027021       -0.64786055676391
C           -3.99718948026880        0.20844204496231        3.79182418449623
C            2.72398914773964       -3.17404161786475        1.25755170293919
C           -0.36702950282420       -0.44077426337389        1.84151124197333
C           -4.46638830039730        0.28001878712539        2.64618811571171
C            3.25306888550033       -2.36914066873545        2.04281879461611
C           -1.50856717303013        0.04278931572007        2.22573192805620
C            0.81918794221229       -0.88915581172917        1.46749368544776
O           -3.29576048149140       -3.76953860011577        6.44911768605331
O            0.15870556862664       -2.01858491147174        6.45470732419947
O           -0.48965780246194       -4.50714726801402        5.30395674470241
O           -1.69477458568985       -2.06050237531796        4.37464063962649
O            1.26571066782232       -2.82481363106072        4.04896140233958
O           -1.42260927058636        0.41309339133437        5.69946508424663
O            1.06953238368819       -0.07238444881911        4.21963391976572
O           -2.55807151041658       -4.94159684907447        3.30384525170532
O           -2.24342886930096       -4.71431519023606        0.66953343053334
O            0.22525775315145       -6.13861162821398        2.35372756155739
O           -3.38289714770585       -2.41457683774606        2.20065446918538
O           -0.64622820052000       -3.24029556323134        2.22569338604283
O           -2.87344491223201       -1.10532419667633       -0.19803925354488
O           -0.07714441424859       -3.07592019081214       -0.43812490301827
33
 energy: -92.049623410929 gnorm: 0.038879958348 xtb: 6.7.1pre (5071a88)
Ti          -2.23081189895885       -2.57865567809201        7.22813122081283
Ti          -0.23014456826598       -2.87752781895228        4.95897475276490
Ti           0.07229996119866       -5.65200349965390        4.03048266883069
Ti          -2.10119195509462       -0.36043586046911        4.29024722418316
Ti           1.87808962526269       -1.34939128205659        3.26441059303958
Ti           0.31514319576738       -0.28205321998243        5.77707100740704
Ti          -3.21946214095019       -4.57071406238319        4.84294021612017
Ti          -2.29679274657706       -3.72363626835382        2.10169626456974
Ti          -0.85333653998589       -5.86769693882903        0.97909500521607
Ti          -3.20886925803122       -0.83489389434461        1.49261742364122
Ti           0.67871627675860       -3.04702640392301        1.08548302389902
Ti          -1.60306686356456       -2.19337251081079       -0.64944088176584
C           -4.02085295078646        0.21921563922917        3.78536597415136
C            2.72995004041022       -3.13681990119646        1.27179064941834
C           -0.37491629134827       -0.46053565517195        1.85592430078693
C           -4.48268401202519        0.28242903506667        2.63601160686927
C            3.25396533031534       -2.33660401135489        2.06629686582672
C           -1.51558284549052        0.02395013983742        2.24333829775605
C            0.80757587570229       -0.92725588462214        1.49202860665803
O           -3.26377659904156       -3.70982632976573        6.40071374289524
O            0.19542416896628       -2.02676563074707        6.45687083124520
O           -0.51305899606289       -4.53757947534435        5.31447406935332
O           -1.71183123468152       -2.07671395684797        4.40599557420661
O            1.23070365592779       -2.83282758677650        4.03954258330595
O           -1.41226824175070        0.38665302426371        5.69209439452182
O            1.17898723894214       -0.00932198655652        4.25359698401109
O           -2.58422338071717       -4.95858742877422        3.28561894464866
O           -2.24580376401257       -4.70831902575473        0.65860693834751
O            0.23123406303639       -6.11068960988281        2.34393505999317
O           -3.39035360796799       -2.42581980644994        2.20847584974957
O           -0.64655741449673       -3.25406725929093        2.22431805660727
O           -2.87700290052358       -1.11568328507437       -0.18853845373367
O           -0.08504822195442       -3.09133756693534       -0.44959739533703
33
 energy: -92.055269303196 gnorm: 0.042231679486 xtb: 6.7.1pre (5071a88)
Ti          -2.20668189554680       -2.48377437080016        7.15302630657240
Ti          -0.23639695658715       -2.92068216007186        4.96668761291537
Ti           0.04468608316022       -5.67458513253767        4.01773652530160
Ti          -2.14485858503367       -0.38689787358354        4.30898983125742
Ti           1.85853256869205       -1.34779891007350        3.25695899576483
Ti           0.38773217913871       -0.27460328317992        5.75462876590015
Ti          -3.22838822363849       -4.55516069601943        4.83598908210247
Ti          -2.30181371359355       -3.73316527607592        2.10230204470718
Ti          -0.85659808137590       -5.87686042498454        0.95425291554403
Ti          -3.22504067158434       -0.85181424334472        1.49804420255877
Ti           0.68223027951710       -3.03798041998873        1.10337824578588
Ti          -1.59616750422213       -2.19965022762759       -0.64115325083945
C           -4.04492415964193        0.22229961572384        3.78284098452571
C            2.73446427717844       -3.10829899794760        1.30757388210072
C           -0.39899172669313       -0.47447238591450        1.89423970018114
C           -4.49697278847863        0.28639577873259        2.62851839228247
C            3.26976333738979       -2.32056518139673        2.10474523912415
C           -1.54474479956427        0.01653099611679        2.27216753303198
C            0.78087206397917       -0.92055717668766        1.51745403383789
O           -3.24267884352594       -3.63282096203647        6.35692422483666
O            0.19931134705696       -2.01935804349189        6.42757305412731
O           -0.52084046479188       -4.57602908606292        5.31831740443491
O           -1.70187228830167       -2.09816625542497        4.40920324017607
O            1.21451590507594       -2.82611030579953        4.03256789570595
O           -1.38348862210190        0.32816204246605        5.68174655138835
O            1.28012386156995        0.00698042156340        4.26139783272560
O           -2.60100987341082       -4.97149607805932        3.28344879653298
O           -2.24455549946701       -4.70689401830696        0.65037723042782
O            0.23933663606350       -6.08587943896816        2.31631737181625
O           -3.40348266699927       -2.44155090715647        2.22009069987346
O           -0.65540545777276       -3.25037334465426        2.23575060157617
O           -2.88017855150296       -1.13684493199091       -0.17947338481311
O           -0.07202416498787       -3.09189272241630       -0.43405056146310
33
 energy: -92.062325193985 gnorm: 0.029794413551 xtb: 6.7.1pre (5071a88)
Ti          -2.26115163879841       -2.40584647590847        7.18576088947173
Ti          -0.23816789577652       -2.96011344384011        4.98094539782034
Ti           0.02249845554216       -5.68415937633334        4.00155163364001
Ti          -2.17662137739736       -0.40629830849713        4.31446028721657
Ti           1.84682261239942       -1.33886231458291        3.26276850282066
Ti           0.47072328118200       -0.25939955295381        5.71583654911836
Ti          -3.23394886396001       -4.54838398767644        4.82921356269954
Ti          -2.31346017039629       -3.75363732131451        2.09330836588987
Ti          -0.86183171365635       -5.87083115789204        0.92852378468620
Ti          -3.23380714809993       -0.86957140426628        1.50957227514138
Ti           0.68465271801969       -3.04505310259034        1.10180210298404
Ti          -1.59461509411111       -2.20778296590851       -0.63646620489812
C           -4.06677478379822        0.21905996026438        3.78627056708391
C            2.73893719146452       -3.06473670905555        1.33740090375533
C           -0.40833866289934       -0.47522070466877        1.91792443447764
C           -4.51301156367968        0.27835416705950        2.62837795968160
C            3.28407657173653       -2.28538710780193        2.13444416567276
C           -1.56171039494778        0.01459364857743        2.29145352988175
C            0.76386972596052       -0.92863392026923        1.54790122107236
O           -3.23478262245511       -3.57603316743449        6.31977764085656
O            0.19944372220460       -2.00299292257970        6.39970626208930
O           -0.53106894168262       -4.61061787087995        5.32220989082188
O           -1.67662618185622       -2.10980713932174        4.40347170287553
O            1.20388186602417       -2.81011868695438        4.03522056315698
O           -1.35819971537319        0.26443930639975        5.66710850191220
O            1.41343232715056        0.03228043650838        4.26909217898309
O           -2.61886311659480       -4.99309239036854        3.27693878931288
O           -2.26073193140358       -4.71219296840386        0.63146146950166
O            0.24382774015469       -6.05104555560298        2.28767529438638
O           -3.41414557701007       -2.45960338935565        2.23630802874836
O           -0.66708482437177       -3.27299169048475        2.22225386132734
O           -2.88261764791724       -1.15699992131548       -0.16579021194077
O           -0.06015334565360       -3.09322796254802       -0.43791190024731
33
 energy: -92.067084556549 gnorm: 0.028937788931 xtb: 6.7.1pre (5071a88)
Ti          -2.30303200368876       -2.29373611969950        7.16896354948945
Ti          -0.24100279577242       -2.98668160576978        4.99329470261406
Ti           0.06147178108320       -5.66714018079719        3.96001698809095
Ti          -2.19612460653306       -0.43840967191060        4.30916046312339
Ti           1.85578622347696       -1.31849300230621        3.28825902947321
Ti           0.51900137428120       -0.26776960453444        5.65580949468542
Ti          -3.25793451782115       -4.50245422229192        4.82150449702288
Ti          -2.33531438820240       -3.77203892946461        2.08983744163304
Ti          -0.87815508579484       -5.87109614257497        0.90415311321527
Ti          -3.23444100727786       -0.88105663659197        1.52890979265331
Ti           0.67964933027502       -3.05989061035515        1.11298019882867
Ti          -1.58519873145387       -2.20710792097877       -0.63008734121681
C           -4.08932844344333        0.19642067552254        3.80201468897835
C            2.73312847319827       -3.02494548353539        1.37535935782242
C           -0.41018353206613       -0.47687109646810        1.94877418336559
C           -4.52991408232697        0.25425009065092        2.64228648917270
C            3.29690719273967       -2.24917539150046        2.16479361827766
C           -1.56828820822514        0.01772131006770        2.30888163131152
C            0.75713404489883       -0.93982362925874        1.58587107629046
O           -3.19880749918896       -3.53168029343379        6.29288270877236
O            0.16360736767104       -2.00267452145474        6.38710417184007
O           -0.53474124973909       -4.64225636710337        5.29868506281956
O           -1.64159475903909       -2.13172996760428        4.35251035061877
O            1.19813142179263       -2.77700754031065        4.04733079420493
O           -1.37249987201835        0.18739812004612        5.65810608023716
O            1.57652583833605        0.06882341590791        4.27820865127102
O           -2.66142392859329       -5.00990372004653        3.27485522373948
O           -2.28663223282332       -4.71798077758877        0.61970130756010
O            0.23693463819002       -6.04779635435943        2.25467218483295
O           -3.42668921812053       -2.46937661662314        2.26463049252711
O           -0.68932120889314       -3.30075893115398        2.21635530846751
O           -2.88270996337296       -1.17794761962491       -0.14506931247982
O           -0.05048735154871       -3.10272465485311       -0.43218399924282
33
 energy: -92.069864770278 gnorm: 0.025230352686 xtb: 6.7.1pre (5071a88)
Ti          -2.35488583706644       -2.20812441028136        7.14595315338989
Ti          -0.25273382822822       -2.98743321680062        5.00257700028115
Ti           0.02862482824645       -5.68425864935310        3.93627210857690
Ti          -2.18634301158910       -0.45364028577167        4.32079851869750
Ti           1.86254545145446       -1.32299149011445        3.28407804139306
Ti           0.58010809896819       -0.25690488749013        5.61870549863132
Ti          -3.25492944147837       -4.51468804516602        4.82460952608779
Ti          -2.34349923466548       -3.78847356963893        2.08393814281060
Ti          -0.87608633678744       -5.86486622085708        0.87582197207802
Ti          -3.24192906004993       -0.89709471078781        1.53492653393599
Ti           0.68738923791355       -3.04573315405866        1.13128692028180
Ti          -1.57490172954094       -2.21963079430015       -0.61752336736969
C           -4.09376062926794        0.16787547382034        3.82912216542770
C            2.72919017020746       -3.02680619241458        1.39640594123814
C           -0.43178488539661       -0.46635426686054        1.97632068208793
C           -4.53255716104486        0.22277289749030        2.66859954294733
C            3.31220697412492       -2.24865326945658        2.17079790245177
C           -1.59403960909437        0.02520324634285        2.32953458005699
C            0.73529238435730       -0.91843362461480        1.60281126734169
O           -3.21328218207025       -3.46875278891413        6.26098248116047
O            0.13388837708648       -1.98256694378129        6.37783938358215
O           -0.53243705603496       -4.65057481921758        5.28261043270413
O           -1.62800886078091       -2.13587450521415        4.33675689041163
O            1.17034109972517       -2.76108275786322        4.03294410846658
O           -1.35472805158415        0.14904883640104        5.66624713655993
O            1.69087348675715        0.07201708438071        4.29087990671715
O           -2.65896292900982       -5.02655374952154        3.27448903621381
O           -2.30101606517273       -4.72543435039364        0.60736383041423
O            0.24282387168609       -6.03248547713476        2.22390552501081
O           -3.43427824499399       -2.48241687777939        2.28303413868477
O           -0.70092289340277       -3.31053334942597        2.20390659962332
O           -2.88089455172916       -1.20192747809300       -0.13575811798928
O           -0.02684938153942       -3.09854165312929       -0.42166548190565
33
 energy: -92.071660716608 gnorm: 0.020333381781 xtb: 6.7.1pre (5071a88)
Ti          -2.40921118474484       -2.15349364360652        7.12713148168013
Ti          -0.26698482580376       -2.96351233332645        5.00866173232347
Ti           0.03096819049181       -5.67213670440768        3.90635514543099
Ti          -2.15824208471225       -0.46922902787041        4.31669241301945
Ti           1.88503360008159       -1.32832940350757        3.28774596149953
Ti           0.60400867001976       -0.23545228046083        5.60494430624485
Ti          -3.25333978104394       -4.49974687435748        4.82482456361748
Ti          -2.35192496839579       -3.80312763114412        2.07603692661129
Ti          -0.88211330943246       -5.87530769101716        0.85930502113017
Ti          -3.23914988764378       -0.90709896092413        1.54711715450029
Ti           0.68944271174945       -3.03730513494719        1.14214430937676
Ti          -1.55848068801288       -2.20894371832763       -0.61646358253758
C           -4.09150745956851        0.12971226287107        3.86896216993709
C            2.72318433736609       -3.04126498223516        1.39464507670328
C           -0.43000969877138       -0.45411159653032        1.98664929055811
C           -4.53283492812939        0.17923268497670        2.70972323470241
C            3.31795748317358       -2.26199285710711        2.15955153574648
C           -1.59541014411697        0.03369168563054        2.33573235943937
C            0.73766459835574       -0.90544166910633        1.61042732530670
O           -3.22395289112765       -3.44608591887885        6.25694040068905
O            0.08893072165723       -1.95802470141560        6.38230618361182
O           -0.51780647083858       -4.63891936591860        5.26188910574255
O           -1.62852442512433       -2.13852717673729        4.32112291644523
O            1.14873007001726       -2.74655116297566        4.02758973783519
O           -1.35382651978259        0.14503652134790        5.66984944800182
O            1.73736117686802        0.03705327769098        4.31611734979639
O           -2.65066479342932       -5.03189257357221        3.27950228614429
O           -2.31605360510246       -4.74162836651156        0.60055023610530
O            0.24657888370366       -6.03468548719071        2.20106568119266
O           -3.43966243412304       -2.49290322016915        2.29242297705200
O           -0.71354926349997       -3.31499460338455        2.18149862778471
O           -2.87839817123786       -1.21283396874901       -0.12398550135824
O           -0.01375990884325       -3.09509937813700       -0.41848387433311
33
 energy: -92.072579480430 gnorm: 0.020913313433 xtb: 6.7.1pre (5071a88)
Ti          -2.46791863614930       -2.10402266466921        7.10304825712682
Ti          -0.28625033752187       -2.94164911128504        5.00358700050745
Ti           0.04817027253856       -5.65046648835479        3.88053590800368
Ti          -2.13692329067641       -0.47693635530052        4.31310240105713
Ti           1.89967862638844       -1.34922772999813        3.28541484028186
Ti           0.61218447778421       -0.21533849366562        5.60968604614731
Ti          -3.24447979075233       -4.50489948104434        4.82708432357178
Ti          -2.35938493340671       -3.81129324334272        2.06949877281933
Ti          -0.88097447694621       -5.87354530527597        0.84331164180408
Ti          -3.23910613861605       -0.91573609027387        1.56214166660897
Ti           0.68622699852022       -3.03434244506298        1.15299594562847
Ti          -1.56433816158436       -2.22612906033655       -0.60217688458219
C           -4.09323295113919        0.09716479721404        3.90976047482207
C            2.72205089272169       -3.05896103069509        1.38633848199480
C           -0.42628084006349       -0.45346834577406        1.99747141377705
C           -4.53118527654553        0.14544861030281        2.74956632318685
C            3.32493343291949       -2.28556544408698        2.14937433428052
C           -1.59114820743886        0.03966478664783        2.33654357473666
C            0.74423267280506       -0.90062693130090        1.61549920953077
O           -3.23700406095657       -3.42879130808893        6.25132349356025
O            0.05407084870288       -1.95340103177114        6.38675331153198
O           -0.51037150329807       -4.62655712690078        5.23874815349756
O           -1.63701729523134       -2.13625315923490        4.29848672400723
O            1.12600905400058       -2.75105489899808        4.01434594776755
O           -1.35974535821999        0.16906377297309        5.66493654379739
O            1.81818325765974        0.03586998792540        4.36452879330482
O           -2.64584313622582       -5.03814143600511        3.27776994293627
O           -2.32421406304347       -4.74689183672544        0.59317482432262
O            0.26104210031200       -6.02260305801844        2.17749125980571
O           -3.44962796591649       -2.50400642447085        2.29740274130675
O           -0.72569099530935       -3.30759641675793        2.16571712784401
O           -2.87444632233992       -1.22036470460981       -0.10944649884369
O           -0.00714589297251       -3.09325633301403       -0.41544409614198
33
 energy: -92.073395172575 gnorm: 0.015863052701 xtb: 6.7.1pre (5071a88)
Ti          -2.49557253276200       -2.07553108835755        7.08189109926363
Ti          -0.28484812464653       -2.93100403800431        5.00068924762315
Ti           0.05714785270422       -5.64421863654823        3.87589856918690
Ti          -2.13163062246696       -0.47291982038414        4.32082610456479
Ti           1.92129938913116       -1.34425061081951        3.29737775056865
Ti           0.60879113578685       -0.20292970698175        5.61711328550993
Ti          -3.23524592250883       -4.51723063802184        4.83205269130999
Ti          -2.36808888990229       -3.81826927215578        2.06436862922618
Ti          -0.87740699696619       -5.86723124818088        0.83587894644211
Ti          -3.24148855261092       -0.92374781163699        1.56443931937963
Ti           0.67345747340102       -3.04553283254534        1.14334226448742
Ti          -1.56683655527167       -2.21672038611649       -0.61818780292112
C           -4.09146925868742        0.08587330696976        3.92940433016814
C            2.71724570242042       -3.06918760142623        1.38094677544971
C           -0.41783887614732       -0.45619559952289        2.00244893167743
C           -4.51944770832683        0.14009040071205        2.76540740223978
C            3.31985609930974       -2.30569928269161        2.15423150806132
C           -1.58636019962105        0.03129380888206        2.33820483182893
C            0.75391168777217       -0.91593568069457        1.63581911404007
O           -3.23706637816201       -3.42307473062468        6.25131633992432
O            0.04438912227129       -1.95689934394983        6.39194362421880
O           -0.49604843954255       -4.61869462387729        5.23233656485826
O           -1.63565831855660       -2.12749731249817        4.29779808991459
O            1.13340699185374       -2.74639859065505        4.01587185296680
O           -1.36381990021113        0.19645143702611        5.66698193721339
O            1.81915497809746        0.01221708037928        4.38719888989073
O           -2.64405278170116       -5.04242496707176        3.27705180334258
O           -2.33407774570570       -4.75510663975981        0.59044695029284
O            0.27814882680509       -5.99907341756349        2.16382823780497
O           -3.46055366430038       -2.51438549349979        2.28910823289505
O           -0.73688887944271       -3.30184792058118        2.15013613375773
O           -2.87967548044728       -1.22094925661367       -0.10957131906107
O           -0.01828043156666       -3.09688348318544       -0.42802833612579
33
 energy: -92.074061959537 gnorm: 0.014462026548 xtb: 6.7.1pre (5071a88)
Ti          -2.52863045671738       -2.04090212725511        7.08056257026638
Ti          -0.29847562333508       -2.93986896378540        4.99300415807997
Ti           0.08436221880641       -5.62820759629566        3.86673033170890
Ti          -2.14313315196357       -0.47011536206041        4.32017236006454
Ti           1.92380878894664       -1.36203650743536        3.29392665336924
Ti           0.61113303349756       -0.19502906995522        5.60784221269220
Ti          -3.21797454201350       -4.49744091840197        4.83194537257526
Ti          -2.36708981863407       -3.81962047845701        2.06642528426041
Ti          -0.87497860851493       -5.86221964648165        0.82707107826425
Ti          -3.24467518754915       -0.93255766996915        1.57153181759719
Ti           0.66990956941665       -3.04170108903556        1.15412495731061
Ti          -1.56997273409027       -2.21512467642309       -0.61952934330208
C           -4.09712158541799        0.08668904299668        3.94457547635145
C            2.72107826457081       -3.08096437682802        1.37575912069989
C           -0.41197118242551       -0.44721260765231        2.00453808527709
C           -4.51284726418970        0.14044646898176        2.77573779183341
C            3.32466285193817       -2.33174456181537        2.16181210753208
C           -1.58555160845092        0.03370087047194        2.33476093540004
C            0.76168068964478       -0.91069347799484        1.65091470212696
O           -3.20119092266903       -3.44005864088389        6.26382426678949
O            0.02382462396295       -1.97058718905996        6.38342863989217
O           -0.49997835633147       -4.62721905341689        5.22441866227852
O           -1.64737115247531       -2.12332011562224        4.29390008412139
O            1.12627553410272       -2.76095568902548        4.01055263513121
O           -1.36510768258147        0.22028655012622        5.65036044880970
O            1.81661513654519       -0.03075833055163        4.39744486140455
O           -2.63867084244463       -5.04193253561215        3.27951960679148
O           -2.33375566362610       -4.75199600935766        0.59097572783065
O            0.29583713709507       -5.97231372686102        2.14659040617890
O           -3.46846265379783       -2.52553031487629        2.28592882161746
O           -0.73991515617686       -3.28477929744841        2.15412100001738
O           -2.88643326504160       -1.22728889969175       -0.10415294265770
O           -0.02142739008163       -3.09285800032210       -0.42024589031313
33
 energy: -92.074773307716 gnorm: 0.012616206938 xtb: 6.7.1pre (5071a88)
Ti          -2.52923545088423       -2.03326144695815        7.07783047433611
Ti          -0.30978258404321       -2.94413658976225        4.99779563341555
Ti           0.10324703846886       -5.62002802189115        3.85449007436031
Ti          -2.15264240857305       -0.45719525095464        4.31562389112499
Ti           1.93153933729116       -1.37382653962229        3.30344870892923
Ti           0.61630181114256       -0.17908406059520        5.60343356928944
Ti          -3.20766224853163       -4.50447621350146        4.83809772389918
Ti          -2.37465046509717       -3.82764064536175        2.06674438680371
Ti          -0.87920800187626       -5.86189226827941        0.81471699016070
Ti          -3.24621482307358       -0.94288246868899        1.57546146568301
Ti           0.66288283790069       -3.04634236179358        1.15837404042071
Ti          -1.57367277877386       -2.21551955489861       -0.62456402472962
C           -4.10583124796428        0.08986456234542        3.95279987770899
C            2.71874357503188       -3.08466927929853        1.37498247265197
C           -0.40553074316992       -0.44671190908625        2.01087730556870
C           -4.51237956629493        0.13290835862308        2.78031346908250
C            3.32536082331615       -2.34409346101448        2.16701749466570
C           -1.58377228575226        0.03439900609998        2.32555941125569
C            0.77127717009471       -0.91217016574016        1.67265759742556
O           -3.18344484909517       -3.42710798636112        6.25919451535468
O           -0.00636312514542       -1.97881920666012        6.38526772252269
O           -0.50242297263515       -4.63715785455804        5.21174686795070
O           -1.64914254622410       -2.10858628036842        4.28674498536916
O            1.12449585882977       -2.76399267366721        4.02307959786910
O           -1.37001832560441        0.24394335303744        5.63181059698165
O            1.86440882751573       -0.04396394755466        4.42704232986327
O           -2.64059107479230       -5.04852979035701        3.28198403976862
O           -2.34294781780978       -4.75607221967904        0.58994348362387
O            0.30994057146642       -5.94153611032946        2.12354214792183
O           -3.47918079188519       -2.53745081270015        2.28447876286289
O           -0.75029813429978       -3.27940549548392        2.14984351288394
O           -2.89491953580606       -1.23814350638513       -0.10182512197115
O           -0.02383307372727       -3.09033315855370       -0.41994200305388
33
 energy: -92.075437239132 gnorm: 0.014338247058 xtb: 6.7.1pre (5071a88)
Ti          -2.56497892433677       -1.99208744530955        7.06277648436913
Ti          -0.32018198011516       -2.94843167729116        5.00309049615293
Ti           0.11716449708190       -5.62029893095264        3.83226471374772
Ti          -2.15884526678172       -0.44196224714583        4.31155120453150
Ti           1.94334608982769       -1.38806499562390        3.31336971831424
Ti           0.62267293025033       -0.15795950265080        5.59901398567863
Ti          -3.19270728708965       -4.51864307124774        4.84660800575085
Ti          -2.38342755800031       -3.83240781755166        2.07246339990921
Ti          -0.87825507266484       -5.83854071838523        0.78942015509223
Ti          -3.24834113104679       -0.95309605648414        1.57526316693961
Ti           0.65712512019986       -3.05330223360557        1.16902699854094
Ti          -1.58917312575692       -2.24275615054036       -0.61377267274835
C           -4.11279938357349        0.10046707323189        3.95841016233811
C            2.71394623838747       -3.09645308737519        1.37463140958155
C           -0.40540935172161       -0.44592334134814        2.01921139548232
C           -4.51007112016023        0.12455798536270        2.78255997160057
C            3.32540992720800       -2.36317607795241        2.16955437393914
C           -1.58780900878761        0.03710629256474        2.31161144559310
C            0.77724855637798       -0.90923264731209        1.69762217371931
O           -3.14400004680334       -3.43173197647280        6.25971511421136
O           -0.04199416431708       -2.00199820711854        6.39365602823325
O           -0.48631537982510       -4.65224989159768        5.19173772070978
O           -1.65270648178740       -2.09265325995328        4.28456412647768
O            1.12395129467861       -2.76785593537047        4.03289032860617
O           -1.37699755842046        0.27255056507720        5.61166664649343
O            1.92794562698191       -0.07059054468438        4.47213456485292
O           -2.64170267420339       -5.05597655754915        3.28531938940795
O           -2.35862880267645       -4.74959170376451        0.58974215320779
O            0.32959237119377       -5.89045653082677        2.08165511914812
O           -3.49142608694202       -2.54610591096779        2.28773490801634
O           -0.76170232465368       -3.27208877400760        2.14938986204371
O           -2.90437810936183       -1.25705334969956       -0.10204278096882
O           -0.02209881316282       -3.08790727344655       -0.41426776897266
33
 energy: -92.076021928296 gnorm: 0.016794962428 xtb: 6.7.1pre (5071a88)
Ti          -2.57551763137149       -1.98218850817836        7.06013219767668
Ti          -0.33375761799970       -2.95296237708122        5.00868115050329
Ti           0.14162603066291       -5.61396239874218        3.80430348897029
Ti          -2.16384977173929       -0.42587527569563        4.30475490827406
Ti           1.94709909113954       -1.40577309570569        3.32087457264048
Ti           0.62380335133637       -0.13434494828328        5.59616437572057
Ti          -3.17475312571266       -4.53833687013831        4.86308853881092
Ti          -2.38497567595733       -3.83237927143387        2.08919088314610
Ti          -0.88747164194871       -5.83030170673214        0.77308257299282
Ti          -3.25138727663414       -0.96192829696825        1.56634629060168
Ti           0.65601314404688       -3.05836551335296        1.18576585566307
Ti          -1.57634294358677       -2.23149067750729       -0.62157763060514
C           -4.11813556058649        0.11908725821095        3.94852280336940
C            2.70937391293854       -3.10915747063119        1.37377991022481
C           -0.41032268774529       -0.43982585779390        2.01764233385823
C           -4.50976555273272        0.12202011634512        2.77089335042324
C            3.32395423535168       -2.37976616171669        2.16946943970497
C           -1.59752698289520        0.03833659126358        2.29318649053807
C            0.77849072863472       -0.90138644189596        1.71426951574990
O           -3.11578601864026       -3.42756626031404        6.26463041865418
O           -0.07074665854454       -2.02946681877513        6.40527366660210
O           -0.46911500632236       -4.66918966695856        5.16899302462756
O           -1.66452567200292       -2.08006178530586        4.28717469562015
O            1.11708970586895       -2.77637649633597        4.03883678471087
O           -1.38172848550882        0.29884786942244        5.59358535047194
O            1.96314342000582       -0.10225496970247        4.50909808791238
O           -2.63421787764320       -5.05984927557108        3.29749254840213
O           -2.36979209924538       -4.74155862036741        0.60118805093436
O            0.33699444278492       -5.86013751300733        2.04550169057205
O           -3.49661368178119       -2.54908754480672        2.29541195793607
O           -0.76661281804530       -3.26038463745717        2.16290465208890
O           -2.91894132592843       -1.27845850247675       -0.11141296877159
O           -0.02124895019928       -3.08976887230563       -0.39867700802476
33
 energy: -92.076847919679 gnorm: 0.018445373953 xtb: 6.7.1pre (5071a88)
Ti          -2.58745085598482       -1.96771899895505        7.05848618305286
Ti          -0.34539156236693       -2.95808101612142        5.02063471326327
Ti           0.15287215427618       -5.61081996772137        3.77296664197351
Ti          -2.17189036996385       -0.41510512966216        4.29411117944709
Ti           1.95073217806119       -1.41913211561683        3.33677178185745
Ti           0.61817863103913       -0.10055062692809        5.59080057405580
Ti          -3.14499015576214       -4.54578658131411        4.87865986825313
Ti          -2.38596824141643       -3.82845514265484        2.10181196992961
Ti          -0.90849246546293       -5.82223999740831        0.75859056473353
Ti          -3.25101809385605       -0.96272258020181        1.55553889133205
Ti           0.65955426325335       -3.06608088031993        1.19201145219099
Ti          -1.57827656691928       -2.24565107183795       -0.61234720637747
C           -4.12614556580805        0.14110621691300        3.92725800129820
C            2.70647768716764       -3.11364915537604        1.37141184248280
C           -0.40889141757652       -0.44028139205184        2.01736590107438
C           -4.51502449029767        0.12622929314235        2.74966572128139
C            3.32091727660306       -2.39009174288294        2.17334609227144
C           -1.60126964235800        0.03421206809333        2.27615300659095
C            0.78559858193034       -0.89770294269490        1.73083460414610
O           -3.05942839883746       -3.45130144767474        6.28354902784017
O           -0.09800548126165       -2.05856498477549        6.42497983221145
O           -0.44617817960495       -4.68788927373858        5.14886836697780
O           -1.67838523661562       -2.07414773681875        4.29729063108839
O            1.11164894613522       -2.78071977223748        4.05170517605366
O           -1.38933006688621        0.31724584091392        5.57703754474239
O            1.97693473680339       -0.13664971435015        4.54085314105096
O           -2.62216615162277       -5.05877658288563        3.30710264607722
O           -2.38739871009390       -4.73139154503007        0.60916121193430
O            0.33520021294162       -5.82722493450209        2.00646532663351
O           -3.49769874110064       -2.54385149299920        2.30352939583564
O           -0.77038447248297       -3.25130842669537        2.16742696420636
O           -2.92556730917152       -1.29167055842043       -0.12151500615839
O           -0.01430949276187       -3.08514160718600       -0.39195404135083
33
 energy: -92.077880061983 gnorm: 0.022957389901 xtb: 6.7.1pre (5071a88)
Ti          -2.63185890185350       -1.92067621518599        7.04828971985345
Ti          -0.35075461280546       -2.97057215202444        5.03636212893375
Ti           0.17192000727670       -5.60768880921852        3.72836532720516
Ti          -2.18025830093936       -0.42020683306647        4.27670984825709
Ti           1.95382286996965       -1.43415011637754        3.35468233355320
Ti           0.60491960573465       -0.04494345683581        5.57508878080749
Ti          -3.10275924388345       -4.56675066251339        4.91000565396416
Ti          -2.39235824073390       -3.82054452189628        2.12233998660498
Ti          -0.93805062974442       -5.80805392910604        0.74614428136179
Ti          -3.25253117184048       -0.96006710701526        1.53997971805679
Ti           0.66093052022460       -3.07751378015477        1.19940071881627
Ti          -1.56220464012090       -2.23243909175342       -0.61401001439726
C           -4.13303318884283        0.16355948799204        3.89266880229082
C            2.69920086325959       -3.11942179781811        1.37366847882842
C           -0.40547648386734       -0.44226348333754        2.01842884932447
C           -4.52226016598661        0.14178309689897        2.71716125007210
C            3.31640463381004       -2.40537486823520        2.18354985375235
C           -1.60502674520767        0.02418707243930        2.26194345209934
C            0.79315346819283       -0.89482746229623        1.74801989286196
O           -2.98504843751749       -3.49158940770527        6.32045488035127
O           -0.12033273050097       -2.10442416920942        6.45440570604559
O           -0.39963197873388       -4.71594163011105        5.12576583907516
O           -1.69013309789573       -2.08436180576311        4.31457263548827
O            1.10453546245570       -2.78523332798523        4.05745480626031
O           -1.39852665086992        0.32526023590456        5.55787069575786
O            1.98891160061501       -0.17584634678846        4.57484716392722
O           -2.61332310850241       -5.05825982124740        3.32049036467671
O           -2.41635684874915       -4.72008143937365        0.62545113007352
O            0.33827792640603       -5.78301175561518        1.95364486496989
O           -3.50166499808764       -2.53074522429707        2.31779045630506
O           -0.78211862681590       -3.23805983448570        2.17470745354117
O           -2.93339073310789       -1.30104382205195       -0.13682918608794
O           -0.01052442133899       -3.08461102176533       -0.38085387263079
33
 energy: -92.078871789007 gnorm: 0.034511618602 xtb: 6.7.1pre (5071a88)
Ti          -2.60100001126129       -1.97630362536186        7.06231956735474
Ti          -0.34530086286673       -2.98021193280680        5.04942543586694
Ti           0.19107358050593       -5.59740336380489        3.69236274813852
Ti          -2.18719030418438       -0.43767522736715        4.25584464565591
Ti           1.95112470884446       -1.43858218252982        3.36686552473329
Ti           0.56821070792263        0.02299940196030        5.54667574578703
Ti          -3.08168509960864       -4.57491526603219        4.93858958375643
Ti          -2.39896571776527       -3.80294225053809        2.14273971138607
Ti          -0.96281218765965       -5.78564866423822        0.75185823377090
Ti          -3.25311390695080       -0.94638529688883        1.51491319318641
Ti           0.66754569921540       -3.09105746298126        1.20740647095847
Ti          -1.55598656115773       -2.25090784074328       -0.59722588120430
C           -4.13421079231849        0.18204295173124        3.83906284768049
C            2.69779547303670       -3.12345063802722        1.38765779085578
C           -0.40007198998906       -0.44453202309114        2.01554974754890
C           -4.53070868125318        0.17449745423005        2.66715412644585
C            3.31466452642893       -2.41477355181809        2.20251952724436
C           -1.60506434777206        0.01055252983803        2.25891125042295
C            0.79711820806238       -0.89522883912466        1.75019399955457
O           -2.96418472764082       -3.50410567479581        6.35372204553410
O           -0.11904252588985       -2.14709212896098        6.48553357632885
O           -0.35049015003866       -4.73410309152062        5.11311268924851
O           -1.69680972799713       -2.10639986723518        4.33590659957911
O            1.09657613225996       -2.78321154086889        4.05084049561856
O           -1.40570213522652        0.32231729114473        5.54557564861839
O            1.94449519916864       -0.20474171517831        4.57526852701772
O           -2.61476020365894       -5.04654944835272        3.33355883875812
O           -2.43998943494396       -4.70599452531216        0.64467805106676
O            0.34198463289131       -5.74827210168553        1.91878301380783
O           -3.50211864374351       -2.50256139085755        2.32796051240757
O           -0.79377686028842       -3.22567640159801        2.18590756663220
O           -2.92315309243612       -1.29815968631069       -0.15791503189566
O            0.00000209631398       -3.08943789087345       -0.36718480186572
33
 energy: -92.080594082198 gnorm: 0.026426906405 xtb: 6.7.1pre (5071a88)
Ti          -2.61304752441802       -1.97178182169839        7.06537848401746
Ti          -0.34361962758651       -2.98118106853755        5.05678619459018
Ti           0.20080898020932       -5.58543961963117        3.67782864502698
Ti          -2.18754920289210       -0.44060176700073        4.25638564179146
Ti           1.95242185867336       -1.44595553638243        3.36916830222539
Ti           0.54449018798310        0.05573292979029        5.52997407147054
Ti          -3.05998773614284       -4.58188068427925        4.95319947928964
Ti          -2.40889262103665       -3.80060598655399        2.13977082462242
Ti          -0.97992477217290       -5.79562453866644        0.75472585402363
Ti          -3.25830861830298       -0.94567136029491        1.50593960597144
Ti           0.66551320277836       -3.09210139353156        1.20490285763121
Ti          -1.55241430123008       -2.24869560602794       -0.60620300138918
C           -4.13041562518246        0.17749134527398        3.82839891139672
C            2.70087427295514       -3.12425196954734        1.39624642596068
C           -0.39532094626538       -0.44513178115913        2.02326279113370
C           -4.52775997703836        0.18915730696091        2.65370964020711
C            3.32158289561891       -2.42261166108707        2.21363407698406
C           -1.60409657299893        0.00339189954660        2.27105012598825
C            0.79968938335519       -0.89755399436287        1.75459028510319
O           -2.93386121857298       -3.53997754467707        6.38211911072612
O           -0.12232922312482       -2.16482912394410        6.50218931463354
O           -0.35896678308133       -4.73650670460532        5.10128634155175
O           -1.69018789864231       -2.10443528750992        4.34726110080144
O            1.08629890379410       -2.78329869774135        4.04395526742972
O           -1.39977446852461        0.33392405105340        5.54348937153298
O            1.94840888890922       -0.20732194824248        4.58076662217010
O           -2.61248487704514       -5.04374604976275        3.33517524441523
O           -2.45008615568261       -4.71261036810708        0.64556381586470
O            0.34898826198138       -5.73450751316998        1.90550191093313
O           -3.51086487747256       -2.49692422568570        2.32477247284144
O           -0.80850808149169       -3.21652566390984        2.17368326289014
O           -2.91775278571464       -1.29350355839511       -0.16550486481883
O            0.00153005836098       -3.09033605811280       -0.37043618701674
33
 energy: -92.083212425467 gnorm: 0.024775115802 xtb: 6.7.1pre (5071a88)
Ti          -2.61016868192218       -1.98410020252221        7.06724791764497
Ti          -0.32433916171142       -2.99124506515335        5.05276689704992
Ti           0.19179194815622       -5.58395930930284        3.67983109204281
Ti          -2.19362712619797       -0.46198390176318        4.25041605820395
Ti           1.94520472079650       -1.44253317618679        3.35697011674284
Ti           0.47972320947624        0.09881785739722        5.47559365440456
Ti          -3.05207402935094       -4.61139841175935        4.97114803033526
Ti          -2.42518836619242       -3.79440929215910        2.14263247367491
Ti          -0.98625526019592       -5.79054077471643        0.76177649828371
Ti          -3.25492530088245       -0.93728254732494        1.52040778238841
Ti           0.66021014632005       -3.09728032335541        1.20716073520248
Ti          -1.54336988781969       -2.23663687022228       -0.62080138781229
C           -4.12188534672152        0.14941848984829        3.81877240951278
C            2.71389380058799       -3.10978608420865        1.42184678437656
C           -0.37270084829889       -0.45303954946972        2.03525576366624
C           -4.53111815257729        0.21635941077546        2.64295456672653
C            3.34419913887553       -2.41669380415293        2.23753424872318
C           -1.57687795217424        0.00475841658493        2.30667799142355
C            0.80921102963697       -0.91163468879172        1.73254885349395
O           -2.94435098533658       -3.56385553521160        6.41090015339180
O           -0.10137931589701       -2.19455396258762        6.51006325751923
O           -0.39922968699544       -4.73257622176326        5.09387886457262
O           -1.66118785492771       -2.11149830156960        4.35114441561796
O            1.07522408529235       -2.77753168886388        4.01737516648202
O           -1.37239748180802        0.32605449096643        5.53499612492444
O            1.91862467038102       -0.17698510864134        4.54323623384932
O           -2.62049438386232       -5.04562972163272        3.33608992738465
O           -2.45913070977988       -4.71630719852667        0.64824892572421
O            0.36609988419844       -5.71809212852528        1.90390938727365
O           -3.51509060069109       -2.47740427266196        2.34269251367077
O           -0.82921763279032       -3.21577969369861        2.16436679019429
O           -2.90185237474286       -1.28062991686330       -0.14906670625338
O           -0.00286849284596       -3.10595491393668       -0.37000354043626
33
 energy: -92.084143081925 gnorm: 0.022909277257 xtb: 6.7.1pre (5071a88)
Ti          -2.59054734929265       -2.00564414248033        7.07949042938445
Ti          -0.31031506746570       -2.99775433449558        5.06618966445180
Ti           0.21409779361347       -5.58554060211338        3.66805872532488
Ti          -2.20365055776686       -0.47637834704500        4.26550726331225
Ti           1.93842409012593       -1.43549085272655        3.35048892738488
Ti           0.45061156473475        0.13768092018285        5.43504163856258
Ti          -3.07030087202779       -4.59020905542804        4.96530235725784
Ti          -2.43898906217448       -3.79170973422866        2.14134089086291
Ti          -0.99578501087509       -5.78989722960545        0.75220492116330
Ti          -3.25771192907548       -0.93847176674396        1.50893734465335
Ti           0.66067120433379       -3.09992956355464        1.22187426625042
Ti          -1.53313699941797       -2.24932848975435       -0.62761104929746
C           -4.11619618357594        0.14544926410734        3.80240251373548
C            2.71722166835620       -3.10726252322766        1.45004040241101
C           -0.38194175836592       -0.45282127424502        2.03966728549738
C           -4.52590185507818        0.22943160498824        2.62845742036120
C            3.35737436322641       -2.41816729338965        2.26223380772380
C           -1.58470877555919        0.00078738172474        2.32470718807393
C            0.79748235535197       -0.91146154761204        1.72325953482407
O           -2.94067392422297       -3.56648841919108        6.41930324546409
O           -0.08829466265312       -2.21988383920642        6.52532138724437
O           -0.38602476944390       -4.74307198819264        5.08537536625101
O           -1.65192499273365       -2.11715501750860        4.37684608271717
O            1.07090014916247       -2.76735909297840        4.01178750416955
O           -1.35269156227881        0.32109700979655        5.53640509800746
O            1.92222202466529       -0.15699263131326        4.53179980786123
O           -2.64316634324604       -5.03972142861822        3.33595718755621
O           -2.47067402536421       -4.71959956349299        0.64788645883448
O            0.36968033487080       -5.70918539344592        1.88733849729770
O           -3.52355870205978       -2.46862638127757        2.34187655458386
O           -0.84562408603869       -3.21183660410481        2.15904382091590
O           -2.89137434424658       -1.29084144338214       -0.15438024678576
O            0.00896028452121       -3.11753162143651       -0.36358229605569
33
 energy: -92.085401000909 gnorm: 0.016439977882 xtb: 6.7.1pre (5071a88)
Ti          -2.51826356653296       -2.03392351805164        7.11608702131215
Ti          -0.31640161609486       -2.99506057347508        5.05057714778127
Ti           0.20069121746054       -5.58375864990082        3.66007464252998
Ti          -2.21654707028339       -0.48483936159995        4.24172729775995
Ti           1.94713049933021       -1.42551602020313        3.36128839460301
Ti           0.44241967060192        0.15809467773350        5.40047727718226
Ti          -3.07461983715399       -4.59828665378804        4.96488807683060
Ti          -2.43208264203781       -3.78782142880001        2.15067044115896
Ti          -0.99458607269370       -5.76232524632151        0.73259404650333
Ti          -3.24401355799159       -0.93520668234347        1.52754490514567
Ti           0.66800874623695       -3.11012992692669        1.23869606235542
Ti          -1.53563049606488       -2.27476994746439       -0.60246154385860
C           -4.13192674614495        0.14945633980177        3.80602350808385
C            2.71847625262344       -3.10298195487380        1.45779675921560
C           -0.37781488842591       -0.46925566849218        2.03509051016741
C           -4.53588667034414        0.21993262455595        2.63397038187033
C            3.36020156533423       -2.40146901695953        2.25909379723918
C           -1.57189967012900        0.01036191408719        2.30692160182867
C            0.80693082443538       -0.91789610181167        1.72181289085436
O           -3.02146097310545       -3.54668653780757        6.40914502837679
O           -0.09391357074856       -2.22075315471662        6.50983947152021
O           -0.39033737093391       -4.74107988069861        5.07905978963476
O           -1.66344672712661       -2.12324633856950        4.34724123619975
O            1.07716046302118       -2.76475733895332        4.01240563104421
O           -1.36158110488051        0.29591661193066        5.51911061806321
O            1.92757750462588       -0.14955687688452        4.53924415453685
O           -2.64008026815438       -5.04031409601917        3.33783472181770
O           -2.47555920115088       -4.69898893819038        0.64822025686530
O            0.36271878777273       -5.70517760033391        1.87923785143792
O           -3.51081545734734       -2.46292665542315        2.36402510388735
O           -0.83441126982126       -3.21614692704529        2.17353561565482
O           -2.88401962890800       -1.29996425067388       -0.13291946953150
O            0.01843587463083       -3.12483682178043       -0.35028122807112
33
 energy: -92.086306700018 gnorm: 0.016586341928 xtb: 6.7.1pre (5071a88)
Ti          -2.44004930958098       -2.07072437171666        7.17767166734459
Ti          -0.29946280079170       -2.98921384102242        5.05435531764437
Ti           0.19289441800550       -5.58985945265748        3.66102225355052
Ti          -2.22977078843813       -0.49204005809642        4.26577137143345
Ti           1.95696892886854       -1.40313711773704        3.36849739039159
Ti           0.44482921472494        0.18201788305958        5.36283788084618
Ti          -3.12690338464661       -4.57142123571550        4.94176860343663
Ti          -2.42922376289574       -3.79333012567027        2.14284147131899
Ti          -1.00401471500787       -5.78103428864679        0.71969390201346
Ti          -3.24924375283809       -0.94578195780805        1.50692135067772
Ti           0.67226830649764       -3.10877862553818        1.24828348033705
Ti          -1.50840255110792       -2.25882346574510       -0.61743704457364
C           -4.13607069515274        0.15687302288429        3.80432484158205
C            2.71550336918631       -3.10059194611568        1.47059682476095
C           -0.39528196607280       -0.46489394028872        2.03396352567620
C           -4.52547279365029        0.21341957360943        2.62941574922176
C            3.36014357398075       -2.38259309509096        2.25631704647043
C           -1.59526480974296       -0.00484156813313        2.30743791340787
C            0.79312672149983       -0.91539876236176        1.73004179959404
O           -3.09518665654616       -3.52392253709795        6.39446292565468
O           -0.06298144860044       -2.23148115254578        6.51777437067735
O           -0.37702225692320       -4.73698764388423        5.08244890366267
O           -1.67009916241888       -2.12481043852299        4.37042590930351
O            1.09513506630394       -2.75428152262126        4.01935630887907
O           -1.35300132267639        0.28796067238175        5.52499606803508
O            1.93822994511262       -0.12900766778391        4.54041359256406
O           -2.63932521508329       -5.03520809799001        3.33813171433785
O           -2.47785011094318       -4.70636976201234        0.64275008002778
O            0.34509267462945       -5.72665875515471        1.87827240791852
O           -3.51103471776880       -2.47090068360906        2.35032381113148
O           -0.83016969866713       -3.21721141937257        2.16906954650605
O           -2.88254430534967       -1.31986579580340       -0.14668019593179
O            0.02863700609280       -3.13501582319192       -0.34749878790074
33
 energy: -92.085409606193 gnorm: 0.017250585775 xtb: 6.7.1pre (5071a88)
Ti          -2.38896426707803       -2.04682847502172        7.11654058035397
Ti          -0.29683600453753       -2.98946924808168        5.05659263588750
Ti           0.17955810094564       -5.59105210797030        3.66581166219554
Ti          -2.24969952636044       -0.50001652498505        4.29393329035137
Ti           1.95504695480393       -1.40299815416963        3.36356615410944
Ti           0.43913411385301        0.16631962259200        5.34606385573018
Ti          -3.12539818184092       -4.56368750553214        4.92648547415225
Ti          -2.42568635025415       -3.79494425667625        2.14050722604788
Ti          -1.01064913644040       -5.78419834426522        0.71498447830265
Ti          -3.25340320700043       -0.95195111841167        1.50472904796148
Ti           0.67688696399859       -3.09875725356145        1.26351874199459
Ti          -1.50399247131529       -2.26971229385662       -0.61251929942230
C           -4.14348570940785        0.16723406468081        3.81109484841155
C            2.72055202552909       -3.10241087812616        1.47788760656964
C           -0.40468879080878       -0.45652152933214        2.04132269578678
C           -4.52366479560419        0.20976091213793        2.63061183718884
C            3.36449711581394       -2.37883238837781        2.25786520376948
C           -1.60950460579931       -0.01481002103327        2.32437230052307
C            0.78446694598389       -0.90398613948784        1.73504016637890
O           -3.08125796605311       -3.50020786908489        6.36383277116044
O           -0.04537763913457       -2.24372712942595        6.52396389332147
O           -0.39155291676911       -4.73628646846441        5.08569137213256
O           -1.68591938224255       -2.12920389829939        4.39837843188482
O            1.09333739663720       -2.75789041182917        4.01553984490908
O           -1.34858872050919        0.28989766428684        5.52915452681641
O            1.93365941706204       -0.12896775043982        4.53382570801094
O           -2.63293609972794       -5.04078875450541        3.33006471830476
O           -2.47716666285544       -4.69968646385973        0.63677713930281
O            0.33190311442749       -5.73739825841567        1.88302783095473
O           -3.51240199920606       -2.47723762230002        2.34930881992136
O           -0.82568523651878       -3.21555199813274        2.17377710607258
O           -2.87801160177735       -1.32794929916926       -0.14502693208940
O            0.04028212218595       -3.13205410088139       -0.33815173699566
33
 energy: -92.086111098809 gnorm: 0.009920525254 xtb: 6.7.1pre (5071a88)
Ti          -2.40269249737076       -2.06502934964138        7.12741755001740
Ti          -0.29884237170911       -2.98444072310130        5.04325502769018
Ti           0.17475358401087       -5.58974816921080        3.67001677926539
Ti          -2.25551008159898       -0.49639977634834        4.28481261168633
Ti           1.96535717605956       -1.40221269101266        3.36726637651044
Ti           0.43601338433272        0.17603473059810        5.34342787037925
Ti          -3.12865777688954       -4.55950455262557        4.92867745165394
Ti          -2.42912222076984       -3.79592134125395        2.14182377555193
Ti          -1.01244766495067       -5.78073263342104        0.71874860101509
Ti          -3.25078868511043       -0.94915280464297        1.51072335692644
Ti           0.67297970818181       -3.10395208653220        1.26325220471820
Ti          -1.50703670911028       -2.27270714655379       -0.61173831221734
C           -4.14928405075621        0.16927870288465        3.81417852336694
C            2.72247856080863       -3.09972547061595        1.47794262311386
C           -0.39439590416543       -0.46135330983435        2.04486851265380
C           -4.52953782003649        0.20709535548773        2.63119814153418
C            3.36904065954406       -2.37561575118284        2.25442585907305
C           -1.59840397197288       -0.01265133146060        2.32231928465490
C            0.79488350460237       -0.90910237911050        1.74179857044778
O           -3.03086982111562       -3.52496040808805        6.37810401197700
O           -0.07581290049157       -2.23871068771176        6.51657258891710
O           -0.41348317817257       -4.72898963344465        5.07971966544702
O           -1.67539128974936       -2.12102770951577        4.36822452079849
O            1.10334220650290       -2.75798423123672        4.01922773299144
O           -1.34923136651210        0.28917013109738        5.52128642866926
O            1.93199127742763       -0.12390260115263        4.53559977462188
O           -2.63685792092023       -5.04153641517828        3.33207232248975
O           -2.48017118607095       -4.69770031177851        0.63748041645269
O            0.32907104795506       -5.74047438614057        1.88862567016541
O           -3.51378698057443       -2.47666966865479        2.35153004533290
O           -0.82727168474836       -3.21895576053733        2.17525261501342
O           -2.87498941601622       -1.32414962337712       -0.13945657908163
O            0.03912738938576       -3.13218196670268       -0.34008202183667
33
 energy: -92.086494966143 gnorm: 0.012989296451 xtb: 6.7.1pre (5071a88)
Ti          -2.36124463039956       -2.09744917258853        7.12696507397298
Ti          -0.29335759393627       -2.97687848244430        5.03770895647596
Ti           0.16347509781369       -5.59498664475545        3.67818143092060
Ti          -2.26004124292773       -0.49308464054756        4.28374872969993
Ti           1.97216507733131       -1.39967410967572        3.36794325661205
Ti           0.43550158881586        0.19884379170911        5.33359990746504
Ti          -3.11813806086779       -4.58465043845464        4.93858663063388
Ti          -2.43326304154453       -3.79666144593718        2.14066216721710
Ti          -1.01387414734991       -5.77951909624153        0.72155605650629
Ti          -3.25087586110128       -0.94792699175197        1.51177449132538
Ti           0.67038781026799       -3.10826949887921        1.26421831390575
Ti          -1.49881387189152       -2.26210210655558       -0.61643776277348
C           -4.15366251298435        0.17017927487635        3.81731938196947
C            2.72346908873479       -3.09892050094895        1.48028313045718
C           -0.39499893501849       -0.46660216532574        2.04964361994458
C           -4.52958203623927        0.20661525971653        2.63334199403171
C            3.37274582613459       -2.36985664192222        2.25011145193580
C           -1.59701765726103       -0.00944939455717        2.32099673258411
C            0.79558478879225       -0.91210463668724        1.74886894697398
O           -3.07254653353597       -3.52780952059624        6.37466423804212
O           -0.08445859141358       -2.23109883455271        6.51471841190693
O           -0.42331359753173       -4.71959744964573        5.08139419986655
O           -1.66297041949894       -2.11171725551404        4.35262036851153
O            1.11496694146260       -2.75937236979108        4.02383643103653
O           -1.34520591434301        0.29340791389776        5.51523052773264
O            1.93222899641393       -0.11956927430565        4.53677732521450
O           -2.64446481287110       -5.04471340689566        3.32896650151792
O           -2.48295299143279       -4.69667688385503        0.63669485966552
O            0.32270462236758       -5.74497994373236        1.89802967499216
O           -3.51683168258751       -2.47690178031639        2.35151973958891
O           -0.82796530868275       -3.22352103687916        2.17386098765141
O           -2.87231360371670       -1.32371169833655       -0.13738758264014
O            0.03911620900056       -3.13515481850543       -0.34142619294507
33
 energy: -92.087128918632 gnorm: 0.017793457914 xtb: 6.7.1pre (5071a88)
Ti          -2.26685146274620       -2.15067977497157        7.11446794837331
Ti          -0.28198843566286       -2.96604183903152        5.02925984254633
Ti           0.15617077269538       -5.60171424949379        3.69232469967386
Ti          -2.27853617932116       -0.50236067927360        4.29044610952455
Ti           1.97852240693581       -1.39537370291290        3.36355614839612
Ti           0.42855062905889        0.22807959994329        5.30765172769743
Ti          -3.14569862415471       -4.58104341328753        4.93082374259486
Ti          -2.43792483084525       -3.79666366853541        2.13557332516419
Ti          -1.01659101265613       -5.78494966238965        0.72656833613868
Ti          -3.25104770706966       -0.94493737938741        1.51338965255661
Ti           0.67072043551451       -3.10936043612370        1.27581494599388
Ti          -1.49236320859011       -2.26766796625147       -0.61204617188214
C           -4.16466192214835        0.17362206964951        3.82316678858432
C            2.72784140477049       -3.09743628190092        1.48731130805439
C           -0.40161828576913       -0.46630574053267        2.05893234951334
C           -4.52965413691843        0.20591456552677        2.63704476624029
C            3.38096606683994       -2.35757148463849        2.24402528835341
C           -1.60157010357875       -0.00317131342444        2.32669277746026
C            0.78997819730698       -0.91030961542445        1.75949459332734
O           -3.10422590727114       -3.52903438812392        6.36327268519819
O           -0.10575816994476       -2.22146155879000        6.51567267562372
O           -0.42651461440969       -4.70506351880225        5.08818242271525
O           -1.65109077974535       -2.11008972052848        4.33525255072743
O            1.13371782824384       -2.76415181787192        4.03068220993261
O           -1.34074423738536        0.29394717704114        5.50210358791865
O            1.92875884595021       -0.11483251195000        4.53508919755111
O           -2.66333750460851       -5.04426979122200        3.32188433510296
O           -2.48139298901758       -4.69334423355267        0.63207637409575
O            0.31187650885070       -5.76039472460361        1.91416119676696
O           -3.52203850293610       -2.47823537283095        2.34764908063264
O           -0.82545769395463       -3.23079302837865        2.17599756443429
O           -2.86109367497305       -1.32149593865757       -0.13198538526211
O            0.04750988753957       -3.13672359926851       -0.33596467374859
33
 energy: -92.088429971694 gnorm: 0.021705721386 xtb: 6.7.1pre (5071a88)
Ti          -2.15460651249072       -2.23518303309454        7.11926480976971
Ti          -0.26876364370935       -2.94971781272583        5.01538451061711
Ti           0.13591102565604       -5.60941160748287        3.71191361992075
Ti          -2.30706616287631       -0.51801124902865        4.30277591544048
Ti           1.98070685314916       -1.39523706151662        3.35185161975995
Ti           0.41173282673903        0.24507590968248        5.27321090774255
Ti          -3.15810739468491       -4.55247502953140        4.92187732030345
Ti          -2.43718262965795       -3.79317622151115        2.12619437407648
Ti          -1.01805383708928       -5.79505911340131        0.73394610036439
Ti          -3.25218103343548       -0.93933726684928        1.51414735731049
Ti           0.67714697068722       -3.11108330483026        1.28157999504426
Ti          -1.47990568743918       -2.26830688518787       -0.60902367171859
C           -4.17941027717940        0.18303548710669        3.82808017801496
C            2.73668126860393       -3.09443620509561        1.49136403327053
C           -0.41365447175741       -0.46064018468054        2.06945208146749
C           -4.53180475270540        0.20542950156696        2.63951483422350
C            3.39244616963583       -2.34167340571649        2.23311155332692
C           -1.61087462288525        0.00841076863855        2.33593311374539
C            0.77653400116417       -0.91063028155613        1.77138580744684
O           -3.12216013493374       -3.52785297678352        6.35940416563571
O           -0.16010259564115       -2.20895586274797        6.52499484867311
O           -0.43815017584118       -4.68010157199117        5.09855542205607
O           -1.63983125588784       -2.11178007207643        4.31777591147881
O            1.15575225139534       -2.77778186875715        4.03946848568712
O           -1.33520660633442        0.30583753152281        5.47525280416606
O            1.91938460498938       -0.11976227035501        4.53323124595210
O           -2.67071015708106       -5.03503320288342        3.31513127604801
O           -2.47695980307576       -4.69037206129314        0.62637369820578
O            0.29603527724900       -5.78472446848548        1.93964719178867
O           -3.52267866628873       -2.47799713764907        2.34539356894111
O           -0.81220114633556       -3.24302634333909        2.17198041664728
O           -2.84632552512815       -1.31858031602265       -0.12576008763167
O            0.05805884318863       -3.14135638392422       -0.33484140777474
33
 energy: -92.087380460166 gnorm: 0.052385915663 xtb: 6.7.1pre (5071a88)
Ti          -1.93410779504642       -2.42499008928032        7.09730322022994
Ti          -0.23098753749384       -2.91273362160695        4.99024453793426
Ti           0.11062898040055       -5.61303624958648        3.74180918133991
Ti          -2.35383302647931       -0.55044744673962        4.33728113471386
Ti           1.98729257889463       -1.39043267025103        3.33457207968911
Ti           0.38124631888805        0.29292517692645        5.21441561585343
Ti          -3.19794992002386       -4.48397908297579        4.90603249082550
Ti          -2.43637099886067       -3.78447029839335        2.10919569691630
Ti          -1.02039706498260       -5.81950498923959        0.75117196506447
Ti          -3.25635878268024       -0.92534677124676        1.51325580576141
Ti           0.68440180840704       -3.12064058424169        1.27542250877716
Ti          -1.46912897864143       -2.27435769754877       -0.60728657956428
C           -4.20026605956861        0.19894560505712        3.83783845555326
C            2.74485662004924       -3.08033350487141        1.49018809243907
C           -0.43241250336057       -0.45923311888695        2.08897399204287
C           -4.53630009822028        0.20301894874233        2.64637288468130
C            3.40842853227487       -2.30777328741583        2.20481061984948
C           -1.62402970054888        0.02147436418064        2.35450457992966
C            0.75496203996362       -0.92297297034662        1.79403341358057
O           -3.18360647888007       -3.51724083571801        6.34918859372389
O           -0.30366053299610       -2.19242291393661        6.57132722217682
O           -0.44317812852776       -4.62109604346618        5.11647647823884
O           -1.60343208286780       -2.11573013703960        4.29149125752187
O            1.20954528669503       -2.80533377057443        4.06760965356062
O           -1.32060776383937        0.34166840550449        5.42362773665332
O            1.90762287699698       -0.13637801734435        4.54631648773528
O           -2.68047439791603       -5.01115897029838        3.30704580431158
O           -2.46783971039196       -4.68715136152669        0.61851480033255
O            0.27039458619098       -5.83551233094125        1.98496829876580
O           -3.52095402050857       -2.47292080881645        2.34489797876318
O           -0.78258386832271       -3.27376889134922        2.15990382835349
O           -2.82462995812812       -1.31075238447055       -0.11696806249598
O            0.06818277952386       -3.15222765229768       -0.34596777325814
33
 energy: -92.090151814816 gnorm: 0.030653979646 xtb: 6.7.1pre (5071a88)
Ti          -2.10820672756837       -2.39410827255733        7.09987571422690
Ti          -0.21897422352942       -2.91670726539932        4.99357735621452
Ti           0.11925397995272       -5.60670827642878        3.72745512047678
Ti          -2.32751592217437       -0.54729904494408        4.33621721080195
Ti           1.98147170439642       -1.39265819718566        3.32656078042582
Ti           0.39067048902015        0.26954166362306        5.24033768736652
Ti          -3.20610962243298       -4.47740280510184        4.90493314959637
Ti          -2.43134488893662       -3.77940422181215        2.11784953835726
Ti          -1.02011990271312       -5.81718573834846        0.75111643574564
Ti          -3.25504207383118       -0.92395140448541        1.51448050525917
Ti           0.68604933246115       -3.11529240449230        1.26848690042083
Ti          -1.48541283018968       -2.28565834394945       -0.59804218069034
C           -4.18465435976352        0.18980723295118        3.83174104666834
C            2.73910136093760       -3.08152663548434        1.47811554448386
C           -0.42709806924321       -0.46248684220709        2.07738219231864
C           -4.53801861346474        0.20596068067913        2.64472108803618
C            3.40295113975308       -2.32114228232239        2.20356990408252
C           -1.61830059423767        0.01453492062839        2.35169868239551
C            0.75996018601303       -0.92011587542333        1.77186434465417
O           -3.17106247023983       -3.53049312488855        6.36191787947925
O           -0.23636629165929       -2.18662419570854        6.56535282151021
O           -0.40908370265902       -4.62596676455913        5.11772079459260
O           -1.60303054436421       -2.12189850675899        4.32207492245184
O            1.19811179416392       -2.80432958766001        4.04201916610076
O           -1.32941959784646        0.34469304333281        5.43889926781137
O            1.91448421511200       -0.14952703433740        4.54484637521178
O           -2.66576652718382       -5.00810616545912        3.31296541455179
O           -2.46426136062545       -4.68404847768095        0.62338905313937
O            0.28015858800316       -5.82966023725273        1.97148180911587
O           -3.51425120980377       -2.46551686815980        2.35269989981001
O           -0.78344744759328       -3.26575149729486        2.16771165682403
O           -2.83261640784018       -1.30773891637138       -0.12006379991843
O            0.06234359808653       -3.14714255494062       -0.34438428152078
33
 energy: -92.089336630196 gnorm: 0.029903776195 xtb: 6.7.1pre (5071a88)
Ti          -2.05053293234172       -2.38531077281771        7.16048106380577
Ti          -0.23291876511327       -2.91939174477280        4.99149850656278
Ti           0.11105964394911       -5.60693830399427        3.74155488235005
Ti          -2.32886377128778       -0.52976130490606        4.32013130201485
Ti           1.99202911656997       -1.38897216991638        3.33453786134483
Ti           0.39542118478853        0.23355142069005        5.24169561198947
Ti          -3.21492938056002       -4.50407951962283        4.89534752661375
Ti          -2.41948456589889       -3.78450948730965        2.12492235378238
Ti          -1.02182775976460       -5.81740376299590        0.75278503786994
Ti          -3.25295079541817       -0.93544845842641        1.51791145733851
Ti           0.69124131855383       -3.10489190568512        1.27911031800777
Ti          -1.46632835069567       -2.25947250027864       -0.60526249889614
C           -4.19424648242061        0.18435377663022        3.83004511405168
C            2.74584465898343       -3.08080749065417        1.47802396172167
C           -0.42356504511431       -0.45564988463828        2.06955552661843
C           -4.54590994718227        0.19742246837552        2.63936892602303
C            3.40766084670431       -2.31416081312346        2.20105265066752
C           -1.62008996086515        0.00920682616229        2.34129998503531
C            0.76672331269544       -0.90783416426010        1.77001344542253
O           -3.26764285471114       -3.51227829469919        6.34663800530535
O           -0.16175440653888       -2.18753012804697        6.53110834694107
O           -0.45252416169037       -4.63744166470483        5.11513035020455
O           -1.61916554908584       -2.10809279180051        4.31300691339115
O            1.18913946399153       -2.79276806319354        4.02619912836296
O           -1.34070531892958        0.32988234811122        5.44767514825836
O            1.91449714738400       -0.13057733293621        4.52837806426875
O           -2.64180495760301       -5.01813836469803        3.31652048423868
O           -2.46166708661358       -4.68485072063337        0.62669420599538
O            0.27495783488946       -5.84123640056799        1.98032047220944
O           -3.50637322281254       -2.47359128321621        2.35767459128256
O           -0.78563411523810       -3.24749999131677        2.17747947587314
O           -2.83960805125318       -1.32214847243736       -0.11847507825548
O            0.06440595262861       -3.14754504831605       -0.33385114039974
33
 energy: -92.091943761514 gnorm: 0.017784455821 xtb: 6.7.1pre (5071a88)
Ti          -2.06882095446944       -2.38393582324407        7.08912220470766
Ti          -0.22746281024245       -2.92004410373235        4.99647403283502
Ti           0.11643769669808       -5.60439302688830        3.73994115596524
Ti          -2.31856829866661       -0.53322230546618        4.33070262725669
Ti           1.99045519694458       -1.39094269273695        3.34101850557123
Ti           0.39999981911040        0.25297802437712        5.25681488336249
Ti          -3.19726511904813       -4.49556249454022        4.90657172902319
Ti          -2.42236117838479       -3.78405896167194        2.12487360933096
Ti          -1.01752575457548       -5.81597387500652        0.75720912500100
Ti          -3.25646323373053       -0.93229265182069        1.51763973128478
Ti           0.68425799297393       -3.11076585124852        1.25461903015528
Ti          -1.47706678604569       -2.25017894269188       -0.61582298595493
C           -4.18406624909630        0.17729093638125        3.83100565885204
C            2.73797973049012       -3.07366441118200        1.46618676831662
C           -0.41899753803853       -0.45859300806231        2.06948259528288
C           -4.54330317909824        0.20029128217657        2.64389901079389
C            3.39997073439823       -2.31352837667520        2.19390942427098
C           -1.61607197272983        0.00414177874336        2.34325201143736
C            0.76952944345911       -0.91839196408392        1.77243629651640
O           -3.23396575891543       -3.50158154453554        6.34449646358298
O           -0.22038117677694       -2.20700145708437        6.56714526632499
O           -0.45124189703678       -4.63228447546008        5.11563980369924
O           -1.60655889971761       -2.11113142953884        4.32175768232593
O            1.19746976206218       -2.79958944894122        4.04337251167208
O           -1.33646621254354        0.33602803201527        5.45278231574111
O            1.91752433214181       -0.14061424703477        4.54373100249210
O           -2.63879005219790       -5.01414638905071        3.32084332438746
O           -2.46476196481027       -4.69087195150539        0.63053703551231
O            0.27878445975857       -5.83938096699935        1.98328219695936
O           -3.50415447655520       -2.46957584262419        2.36329627567482
O           -0.78344997146818       -3.25748064981302        2.16608215876718
O           -2.85052061677330       -1.31866968412240       -0.12076442967942
O            0.05030793288360       -3.14676747793208       -0.35296502146874
33
 energy: -92.092344021785 gnorm: 0.023541702386 xtb: 6.7.1pre (5071a88)
Ti          -2.05227560326901       -2.47572742859099        7.09153879002095
Ti          -0.20286450115483       -2.90926952365658        4.98029312204960
Ti           0.11938291108153       -5.60728898211346        3.74332184844021
Ti          -2.31897766415380       -0.54368711455528        4.34479354046328
Ti           1.98593044791657       -1.39330456286360        3.31610291977957
Ti           0.40050828613798        0.26733566695416        5.25101579918676
Ti          -3.23418263338997       -4.45466043975801        4.90466823782321
Ti          -2.41845487038118       -3.77386565497851        2.12279993026174
Ti          -1.00865557266928       -5.82355648831933        0.76897248478916
Ti          -3.26208169841428       -0.92267040320098        1.51228293764585
Ti           0.69093821082510       -3.09154520450291        1.25531156286717
Ti          -1.51073692995357       -2.30614064033255       -0.59448878273212
C           -4.17778223213834        0.17646726099499        3.82441924979903
C            2.74274229226808       -3.07224739106171        1.45663436343114
C           -0.43040557298782       -0.45815635674994        2.07082746571617
C           -4.54295348233991        0.20966025519316        2.64054507873139
C            3.40685098846025       -2.31701602242603        2.18494610222170
C           -1.62358119380344        0.01158008099016        2.34617402792727
C            0.76242665002126       -0.90141456504361        1.76364532135195
O           -3.25491463712929       -3.49682513055426        6.35121151397407
O           -0.29728278471149       -2.21146170150992        6.59450492807420
O           -0.42915845764631       -4.61050768883320        5.12139154228176
O           -1.57827412405468       -2.11322345968509        4.31274822211749
O            1.21948019306400       -2.81439424499944        4.04096234510942
O           -1.32989597174500        0.35174499049003        5.43944761356987
O            1.91732256063865       -0.16533350899254        4.54415898945565
O           -2.64343338927144       -4.99422267680444        3.32560371274435
O           -2.44953070812452       -4.68661013731188        0.63141285552954
O            0.28428662484854       -5.85274688643327        1.99590014200372
O           -3.50188958905051       -2.46063335196722        2.36197715959822
O           -0.77054268841051       -3.25930480084500        2.16966620195951
O           -2.84736916694303       -1.31358632850787       -0.12289510843976
O            0.05982730647980       -3.13130156002440       -0.35132211775177
33
 energy: -92.093383123877 gnorm: 0.015605513119 xtb: 6.7.1pre (5071a88)
Ti          -2.04206831782229       -2.47610965045447        7.08325257412900
Ti          -0.20351842092223       -2.90792934566013        4.98595865654180
Ti           0.11429269529160       -5.60522108256232        3.75247816017405
Ti          -2.31897691301929       -0.53954354638829        4.33753549697943
Ti           1.99466336829615       -1.39218317652736        3.32715995082518
Ti           0.40118019378330        0.25372048822633        5.25777499846857
Ti          -3.24194687133596       -4.46143722419416        4.90030482389314
Ti          -2.41468233315511       -3.78075181306030        2.12726298904383
Ti          -1.00552681251295       -5.81871950483916        0.77365693424944
Ti          -3.25830398839972       -0.92697881124967        1.52287840480446
Ti           0.68746747427170       -3.09943330654709        1.24118733119289
Ti          -1.50029114029064       -2.26783325655759       -0.60817242223355
C           -4.18088297214019        0.17320693985988        3.82443288766317
C            2.74008596792955       -3.06770302672299        1.44701703946993
C           -0.42068862900999       -0.45789190925494        2.06795585205410
C           -4.55145579335768        0.20311426483705        2.64101001730125
C            3.40388014070327       -2.30941302874573        2.17482713925035
C           -1.61536680718585        0.00845362964310        2.34239135937108
C            0.77030226371956       -0.91078400298664        1.76685027326789
O           -3.28012836832215       -3.48574491837801        6.33946125356713
O           -0.28047844323062       -2.21371037111643        6.59598241327119
O           -0.43903551043607       -4.61081523119543        5.12871074058499
O           -1.57772694939276       -2.10801608684280        4.31337170592270
O            1.22272764248405       -2.81092763266039        4.04537909246706
O           -1.33618099448216        0.35486169461762        5.43480258200238
O            1.91900957386153       -0.16098177898769        4.54766927250709
O           -2.63632238677200       -5.00193618111805        3.32822893210201
O           -2.45274497325347       -4.69331344611476        0.63524231991971
O            0.28391475977504       -5.84884582085072        2.00461168900605
O           -3.49467724857858       -2.46510762232510        2.37006707848968
O           -0.76950897995662       -3.26408882419485        2.16700626575759
O           -2.85937656932798       -1.31729690494641       -0.11680109223096
O            0.04681834278806       -3.13455351270197       -0.36092271981240
33
 energy: -92.093849771272 gnorm: 0.010995706014 xtb: 6.7.1pre (5071a88)
Ti          -2.03694660647437       -2.48130682911738        7.08320102658745
Ti          -0.20711716414199       -2.91314233784636        4.98655533553128
Ti           0.11151517916464       -5.60633376491706        3.76121994746144
Ti          -2.31630839315208       -0.53193760223913        4.33711452854287
Ti           2.00020980543426       -1.39683299050699        3.33333193136311
Ti           0.41111719376315        0.25814633180278        5.26439899261002
Ti          -3.23844088067151       -4.46706370031195        4.89912321073734
Ti          -2.40547412936565       -3.78066531217055        2.13208609796574
Ti          -1.00312690828445       -5.82599923553645        0.77876913475072
Ti          -3.26165079875716       -0.93015570945778        1.52415967761993
Ti           0.68881581195271       -3.08795833678046        1.23391468486478
Ti          -1.50586202688770       -2.25854767299071       -0.61205714729703
C           -4.18093380120676        0.16829929316155        3.81872274588389
C            2.74174794343563       -3.06231539284467        1.43370934283605
C           -0.41998383500165       -0.45642377325851        2.06837177383306
C           -4.55866666095357        0.20272988674577        2.63593751906282
C            3.40292595662997       -2.30812893629148        2.16787540281906
C           -1.61768373493124        0.00361828245873        2.33998569387630
C            0.77399678687353       -0.90463062785364        1.77058454799951
O           -3.30293698503136       -3.46392905655452        6.32707417960566
O           -0.27027666275864       -2.23122361957664        6.59728261756168
O           -0.46308810329762       -4.61698478075807        5.12987867860794
O           -1.57475599614925       -2.09957786450005        4.31052620268209
O            1.22312687663140       -2.81267181304038        4.04361112425910
O           -1.34060179684812        0.35478636165968        5.43891598009232
O            1.92484131055568       -0.16613923552955        4.54962300354162
O           -2.62140118516003       -5.00207747244716        3.33218121012237
O           -2.44445213633159       -4.69602508420081        0.63936409524998
O            0.28298456606387       -5.86413375163945        2.01356709680409
O           -3.48815449351226       -2.46636591676324        2.37262140409756
O           -0.76689803027295       -3.25278521915869        2.16922194875641
O           -2.87385487543657       -1.32329777246281       -0.11808150769745
O            0.04178677412113       -3.12484034707349       -0.36421848073154
33
 energy: -92.094240317896 gnorm: 0.010593616034 xtb: 6.7.1pre (5071a88)
Ti          -2.02903169801924       -2.51458888267911        7.08210502260445
Ti          -0.19616638092717       -2.91254662864355        4.98692698080741
Ti           0.10739790459375       -5.60519194661304        3.77248872761896
Ti          -2.31289196045818       -0.52902729576631        4.33701638037704
Ti           2.00729190477518       -1.39754804260841        3.33494143605566
Ti           0.41430737571893        0.23838571019389        5.27733555579383
Ti          -3.26750328902743       -4.45497339953126        4.89309592459809
Ti          -2.39831338400492       -3.78518078462406        2.13735517731607
Ti          -0.98805053312154       -5.81541197965188        0.78600536433306
Ti          -3.26235928264044       -0.93197629587550        1.53011984042054
Ti           0.68872086084240       -3.08541581838729        1.22029287581825
Ti          -1.51918863455708       -2.25513635044602       -0.61137268507126
C           -4.17985355597366        0.16084026433430        3.80972667522295
C            2.74198227548727       -3.05474047573292        1.41425909734311
C           -0.41606813977967       -0.45386350495519        2.06552187833686
C           -4.56985014109294        0.19982116430602        2.63005530131675
C            3.40066626213265       -2.30436922818515        2.15510477881234
C           -1.61519641881018        0.00217086512038        2.33631501608745
C            0.77822523914845       -0.90457887720684        1.77017729831282
O           -3.33471117532351       -3.43390623661014        6.31151878290287
O           -0.26823126361405       -2.24362350787869        6.60647890316796
O           -0.46579234089448       -4.61430854280801        5.14137782988366
O           -1.55939764866050       -2.09140238399799        4.31135331749697
O            1.23557799372124       -2.81502814292721        4.04289393921750
O           -1.34800079564379        0.36553557277987        5.43325710887023
O            1.92644169208561       -0.17527364370664        4.55473142175773
O           -2.62210457049830       -5.00147940770321        3.33899324205895
O           -2.43745132318295       -4.70144316523453        0.64311361724923
O            0.28984960763011       -5.86056745309390        2.02788891785416
O           -3.47831157806203       -2.46763916271484        2.37660818673315
O           -0.76107349523260       -3.25922284809830        2.17087334476401
O           -2.89015920932332       -1.32744346975676       -0.11603043832360
O            0.03369870271177       -3.11478010129715       -0.37195681973704
33
 energy: -92.094501605889 gnorm: 0.009089316469 xtb: 6.7.1pre (5071a88)
Ti          -2.03114131480927       -2.52516800161875        7.07991712371529
Ti          -0.18928853379013       -2.91939363449202        4.98327310853836
Ti           0.10875955069061       -5.61077754491543        3.77574570226678
Ti          -2.31321437029215       -0.53563413893061        4.33542449042481
Ti           2.00703464610550       -1.40114216084318        3.33209991539257
Ti           0.41456385384753        0.23864437909855        5.28117473840501
Ti          -3.28313662223676       -4.43805795569281        4.89244678164847
Ti          -2.39132332356795       -3.78525841262149        2.14327916020674
Ti          -0.98065124506422       -5.82126523120393        0.79072787612950
Ti          -3.26459725794379       -0.93184925240485        1.53446489639667
Ti           0.69039531247324       -3.07393951522483        1.21838759403202
Ti          -1.52262128573970       -2.24329392841493       -0.60879323995974
C           -4.18071784516536        0.15294616534435        3.80311620985971
C            2.74360139653869       -3.05135252712034        1.40264746391387
C           -0.41722320053288       -0.45472683107812        2.06686906286118
C           -4.57900041861822        0.19768980162739        2.62658739868425
C            3.39953407654523       -2.30476179972163        2.14977017003143
C           -1.61577920543406        0.00410918845338        2.33415481253828
C            0.77997458224425       -0.89642174064468        1.76943789035655
O           -3.34438932481729       -3.39983635290671        6.30118878527623
O           -0.26651445933132       -2.25654323235297        6.60590488734653
O           -0.46388568568608       -4.61943346586830        5.14458682681004
O           -1.55000870206765       -2.09377400067908        4.30813315791619
O            1.24166555406509       -2.82153940434547        4.03731087260194
O           -1.35641783725108        0.36315880436070        5.43004059666883
O            1.92597321339377       -0.18802441245388        4.56001514567614
O           -2.62465605569558       -4.99635268914144        3.34734688358134
O           -2.42634906391943       -4.70503312867041        0.64859684257718
O            0.29439671748367       -5.86933250843835        2.03290358789810
O           -3.47227079516132       -2.46766115680558        2.37842849754652
O           -0.75618429143254       -3.25749260506370        2.17739859487934
O           -2.90155747876892       -1.32844868399757       -0.11431151478166
O            0.02948241393749       -3.10394802323279       -0.36970231943834
33
 energy: -92.094726656979 gnorm: 0.008762162277 xtb: 6.7.1pre (5071a88)
Ti          -2.02729291061943       -2.53009635569067        7.08079202016751
Ti          -0.17949156449213       -2.92864643039410        4.98523962035991
Ti           0.10187503025886       -5.61912929597658        3.77874227035867
Ti          -2.31500380670200       -0.54322873708826        4.34459250107311
Ti           2.00573820939203       -1.40330842885786        3.33467481786734
Ti           0.41300974179369        0.24394383473828        5.28836895109758
Ti          -3.29119276210451       -4.41548158237718        4.88972117833068
Ti          -2.38483560747090       -3.78739583486563        2.14054438291901
Ti          -0.96915591315098       -5.82113742615551        0.78911481708978
Ti          -3.26843013422798       -0.93137232148610        1.53305607700969
Ti           0.69360024595640       -3.06684037074032        1.20918888851459
Ti          -1.54428017923125       -2.26551983720001       -0.60009651643042
C           -4.18131370125784        0.14327021765849        3.79748550546587
C            2.74670034587170       -3.04429419324693        1.39087958075316
C           -0.42037026214490       -0.45155741177625        2.07189456382139
C           -4.58429834721429        0.19466308577678        2.62338125775248
C            3.39666561349121       -2.30096787462909        2.14619438136271
C           -1.62070774447582        0.00288105881090        2.33813208906868
C            0.77688107015812       -0.89434350009599        1.77567381586557
O           -3.35486580850445       -3.34798760627334        6.28330193880787
O           -0.25127231428749       -2.27184040836583        6.60618748553582
O           -0.46755305863114       -4.62674083998215        5.14754776691165
O           -1.53708790768451       -2.09402923999796        4.31359021993110
O            1.24978255897779       -2.82924477884587        4.03577387831180
O           -1.36406975513795        0.36021979347351        5.43723434474577
O            1.92261125068178       -0.19796246691667        4.57112675473822
O           -2.62916280646123       -4.98853706621146        3.35304846461886
O           -2.41548118459575       -4.71007492820218        0.64616239620506
O            0.29752600836891       -5.87588602226725        2.03749385604090
O           -3.46651888320461       -2.46930633313147        2.37151863012152
O           -0.75074591985629       -3.26129270723890        2.17172263156326
O           -2.90786044165866       -1.32540474638361       -0.11713032854484
O            0.03105393816298       -3.08726524606023       -0.37658624143417
33
 energy: -92.094947114322 gnorm: 0.007566431951 xtb: 6.7.1pre (5071a88)
Ti          -2.01682043333526       -2.52273961045043        7.07748063918996
Ti          -0.17258701729767       -2.93431767207037        4.98197228682644
Ti           0.10470625041860       -5.62038602135623        3.77552686847317
Ti          -2.31835998474607       -0.55079348191539        4.34976266171900
Ti           2.00241410425377       -1.40429109356994        3.33429279788379
Ti           0.40402189719262        0.23177168993603        5.29382823747341
Ti          -3.29768235087655       -4.39363596115777        4.89187354742272
Ti          -2.38093775615130       -3.78937424258902        2.14131480062492
Ti          -0.96427057597735       -5.82384795920652        0.78805380996636
Ti          -3.27185718475085       -0.93238683332738        1.53122049381438
Ti           0.69592556479080       -3.06285254795804        1.21060717048841
Ti          -1.54203761117493       -2.26057684341002       -0.59902870502451
C           -4.18367036213649        0.13624375933517        3.79788165990190
C            2.74944439587083       -3.03936817087432        1.38690282663496
C           -0.42598977969785       -0.45303185932733        2.07581530549777
C           -4.58694443824424        0.18937438931233        2.62421174382655
C            3.39626194419571       -2.29617304332054        2.14426022825517
C           -1.62618729365603        0.00294799337097        2.33973842849169
C            0.77239320202164       -0.89285001972195        1.77955987632026
O           -3.35583393219868       -3.30464160912352        6.27209968087919
O           -0.24548924415910       -2.28205568756754        6.60308356808655
O           -0.47254321990544       -4.63023505881052        5.14130669574312
O           -1.52523228551190       -2.09465704408091        4.30779838814882
O            1.25641174899056       -2.83737270985377        4.03306225315502
O           -1.37000439504283        0.35358809781268        5.44420829842553
O            1.91310334368856       -0.20363223667981        4.57801415967695
O           -2.63622090684721       -4.98246814709366        3.36110077402665
O           -2.41004750820257       -4.71345774483372        0.64783157437649
O            0.30071508922677       -5.88494520223203        2.03536114420997
O           -3.46255805621876       -2.47115641858279        2.36993372706601
O           -0.74604172992070       -3.26631826393942        2.17279971656508
O           -2.91057704650511       -1.32622279196994       -0.11903864544395
O            0.03094857190637       -3.08405165474372       -0.37426401270171
33
 energy: -92.095296154394 gnorm: 0.006360998835 xtb: 6.7.1pre (5071a88)
Ti          -1.98077035625014       -2.50474093815413        7.07983899194201
Ti          -0.15507274470775       -2.94748935860870        4.97828867362889
Ti           0.08853901827515       -5.63831867272516        3.77303424617788
Ti          -2.33269106579977       -0.57559409775675        4.35617907722961
Ti           1.99426726535982       -1.40566870426392        3.33774036156881
Ti           0.37980722021476        0.23230007456232        5.29472451027151
Ti          -3.31906711684624       -4.33692756299576        4.88736727201481
Ti          -2.37235574442179       -3.79930970688524        2.13725421167765
Ti          -0.95345693055873       -5.82879773955130        0.78245004285275
Ti          -3.27381906987590       -0.93638650409060        1.53513410378343
Ti           0.70238748192330       -3.05706073998009        1.21307307752333
Ti          -1.53087699137679       -2.24482798413794       -0.59726028244634
C           -4.19523932284759        0.11817119980795        3.80652544735362
C            2.75712379628700       -3.02665642718897        1.38207931914361
C           -0.43481170940413       -0.44750981026482        2.08236324831636
C           -4.59685166560014        0.16814641052474        2.63273843023308
C            3.39623247364805       -2.27667250453268        2.13897757906470
C           -1.63521218994296        0.00863015045816        2.34358501728838
C            0.76325239976365       -0.89109305385281        1.79039966439251
O           -3.35440572331462       -3.20084397035815        6.23838973032696
O           -0.21539521451898       -2.30228544783913        6.59368193583834
O           -0.48677297791935       -4.63928557597412        5.13148922429790
O           -1.49699584736688       -2.09870808029595        4.29335117464079
O            1.27311717669021       -2.85845933535187        4.02904632970369
O           -1.38703065106399        0.32930501882371        5.45856116981287
O            1.88929694595005       -0.21071042906763        4.59441543555104
O           -2.65423359088312       -4.97259145055530        3.37475172847616
O           -2.40124556129122       -4.72398505467979        0.64612879586876
O            0.30134457375758       -5.90577294028059        2.03505028933273
O           -3.45171391369971       -2.48059773335938        2.36816351244654
O           -0.73460492378182       -3.28443196966920        2.16879708947070
O           -2.91096219847227       -1.32626211474576       -0.11620777855179
O            0.03267015807362       -3.07947894701053       -0.37153962923128
33
 energy: -92.095421177180 gnorm: 0.007475620886 xtb: 6.7.1pre (5071a88)
Ti          -1.96662260266000       -2.47754258011963        7.07620970565871
Ti          -0.14440573208835       -2.95535439058407        4.97992567745893
Ti           0.07909141169987       -5.64875202573372        3.77062988629552
Ti          -2.33924606103854       -0.58708228156741        4.35775440524588
Ti           1.99287590584896       -1.40370018073746        3.34977167752469
Ti           0.36291163131852        0.21734354641892        5.30926006199449
Ti          -3.32328278655313       -4.30626920588472        4.88548822537018
Ti          -2.36865400806403       -3.80587189277966        2.13138089380734
Ti          -0.95393407807282       -5.84066705967629        0.77996321567595
Ti          -3.27347864818714       -0.93787836919805        1.53595384911214
Ti           0.70559231068079       -3.05442927249215        1.20868236846198
Ti          -1.53147331276135       -2.24546691692249       -0.59813627399458
C           -4.20235626968266        0.10510936639555        3.81308971395500
C            2.76112967259356       -3.01283460092552        1.38017818200723
C           -0.44012191699172       -0.44897937843542        2.08848473150138
C           -4.60387112372406        0.15329602685971        2.63860541358407
C            3.39562610481437       -2.25573712134724        2.13530038573700
C           -1.63987052059787        0.01172066452594        2.34511490132108
C            0.75925868168193       -0.89304977295960        1.80214099270246
O           -3.33850294977782       -3.12984187470401        6.21247844938430
O           -0.18967288901427       -2.31970769205921        6.59197927529676
O           -0.50148559242957       -4.64534386469084        5.12100509963696
O           -1.47159930492134       -2.09323404297890        4.28082156700517
O            1.28603129685176       -2.86983369970564        4.03026872458768
O           -1.40003166775973        0.31299809258691        5.47446325043870
O            1.87169101672629       -0.20836692038217        4.60873119683740
O           -2.66930003025625       -4.96669544791247        3.37983448621221
O           -2.39915042151693       -4.73293491974769        0.64363247238055
O            0.29682510243951       -5.92676244185933        2.03283929655858
O           -3.44417944787278       -2.48502612327810        2.36654520842060
O           -0.72971350613816       -3.29518201545930        2.15958999449716
O           -2.91033096578099       -1.32463642151962       -0.11650442348572
O            0.03470370123318       -3.07320118312568       -0.37691061118988
33
 energy: -92.095524858036 gnorm: 0.006702182891 xtb: 6.7.1pre (5071a88)
Ti          -1.95618444556826       -2.47793710361298        7.07414213369657
Ti          -0.13593756959775       -2.95906307151048        4.98032107878397
Ti           0.07363939514290       -5.65120111527189        3.77212496500486
Ti          -2.34172385311901       -0.59725399587795        4.36103526401071
Ti           1.98945340160677       -1.40526876794376        3.35154891986796
Ti           0.35876788736137        0.22226706698630        5.31590336223076
Ti          -3.32999134537370       -4.28859461709371        4.88228696907128
Ti          -2.36518611159318       -3.80804903545667        2.13032057105816
Ti          -0.95082628875851       -5.84098545534372        0.78047847084361
Ti          -3.27375488688933       -0.93910632064643        1.53522196095305
Ti           0.70867540428997       -3.05216176231290        1.20562078501508
Ti          -1.53250965018457       -2.24799692649312       -0.59912808980599
C           -4.20308416098218        0.09805851372407        3.81430374216261
C            2.76399928483261       -3.00384900328032        1.37651715790262
C           -0.44516408837613       -0.44365497621235        2.08760730700326
C           -4.60620388099419        0.14758003548405        2.64007361594807
C            3.39539754235591       -2.24641062549804        2.13330979072257
C           -1.64535187239307        0.01421269080797        2.34732941355241
C            0.75321126641746       -0.89251029197534        1.80441082566610
O           -3.34748162307350       -3.09178487363718        6.19535791292056
O           -0.17950591757831       -2.33004734865287        6.59628765619289
O           -0.50724505033489       -4.64595094953140        5.11978651509530
O           -1.45469815740661       -2.09200524484208        4.27638293523058
O            1.29252240600842       -2.87997011383996        4.02682334151596
O           -1.40559066079654        0.30268695229458        5.48388185449605
O            1.86525309287658       -0.21302510727376        4.61370480896571
O           -2.67614023462112       -4.96360473208413        3.38115298231386
O           -2.39851421654389       -4.73543693394951        0.64431411793232
O            0.29555804193140       -5.93498666487135        2.03577745676900
O           -3.43691930838296       -2.48496682044662        2.37134092757571
O           -0.72377210032660       -3.30338289949903        2.15738248473404
O           -2.91190476773459       -1.32804291243575       -0.11726643763814
O            0.03566546780471       -3.07147158970303       -0.37978279979158
33
 energy: -92.095640035688 gnorm: 0.004800383694 xtb: 6.7.1pre (5071a88)
Ti          -1.94716039371520       -2.47817951682977        7.07854609486295
Ti          -0.12976614897557       -2.96023590255401        4.98162927799505
Ti           0.06054482804931       -5.65735591585898        3.77517084718111
Ti          -2.34523405853379       -0.60843157660152        4.36096253956693
Ti           1.98533817260868       -1.40533979860347        3.35363852797053
Ti           0.35425763137184        0.22884449708751        5.32351015508911
Ti          -3.33248560932309       -4.27466620592215        4.87792856554634
Ti          -2.36419205145044       -3.80734550836774        2.12831352873977
Ti          -0.95002969150051       -5.83982803699886        0.77969727608598
Ti          -3.27241851512380       -0.93909856060049        1.53216364401003
Ti           0.71104111184652       -3.04922676253849        1.20317017751299
Ti          -1.53109969989621       -2.25298440823196       -0.60273108064577
C           -4.20375942216592        0.09408257067411        3.81300098268803
C            2.76569059056354       -2.99367636479693        1.37756673752365
C           -0.44976092148491       -0.44242994502688        2.08406884282425
C           -4.60691120711242        0.14490959931386        2.63868025221508
C            3.39552089432037       -2.23604865152792        2.13479229791741
C           -1.64919639999908        0.01545988828781        2.34899153309275
C            0.74880811002448       -0.89112578830507        1.80286814197823
O           -3.33813318723976       -3.07226738866878        6.18345487566221
O           -0.17248718852859       -2.33566149283598        6.60331804719019
O           -0.51079112716313       -4.64412579414499        5.12033669989989
O           -1.43972131021932       -2.08996587164532        4.27421513670419
O            1.29580376988653       -2.88804687072910        4.02159740465073
O           -1.41305379789275        0.29012003338451        5.49402915047340
O            1.85936439452457       -0.21518001805282        4.61513343272069
O           -2.68098899481814       -4.96048234022833        3.37812202853331
O           -2.40150125004509       -4.73435225003339        0.64456343590916
O            0.29048929094713       -5.94325847662983        2.04030201819269
O           -3.43044950500590       -2.48102097278085        2.37953463147608
O           -0.72011215301905       -3.30793609890490        2.15416872743153
O           -2.91085294554226       -1.33417935741901       -0.11893509987639
O            0.03769978461117       -3.07488071390961       -0.38323683112220
33
 energy: -92.095622174317 gnorm: 0.005247063025 xtb: 6.7.1pre (5071a88)
Ti          -1.94731228990327       -2.46707534490482        7.07410783982254
Ti          -0.12760966745815       -2.95976908402706        4.97780692743174
Ti           0.06468230308316       -5.65624746214318        3.77501627979536
Ti          -2.34878327858478       -0.61271125689762        4.35613720809390
Ti           1.98588729753552       -1.40355598647289        3.35231581189111
Ti           0.34743768707331        0.20268532156963        5.33740959862854
Ti          -3.32687585443979       -4.27865293865684        4.88313592141390
Ti          -2.36393627473905       -3.80328862664070        2.13018939408786
Ti          -0.95651543525268       -5.84768477068451        0.78171417467339
Ti          -3.27119622867574       -0.93570519154630        1.53464760779477
Ti           0.71148020996101       -3.04600244028222        1.20607765952470
Ti          -1.53228120081864       -2.25583124651770       -0.59877944091883
C           -4.20691076512740        0.09354221283110        3.81088588214123
C            2.76671726547277       -2.99239948258857        1.37845608917000
C           -0.44893148323843       -0.44781625992479        2.07893731879421
C           -4.60910253248260        0.14745971168423        2.63665265932635
C            3.39724997466224       -2.23392528901742        2.13475452638396
C           -1.64496142495570        0.01623911495464        2.34895178797096
C            0.75302893933825       -0.88815089123551        1.80001084306690
O           -3.33567264236237       -3.06935106296977        6.18046926429348
O           -0.17138224102135       -2.33127132694885        6.59946405751822
O           -0.50908180941907       -4.64288150851280        5.11880970068508
O           -1.43654517821028       -2.08922800981840        4.27015260907219
O            1.29854529035321       -2.88787355154307        4.01798837708171
O           -1.42104028035769        0.28692905337557        5.49210336642163
O            1.85378515886518       -0.21590802039488        4.61371186181176
O           -2.67985983232817       -4.95847591593735        3.37814809980946
O           -2.39959953067272       -4.72931396690523        0.64546660060403
O            0.28539111379097       -5.95155451634398        2.04046275570024
O           -3.43030823345957       -2.47711200746599        2.38275052467332
O           -0.72073656925556       -3.30127352029504        2.15684018410365
O           -2.90976469007734       -1.33345223673344       -0.11568376709051
O            0.03865520270393       -3.07425749900558       -0.38053972377690
33
 energy: -92.095705752891 gnorm: 0.003011729887 xtb: 6.7.1pre (5071a88)
Ti          -1.94688743809433       -2.46911115653530        7.07740681355488
Ti          -0.12566386614326       -2.96171015642245        4.98007572869923
Ti           0.06327046752239       -5.65728040378516        3.77468007106906
Ti          -2.34887421771780       -0.61474662810027        4.36048940498633
Ti           1.98609595333906       -1.40271203135979        3.35496615518955
Ti           0.34619593909596        0.22134564819606        5.32764312404550
Ti          -3.32745151000435       -4.27869473207900        4.88328505853732
Ti          -2.36534947461778       -3.80462673123893        2.12826898188060
Ti          -0.95782078864836       -5.84773640520571        0.78107039195407
Ti          -3.27119852922124       -0.93577694246408        1.53184867488614
Ti           0.71042056609751       -3.04671368680691        1.20308360181506
Ti          -1.53088223244576       -2.25334751020654       -0.60257324108956
C           -4.20536737284371        0.09292922596154        3.80929831790539
C            2.76581261329598       -2.99104172639011        1.37848038452698
C           -0.44855238205389       -0.44792344202364        2.08197886572061
C           -4.60639714590140        0.14945569501399        2.63471938725253
C            3.39622546986914       -2.23277434534394        2.13538921833951
C           -1.64564921012186        0.01394824002242        2.35151851248926
C            0.75264191673047       -0.88975243891973        1.80191733513339
O           -3.33354084710197       -3.06922427840625        6.17946412769062
O           -0.17008382648103       -2.33500251711294        6.60349613299289
O           -0.50810245719718       -4.64432983319928        5.11961630933283
O           -1.43295589314990       -2.08824006871236        4.27419986104680
O            1.30034765209090       -2.88810468812890        4.01975613010005
O           -1.42225274519904        0.28511650064305        5.49753735440554
O            1.85349639513481       -0.21550959707523        4.61567404788912
O           -2.68124215403528       -4.95836528936163        3.37743304413068
O           -2.40259647117190       -4.73075412366045        0.64399594498087
O            0.28325827911569       -5.95164715937358        2.04020367397354
O           -3.42965868425773       -2.47655297981540        2.38154217512893
O           -0.72125666553228       -3.30578857116993        2.15389829082648
O           -2.90982220306576       -1.33409049207242       -0.11805613907123
O            0.03829386271311       -3.07515137486650       -0.38373574032302
33
 energy: -92.095713881114 gnorm: 0.003121211099 xtb: 6.7.1pre (5071a88)
Ti          -1.94191458835826       -2.47095042832169        7.07989692112303
Ti          -0.12517827661638       -2.96463727192121        4.97905348612417
Ti           0.05650463406982       -5.66015234185375        3.77536467183983
Ti          -2.35217072699384       -0.62023306561524        4.35938079474174
Ti           1.98293102840374       -1.40464878829070        3.35192138375240
Ti           0.34166753089629        0.22396180143589        5.32291198954834
Ti          -3.32935782848136       -4.27230106843437        4.88064535035032
Ti          -2.36358908041096       -3.80445900602415        2.12980617607917
Ti          -0.95485213573290       -5.83842071634849        0.77936480296558
Ti          -3.27009808188587       -0.93568318148150        1.53244016631626
Ti           0.71262292196555       -3.04555872783156        1.20499744165039
Ti          -1.53020700658440       -2.25715400187347       -0.60027143442712
C           -4.20665067739701        0.09226744408520        3.80644074861236
C            2.76813154226334       -2.99130472772234        1.37839856304568
C           -0.44827146410220       -0.44009891294179        2.08429932315734
C           -4.60681068797468        0.15074148580820        2.63157736693077
C            3.39748682935680       -2.23334955965252        2.13620518403881
C           -1.64714758740241        0.01744129209858        2.35275888548827
C            0.74962502821066       -0.88825450051137        1.79990642450263
O           -3.32883875894174       -3.06692211836509        6.17907875697709
O           -0.16572093408585       -2.33552408355173        6.60303645440434
O           -0.50752861602112       -4.64634516935574        5.12235029565928
O           -1.43176029117987       -2.09025062412454        4.27485502898843
O            1.29894378886512       -2.89131370995290        4.01543396118253
O           -1.42759289817269        0.28135887834188        5.49764069238819
O            1.84903272378915       -0.21866155003975        4.61239366803399
O           -2.68046922602258       -4.95768769371178        3.37843922285660
O           -2.40503497906387       -4.72727023818524        0.64421492087785
O            0.28177407242272       -5.94938241569232        2.04145657402742
O           -3.42509267516910       -2.47441343707766        2.38674128916455
O           -0.71789340216171       -3.31136532953339        2.15609782990318
O           -2.90869654823031       -1.33710292289059       -0.11637714085251
O            0.04060937074513       -3.07623931046423       -0.38188779945099
