33
 energy: -86.917269216242 gnorm: 5.391633953679 xtb: 6.7.1pre (5071a88)
Ti          -3.00000000000000       -2.60000000000000        1.25000000000000
Ti           0.00000000000000       -2.60000000000000        1.25000000000000
Ti           3.00000000000000       -2.60000000000000        1.25000000000000
Ti          -1.50000000000000        0.00000000000000        1.25000000000000
Ti           1.50000000000000        0.00000000000000        1.25000000000000
Ti           0.00000000000000        2.60000000000000        1.25000000000000
Ti          -3.00000000000000       -2.60000000000000       -1.25000000000000
Ti           0.00000000000000       -2.60000000000000       -1.25000000000000
Ti           3.00000000000000       -2.60000000000000       -1.25000000000000
Ti          -1.50000000000000        0.00000000000000       -1.25000000000000
Ti           1.50000000000000        0.00000000000000       -1.25000000000000
Ti           0.00000000000000        2.60000000000000       -1.25000000000000
C           -1.50000000000000       -1.30000000000000        0.00000000000000
C            1.50000000000000       -1.30000000000000        0.00000000000000
C            0.00000000000000        1.30000000000000        0.00000000000000
C           -3.00000000000000        0.00000000000000        0.00000000000000
C            3.00000000000000        0.00000000000000        0.00000000000000
C           -1.50000000000000        2.60000000000000        0.00000000000000
C            1.50000000000000        2.60000000000000        0.00000000000000
O           -3.00000000000000       -2.60000000000000        2.45000000000000
O            0.00000000000000       -2.60000000000000        2.45000000000000
O            3.00000000000000       -2.60000000000000        2.45000000000000
O           -1.50000000000000        0.00000000000000        2.45000000000000
O            1.50000000000000        0.00000000000000        2.45000000000000
O           -1.50000000000000        2.60000000000000        2.45000000000000
O            1.50000000000000        2.60000000000000        2.45000000000000
O           -3.00000000000000       -2.60000000000000       -2.45000000000000
O            0.00000000000000       -2.60000000000000       -2.45000000000000
O            3.00000000000000       -2.60000000000000       -2.45000000000000
O           -1.50000000000000        0.00000000000000       -2.45000000000000
O            1.50000000000000        0.00000000000000       -2.45000000000000
O           -1.50000000000000        2.60000000000000       -2.45000000000000
O            1.50000000000000        2.60000000000000       -2.45000000000000
33
 energy: -89.028745682846 gnorm: 1.653465218626 xtb: 6.7.1pre (5071a88)
Ti          -3.00574682498320       -2.60348222239012        1.17654023609457
Ti           0.00000000870724       -2.60437481240229        1.17857605269509
Ti           3.00574682935595       -2.60348222304808        1.17654026487394
Ti          -1.49628016636118        0.00867309892019        1.19006645429774
Ti           1.49628017007582        0.00867308969757        1.19006644947658
Ti           0.00000000036640        2.61114862890634        1.28300419001534
Ti          -3.00574682497654       -2.60348222242929       -1.17654023610203
Ti           0.00000000863852       -2.60437481240942       -1.17857605269157
Ti           3.00574682936658       -2.60348222302494       -1.17654026486358
Ti          -1.49628016632360        0.00867309872037       -1.19006645486743
Ti           1.49628017013388        0.00867308987220       -1.19006644892620
Ti          -0.00000000090316        2.61114862888997       -1.28300419009094
C           -1.50500810630822       -1.31420826158846        0.00000000010290
C            1.50500807438441       -1.31420825140659       -0.00000000010513
C           -0.00000000177595        1.29473098329689        0.00000000000516
C           -3.00363913568491       -0.00719734484411        0.00000000016536
C            3.00363914673693       -0.00719732728216       -0.00000000015939
C           -1.50077081125574        2.58934722101266       -0.00000000350766
C            1.50077081005734        2.58934722325243        0.00000000324428
O           -2.99583156346221       -2.59644928396387        2.53217387059594
O            0.00000000057086       -2.59690604527299        2.53118319913367
O            2.99583156423474       -2.59644929276183        2.53217387631852
O           -1.49716591134661        0.00490120362826        2.53567158130781
O            1.49716590449713        0.00490121153101        2.53567158084427
O           -1.49555697274512        2.59876976307507        2.44097592299878
O            1.49555697280434        2.59876976288161        2.44097591925074
O           -2.99583156346162       -2.59644928396252       -2.53217387058390
O            0.00000000054556       -2.59690604526730       -2.53118319913274
O            2.99583156423489       -2.59644929275898       -2.53217387633054
O           -1.49716591144758        0.00490120389658       -2.53567158139300
O            1.49716590439069        0.00490121131239       -2.53567158075551
O           -1.49555697178858        2.59876976252627       -2.44097591846657
O            1.49555697372293        2.59876976339315       -2.44097592344449
33
 energy: -89.603209445998 gnorm: 0.937714329989 xtb: 6.7.1pre (5071a88)
Ti          -3.00052644308750       -2.58305191043670        1.18712583206202
Ti           0.00000006933522       -2.59701634468336        1.18946220088964
Ti           3.00052641357359       -2.58305220696656        1.18712616791023
Ti          -1.49382083517412        0.05744818875641        1.21642041310852
Ti           1.49382075005371        0.05744823887354        1.21642028125914
Ti          -0.00000003992693        2.62946027750105        1.36786736104116
Ti          -3.00052644108052       -2.58305190700122       -1.18712583107507
Ti           0.00000006917340       -2.59701634209858       -1.18946220183744
Ti           3.00052641162714       -2.58305220428208       -1.18712616717024
Ti          -1.49382083609941        0.05744819129422       -1.21642041677307
Ti           1.49382074891335        0.05744823518527       -1.21642027799502
Ti          -0.00000003398910        2.62946027895548       -1.36786735868341
C           -1.49960271282495       -1.33788898745736       -0.00000000015320
C            1.49960259026571       -1.33788897773953       -0.00000000075426
C            0.00000001375628        1.30123548459200       -0.00000000020386
C           -3.00650664268323       -0.04218663394776        0.00000000034880
C            3.00650687963378       -0.04218705610925       -0.00000000217611
C           -1.49058786400489        2.55632989438459       -0.00000003041928
C            1.49058763127695        2.55633060373645        0.00000004111659
O           -3.01312673121026       -2.61379746912123        2.60500330898871
O            0.00000007068292       -2.61152817077653        2.60307353533904
O            3.01312674083387       -2.61379737463024        2.60500352424055
O           -1.49690348723010       -0.00487005951353        2.62145630544629
O            1.49690351174000       -0.00487003531686        2.62145621900709
O           -1.47949238045797        2.59537736032223        2.40757110964396
O            1.47949240660388        2.59537733807954        2.40757118031575
O           -3.01312673109890       -2.61379746857736       -2.60500330806575
O            0.00000007012471       -2.61152817142577       -2.60307353557068
O            3.01312674105620       -2.61379737446951       -2.60500352361771
O           -1.49690348718930       -0.00487005934912       -2.62145630745104
O            1.49690351106175       -0.00487003744133       -2.62145621731050
O           -1.47949237570101        2.59537735417740       -2.40757106965237
O            1.47949241204573        2.59537734548574       -2.40757123180845
33
 energy: -90.007397923138 gnorm: 0.455271323958 xtb: 6.7.1pre (5071a88)
Ti          -2.99469292678316       -2.54998289880748        1.19670489173977
Ti           0.00000011605340       -2.58233213292363        1.20067529479832
Ti           2.99469283455523       -2.54998370752080        1.19670502854650
Ti          -1.49193238268157        0.12452405927981        1.23648528697572
Ti           1.49193224824094        0.12452420822938        1.23648499780196
Ti          -0.00000031825808        2.66561125846004        1.46057931127823
Ti          -2.99469292473623       -2.54998289715181       -1.19670489144671
Ti           0.00000011984545       -2.58233213417924       -1.20067529348064
Ti           2.99469283723426       -2.54998371220855       -1.19670503060731
Ti          -1.49193238144538        0.12452406694528       -1.23648529278422
Ti           1.49193224942012        0.12452420291368       -1.23648499102847
Ti          -0.00000023957872        2.66561125634155       -1.46057931427686
C           -1.50192506268315       -1.35139065825377       -0.00000000099800
C            1.50192481903665       -1.35139102644992        0.00000000272091
C            0.00000016900883        1.32849922310002        0.00000000013174
C           -3.01093606806316       -0.09466943169715       -0.00000000064235
C            3.01093691095241       -0.09467096205140        0.00000000285527
C           -1.46889179161360        2.49720041519161       -0.00000016287873
C            1.46889090954944        2.49720305273810        0.00000013973543
O           -3.03496012986803       -2.64095579925578        2.67874790339382
O            0.00000014660101       -2.63173913642488        2.67675879290724
O            3.03496020202946       -2.64095537436931        2.67874795488817
O           -1.49468485450695       -0.02977671855613        2.70157170018108
O            1.49468496013785       -0.02977648137480        2.70157147506898
O           -1.45036317166789        2.58772629415434        2.35754533311619
O            1.45036332713539        2.58772612487208        2.35754550831658
O           -3.03496012826494       -2.64095579457746       -2.67874790353373
O            0.00000013975362       -2.63173913656087       -2.67675879223637
O            3.03496020550384       -2.64095538136069       -2.67874795634154
O           -1.49468486536427       -0.02977669573181       -2.70157170271746
O            1.49468494945590       -0.02977649820128       -2.70157147139026
O           -1.45036319950828        2.58772627288304       -2.35754519653129
O            1.45036330050962        2.58772614254786       -2.35754562356196
33
 energy: -90.266861725202 gnorm: 0.271391916362 xtb: 6.7.1pre (5071a88)
Ti          -2.99220436755027       -2.50444670184040        1.23374757551897
Ti           0.00000008804889       -2.56046248659795        1.23823462147835
Ti           2.99220438190324       -2.50444753686176        1.23374776006125
Ti          -1.49418454856631        0.19584538538243        1.27209697488936
Ti           1.49418431355062        0.19584563807139        1.27209627358334
Ti           0.00000001482064        2.71740811215469        1.53596027906648
Ti          -2.99220435913320       -2.50444670882612       -1.23374754271724
Ti          -0.00000051722193       -2.56046248826770       -1.23823461447402
Ti           2.99220438869029       -2.50444753703105       -1.23374778462260
Ti          -1.49418455326309        0.19584538913040       -1.27209696119599
Ti           1.49418430924017        0.19584564739833       -1.27209628691583
Ti           0.00000012935637        2.71740811208671       -1.53596029885850
C           -1.50436759041099       -1.33784288591850        0.00000000981569
C            1.50436772580171       -1.33784353215817       -0.00000000637334
C            0.00000005019501        1.37747624260251       -0.00000001226205
C           -3.00479309874716       -0.17578936878777        0.00000001042846
C            3.00479444782505       -0.17579213643015       -0.00000000878740
C           -1.43119380546628        2.41311091574039       -0.00000022032971
C            1.43119259637570        2.41311546292440       -0.00000001120118
O           -3.06200758648330       -2.67452724335363        2.75757555846333
O           -0.00000002009663       -2.65823396087461        2.75565229736274
O            3.06200746060709       -2.67452701316819        2.75757568475990
O           -1.49504873124759       -0.05736538090634        2.77539104064155
O            1.49504913440350       -0.05736534759024        2.77539044602019
O           -1.43809202268810        2.57202955661752        2.30665601486455
O            1.43809172627485        2.57202961632267        2.30665615693092
O           -3.06200761312350       -2.67452723238417       -2.75757552663037
O            0.00000061940630       -2.65823395327658       -2.75565229198588
O            3.06200743572271       -2.67452700717906       -2.75757570939783
O           -1.49504875300218       -0.05736534990080       -2.77539102507275
O            1.49504910280519       -0.05736532811528       -2.77539045679717
O           -1.43809207290323        2.57202952316228       -2.30665581423937
O            1.43809171487643        2.57202959787477       -2.30665613202379
33
 energy: -90.459609437325 gnorm: 0.240315418732 xtb: 6.7.1pre (5071a88)
Ti          -2.98964803950693       -2.45384215780524        1.27097035561256
Ti           0.00000005292228       -2.53388542701922        1.27928333339004
Ti           2.98964822427906       -2.45384192801640        1.27096994314506
Ti          -1.50049567132893        0.26950821514444        1.31575845483703
Ti           1.50049539999042        0.26950819728428        1.31575831861578
Ti           0.00000026711338        2.79478325504555        1.59513779270604
Ti          -2.98964810461493       -2.45384219659843       -1.27097033130186
Ti          -0.00000053250847       -2.53388543786098       -1.27928332114969
Ti           2.98964817577024       -2.45384192052003       -1.27096996795193
Ti          -1.50049568619186        0.26950823076153       -1.31575842972208
Ti           1.50049539510851        0.26950817767445       -1.31575833221831
Ti           0.00000043664750        2.79478329893118       -1.59513779264361
C           -1.50693574251623       -1.29850173814317        0.00000000380948
C            1.50693603870956       -1.29850190107840       -0.00000000117879
C           -0.00000067424785        1.44720021632680       -0.00000003291447
C           -2.97925033547687       -0.28503255848608        0.00000001344881
C            2.97924994052618       -0.28503333720446       -0.00000000699436
C           -1.37780073757469        2.32700066591375       -0.00000022834125
C            1.37780077420871        2.32700248805087        0.00000002660998
O           -3.09869692691258       -2.71346793400819        2.82031354027387
O           -0.00000013155228       -2.69231882140272        2.82331904974364
O            3.09869677032581       -2.71346814018648        2.82031324994139
O           -1.49863003973108       -0.08328988817501        2.84006880155874
O            1.49863056130497       -0.08329032598833        2.84006869481745
O           -1.46324350192832        2.53826878283502        2.26220068461425
O            1.46324338537604        2.53826924509002        2.26220070806969
O           -3.09869692970139       -2.71346792692561       -2.82031351752932
O            0.00000052193054       -2.69231881191776       -2.82331904081938
O            3.09869676536806       -2.71346813501382       -2.82031327490974
O           -1.49863006434732       -0.08328985491820       -2.84006878059925
O            1.49863052821398       -0.08329032120820       -2.84006870607358
O           -1.46324355724940        2.53826875086308       -2.26220042066856
O            1.46324343759392        2.53826923855581       -2.26220078617754
33
 energy: -90.623893033645 gnorm: 0.244128196795 xtb: 6.7.1pre (5071a88)
Ti          -2.98749478124500       -2.41565067795008        1.31302462643073
Ti           0.00000018465744       -2.50451915322694        1.32229729780764
Ti           2.98749475228934       -2.41565075001934        1.31302499470266
Ti          -1.50619631010138        0.35134331246695        1.36230421737994
Ti           1.50619628896983        0.35134321727430        1.36230397867874
Ti           0.00000000580337        2.87901347336349        1.64397696108772
Ti          -2.98749489726206       -2.41565075043205       -1.31302460035935
Ti          -0.00000031648802       -2.50451916881627       -1.32229728477027
Ti           2.98749465684778       -2.41565073283941       -1.31302502757853
Ti          -1.50619633376077        0.35134334968234       -1.36230418219407
Ti           1.50619627830676        0.35134316514585       -1.36230400013440
Ti           0.00000020904063        2.87901352273889       -1.64397697113042
C           -1.52634925127296       -1.23803961177355       -0.00000000101069
C            1.52635000110111       -1.23803954484338        0.00000000611242
C           -0.00000060835248        1.51346497583290       -0.00000005206071
C           -2.92280940674424       -0.40345847717597        0.00000001593938
C            2.92280923819956       -0.40345986072158       -0.00000000242907
C           -1.30609494241230        2.23457635696841       -0.00000025764627
C            1.30609471630335        2.23457879620941        0.00000008165565
O           -3.14033804362697       -2.74709399916087        2.87405483832077
O           -0.00000031927070       -2.72695287612449        2.88190933547001
O            3.14033761212655       -2.74709408322836        2.87405522368378
O           -1.50262046727335       -0.10267755146989        2.89383582141863
O            1.50262109762229       -0.10267795889396        2.89383555780809
O           -1.49366932456117        2.49040263740914        2.21577886344292
O            1.49366936223270        2.49040309228350        2.21577889076599
O           -3.14033802298242       -2.74709399666518       -2.87405481828200
O            0.00000033473705       -2.72695286533015       -2.88190932737827
O            3.14033763382344       -2.74709407827408       -2.87405525446566
O           -1.50262049317134       -0.10267751180255       -2.89383579666148
O            1.50262106453869       -0.10267796326251       -2.89383557774838
O           -1.49366935100177        2.49040260743698       -2.21577850790985
O            1.49366943292707        2.49040310519852       -2.21577904894555
33
 energy: -90.749930190235 gnorm: 0.235753597655 xtb: 6.7.1pre (5071a88)
Ti          -2.98541503349789       -2.39398439797488        1.36561602355230
Ti           0.00000039590976       -2.48164581198123        1.37385247078870
Ti           2.98541480118507       -2.39398439933892        1.36561622548845
Ti          -1.51090363934801        0.43034700880301        1.41806611575177
Ti           1.51090408194536        0.43034676432702        1.41806533920105
Ti          -0.00000014597132        2.94894650330499        1.66823208942132
Ti          -2.98541518349972       -2.39398446908919       -1.36561598294492
Ti          -0.00000006289695       -2.48164583233762       -1.37385245485221
Ti           2.98541467137981       -2.39398437767259       -1.36561627093949
Ti          -1.51090366689193        0.43034704041110       -1.41806607892583
Ti           1.51090406455264        0.43034671100418       -1.41806535474422
Ti           0.00000009018835        2.94894652251119       -1.66823212158687
C           -1.56496976291193       -1.15485475247211       -0.00000000353046
C            1.56496869103491       -1.15485492145429        0.00000001117331
C            0.00000011199636        1.53986369603091       -0.00000004756268
C           -2.82760964058853       -0.51461702061259        0.00000000722974
C            2.82761107040762       -0.51461770153347        0.00000000833897
C           -1.25371339688300        2.17609201524412       -0.00000028190357
C            1.25371292782876        2.17609361275805        0.00000009446473
O           -3.18769158257878       -2.77385313254972        2.92322759740038
O           -0.00000056540620       -2.76116149723747        2.93649140359960
O            3.18769107737773       -2.77385320238443        2.92322771288459
O           -1.50899253199547       -0.12190897686887        2.94122713783540
O            1.50899320925128       -0.12190931394244        2.94122635236643
O           -1.50926139556057        2.44305365932824        2.16302642690618
O            1.50926121455230        2.44305434029763        2.16302653712871
O           -3.18769154811641       -2.77385313713084       -2.92322757232964
O            0.00000011648618       -2.76116148405569       -2.93649139409750
O            3.18769111363039       -2.77385319189752       -2.92322775064213
O           -1.50899255256491       -0.12190895024745       -2.94122711648712
O            1.50899317523673       -0.12190929742508       -2.94122636983943
O           -1.50926141557413        2.44305360642370       -2.16302598335072
O            1.50926131132254        2.44305438776234       -2.16302676979471
33
 energy: -90.829015577729 gnorm: 0.222568256316 xtb: 6.7.1pre (5071a88)
Ti          -2.98301452295308       -2.38703373879699        1.43468475751047
Ti           0.00000046522326       -2.48509537158509        1.43462334957954
Ti           2.98301605989428       -2.38703357794736        1.43468433821891
Ti          -1.52853378288915        0.48939011492707        1.47946860869297
Ti           1.52853246597338        0.48938999667668        1.47946870030348
Ti          -0.00000031107187        3.00984144595674        1.65064106951489
Ti          -2.98301471285189       -2.38703382671682       -1.43468470828000
Ti           0.00000001995829       -2.48509539053738       -1.43462332990183
Ti           2.98301588435341       -2.38703353420032       -1.43468439105714
Ti          -1.52853381305613        0.48939011973402       -1.47946856563198
Ti           1.52853244579188        0.48938993564758       -1.47946871680229
Ti          -0.00000002993736        3.00984146151566       -1.65064111667397
C           -1.55204597595463       -1.05551189002831       -0.00000000263082
C            1.55205103855458       -1.05551178469206        0.00000001547200
C            0.00000018717719        1.52578376946608       -0.00000004668587
C           -2.74396159266307       -0.56310332156974       -0.00000000170531
C            2.74395806981864       -0.56310646204741        0.00000000725620
C           -1.26473626718365        2.15962169416436       -0.00000029815162
C            1.26473545578730        2.15962236464563        0.00000011452332
O           -3.24658109627478       -2.79905354517709        2.97219811699126
O           -0.00000034420714       -2.79887382550037        2.98582394927515
O            3.24658089824040       -2.79905433469384        2.97219768368009
O           -1.52261920204728       -0.13696936525257        2.97774553978231
O            1.52261921183762       -0.13696997170022        2.97774565683300
O           -1.51940995811926        2.39378196800352        2.10866940318625
O            1.51940950546783        2.39378303924265        2.10866922974407
O           -3.24658104921106       -2.79905355697287       -2.97219809343995
O            0.00000039820573       -2.79887381570489       -2.98582393864528
O            3.24658094381089       -2.79905431170395       -2.97219772097450
O           -1.52261922350658       -0.13696934548638       -2.97774551363709
O            1.52261917409242       -0.13696996423997       -2.97774567938953
O           -1.51940997247389        2.39378190227973       -2.10866888228002
O            1.51940963021375        2.39378312229395       -2.10866953467658
33
 energy: -90.893771154534 gnorm: 0.147122879126 xtb: 6.7.1pre (5071a88)
Ti          -2.98770430004904       -2.38513306833900        1.49924727075319
Ti          -0.00000320222299       -2.51182179028651        1.49936248084795
Ti           2.98770208072062       -2.38513210865013        1.49924694592681
Ti          -1.57101673313530        0.54164259687976        1.53036918381822
Ti           1.57102188618569        0.54164287590875        1.53036717523271
Ti          -0.00000023709758        3.05033225397576        1.62972482285229
Ti          -2.98770442772312       -2.38513314984684       -1.49924718505965
Ti          -0.00000364806784       -2.51182180875271       -1.49936246834571
Ti           2.98770191780358       -2.38513207029710       -1.49924704312394
Ti          -1.57101677374740        0.54164260891737       -1.53036917971177
Ti           1.57102187517727        0.54164280765041       -1.53036716441812
Ti           0.00000011076967        3.05033223331931       -1.62972490082731
C           -1.43573963712405       -0.95810983565139       -0.00000000709908
C            1.43572426361135       -0.95811145659976        0.00000002908029
C            0.00000070610816        1.49138645954835       -0.00000003425498
C           -2.73634595224781       -0.57990876827696       -0.00000001241197
C            2.73635865478033       -0.57990525851719        0.00000002999650
C           -1.27046941533196        2.15451776791044       -0.00000035172883
C            1.27046964002440        2.15451793332492        0.00000016275739
O           -3.31350021817350       -2.82394506147174        3.00556147392174
O           -0.00000079868752       -2.84225521030907        3.03031151200554
O            3.31349946968690       -2.82394495905917        3.00556105346452
O           -1.53958829032142       -0.14066102051535        2.99226164472675
O            1.53959072750517       -0.14066001561685        2.99225968428545
O           -1.52330405008848        2.35387151960059        2.06795590913218
O            1.52330428442559        2.35387058733798        2.06795587142445
O           -3.31350017831219       -2.82394508211905       -3.00556143180392
O           -0.00000004121077       -2.84225520818632       -3.03031150913742
O            3.31349953032037       -2.82394494370742       -3.00556111897480
O           -1.53958833909335       -0.14066098723945       -2.99226165962308
O            1.53959070230711       -0.14066000307672       -2.99225968206817
O           -1.52330407345466        2.35387146962228       -2.06795521103792
O            1.52330446666281        2.35387069252284       -2.06795629059919
33
 energy: -90.946271615609 gnorm: 0.098404584828 xtb: 6.7.1pre (5071a88)
Ti          -3.01815396582746       -2.39179107249878        1.57267004968985
Ti           0.00000520606728       -2.50102990350049        1.56326705386049
Ti           3.01815131289105       -2.39179182037041        1.57266983730874
Ti          -1.58122658600186        0.56811174199216        1.59759185937015
Ti           1.58122486001781        0.56810648076479        1.59759134758232
Ti           0.00000021039947        3.07802945649787        1.62905196581430
Ti          -3.01815409683860       -2.39179115474584       -1.57266992233392
Ti           0.00000474526461       -2.50102993767962       -1.56326704047967
Ti           3.01815108818207       -2.39179178445622       -1.57266995225301
Ti          -1.58122664102212        0.56811175882540       -1.59759187708532
Ti           1.58122487387534        0.56810641208588       -1.59759135076893
Ti           0.00000066595974        3.07802945173058       -1.62905208177529
C           -1.38642408539743       -0.87533579703072       -0.00000000988773
C            1.38642066126541       -0.87533940825319        0.00000003843189
C           -0.00000056457879        1.44744942940892       -0.00000005371816
C           -2.65686513447961       -0.54364030326666       -0.00000001314183
C            2.65686302182185       -0.54362605955951        0.00000003181095
C           -1.24665612237042        2.15732821770036       -0.00000045671485
C            1.24665796101439        2.15733364345025        0.00000020692354
O           -3.40895942756299       -2.86645536982410        3.04047435700829
O            0.00000190548606       -2.91467440050506        3.07369692005746
O            3.40895891494997       -2.86645466077938        3.04047389153953
O           -1.53281139599551       -0.18813224272420        3.01211900902488
O            1.53281085832260       -0.18813572212534        3.01211842989181
O           -1.50607553794140        2.39106512771540        2.05039924552757
O            1.50607542045569        2.39106758321251        2.05040284964345
O           -3.40895938852425       -2.86645539320798       -3.04047429561612
O            0.00000280158706       -2.91467440202570       -3.07369691604075
O            3.40895899690249       -2.86645461839519       -3.04047395423081
O           -1.53281147563507       -0.18813217378154       -3.01211904908573
O            1.53281084547494       -0.18813573801727       -3.01211844818153
O           -1.50607558081157        2.39106505344894       -2.05039833867284
O            1.50607565304926        2.39106760591411       -2.05040333349865
33
 energy: -90.989606325626 gnorm: 0.092059455055 xtb: 6.7.1pre (5071a88)
Ti          -3.03174051700689       -2.40095974881808        1.63196721957550
Ti           0.00000900290346       -2.49070585025694        1.62686394682208
Ti           3.03174559940277       -2.40096192168186        1.63196698679510
Ti          -1.59624959112884        0.60906502568679        1.64371654608026
Ti           1.59624321166449        0.60906769376946        1.64371846274298
Ti          -0.00000121407564        3.14696821760234        1.62856373846867
Ti          -3.03174065049050       -2.40095985031898       -1.63196703564306
Ti           0.00000843288224       -2.49070590797799       -1.62686391586707
Ti           3.03174532656196       -2.40096190645309       -1.63196710922945
Ti          -1.59624966657824        0.60906493591117       -1.64371655701514
Ti           1.59624327785589        0.60906770138788       -1.64371847526648
Ti          -0.00000060649540        3.14696820720912       -1.62856391249635
C           -1.34345872979647       -0.79255299868807        0.00000002677405
C            1.34348010173195       -0.79254984127679        0.00000002451118
C            0.00000224578671        1.44435672858826       -0.00000006905650
C           -2.60381206185976       -0.48205750408119       -0.00000000890412
C            2.60379318260302       -0.48206122851505        0.00000004178339
C           -1.24454631389216        2.14769404549866       -0.00000063610375
C            1.24454136930978        2.14767385989310        0.00000022473644
O           -3.52830328459831       -2.91823989486793        3.06131131402552
O           -0.00000070334169       -3.02566156703722        3.11838071240740
O            3.52830471770864       -2.91823929903422        3.06131072792863
O           -1.52316863730789       -0.21929834569282        3.00797331702635
O            1.52316773777899       -0.21929769631657        3.00797563069581
O           -1.49149700248490        2.39150068903721        2.05843247666942
O            1.49149030384040        2.39151115518937        2.05842828974912
O           -3.52830320806755       -2.91823987639941       -3.06131121906337
O            0.00000038900458       -3.02566156639095       -3.11838069102114
O            3.52830483668671       -2.91823920795819       -3.06131077294545
O           -1.52316875989680       -0.21929835989518       -3.00797335715723
O            1.52316773408473       -0.21929766135181       -3.00797566566094
O           -1.49149703893282        2.39150076673297       -2.05843133856404
O            1.49149051614753        2.39151120650581       -2.05842892279776
33
 energy: -91.037823982636 gnorm: 0.107520993260 xtb: 6.7.1pre (5071a88)
Ti          -3.04667886511086       -2.42230926776683        1.70376964386871
Ti          -0.00002730734682       -2.50842969054332        1.72190688473265
Ti           3.04666928931205       -2.42228648148660        1.70376199863061
Ti          -1.62144700787253        0.64203628888546        1.68137275201204
Ti           1.62148281942909        0.64204752783751        1.68136394675460
Ti           0.00000093156137        3.21600190357638        1.63676037821665
Ti          -3.04667908362368       -2.42230935806127       -1.70376943041490
Ti          -0.00002789960695       -2.50842977917902       -1.72190683513177
Ti           3.04666894214545       -2.42228649598769       -1.70376212311488
Ti          -1.62144710075238        0.64203608499584       -1.68137275121213
Ti           1.62148294347553        0.64204761260127       -1.68136398183485
Ti           0.00000165276216        3.21600201567523       -1.63676059415343
C           -1.30843785081710       -0.72070916985321        0.00000004481342
C            1.30833549918406       -0.72070656357705        0.00000002211136
C            0.00000302065769        1.44593659588020       -0.00000013008329
C           -2.57530170612817       -0.42505034276950       -0.00000000242790
C            2.57537435515399       -0.42509912232357        0.00000002348031
C           -1.23809967064460        2.14085798819502       -0.00000081428734
C            1.23810027436173        2.14086012781766        0.00000023413157
O           -3.64927619562253       -2.95353668019957        3.08006252626014
O           -0.00000983085251       -3.13805170333752        3.18293170465544
O            3.64927746288389       -2.95353537711550        3.08005493951835
O           -1.50965307091139       -0.27135784348382        2.97946594039517
O            1.50967302630221       -0.27134571238325        2.97945767497149
O           -1.48453872050308        2.43636941330034        2.08116802195092
O            1.48453996504670        2.43635295454919        2.08116433913294
O           -3.64927610549887       -2.95353667405799       -3.08006243548300
O           -0.00000850989047       -3.13805170934245       -3.18293166801313
O            3.64927760469551       -2.95353522929332       -3.08005495161261
O           -1.50965323276863       -0.27135785861554       -2.97946597925460
O            1.50967298605354       -0.27134566527155       -2.97945773957487
O           -1.48453884045325        2.43636933225603       -2.08116666152302
O            1.48454022537884        2.43635287907812       -2.08116497751464
33
 energy: -91.069677128135 gnorm: 0.114733661122 xtb: 6.7.1pre (5071a88)
Ti          -3.08696712045121       -2.49095176965202        1.78959322745931
Ti           0.00004349655270       -2.51586872154420        1.79596993831574
Ti           3.08698576814556       -2.49096426725775        1.78959025225151
Ti          -1.62639626215983        0.69493073199906        1.70640528263742
Ti           1.62634012908680        0.69490732248979        1.70641877274944
Ti           0.00000318799769        3.27421387690898        1.65326724992332
Ti          -3.08696728808269       -2.49095175858611       -1.78959295689800
Ti           0.00004280339135       -2.51586881659482       -1.79596987126650
Ti           3.08698543198875       -2.49096434813733       -1.78959040018815
Ti          -1.62639637011866        0.69493039942414       -1.70640528971907
Ti           1.62634029347236        0.69490745184442       -1.70641879235822
Ti           0.00000395714138        3.27421398466461       -1.65326750739386
C           -1.32481933235357       -0.65876504468786        0.00000007622745
C            1.32501377712195       -0.65877610233574        0.00000002289930
C           -0.00000283243457        1.46723543426850       -0.00000014224345
C           -2.54202382366582       -0.31151322985055       -0.00000000902870
C            2.54186875178537       -0.31149247857378        0.00000003687569
C           -1.22648414112777        2.13918244379019       -0.00000093650609
C            1.22648587977141        2.13919246172936        0.00000021480817
O           -3.75349215992211       -2.99295897977378        3.12462163521637
O            0.00000087139162       -3.22142188654003        3.23329477171532
O            3.75347869423768       -2.99294786709283        3.12461700776085
O           -1.48253115038336       -0.30296537466610        2.95368181158841
O            1.48251562812460       -0.30298730609698        2.95369548349408
O           -1.48297200036340        2.44723500354670        2.09740223629687
O            1.48297118028597        2.44724754158323        2.09740004603865
O           -3.75349204426724       -2.99295897677802       -3.12462151976319
O            0.00000229987417       -3.22142190157547       -3.23329472257649
O            3.75347886188298       -2.99294767697963       -3.12461701210163
O           -1.48253133731002       -0.30296549712855       -2.95368187587210
O            1.48251555673431       -0.30298720146514       -2.95369553235967
O           -1.48297213862679        2.44723495549592       -2.09740073397145
O            1.48297143228033        2.44724759757132       -2.09740076401138
33
 energy: -91.099352039888 gnorm: 0.122152311987 xtb: 6.7.1pre (5071a88)
Ti          -3.03869243551339       -2.49611704797269        1.83436713031131
Ti          -0.00013481652112       -2.54438803940631        1.87624031305814
Ti           3.03855682863744       -2.49599521160957        1.83431156202506
Ti          -1.64157765885288        0.72075670936017        1.71135254418660
Ti           1.64178546745681        0.72079550680245        1.71130387465729
Ti           0.00000770687097        3.32362938225009        1.66352375340757
Ti          -3.03869271412230       -2.49611701666698       -1.83436683286683
Ti          -0.00013544888472       -2.54438816028614       -1.87624022990227
Ti           3.03855640222482       -2.49599535049128       -1.83431171650410
Ti          -1.64157775985783        0.72075630162737       -1.71135256223818
Ti           1.64178562554504        0.72079569203859       -1.71130389294760
Ti           0.00000845282470        3.32362953073627       -1.66352402447195
C           -1.29680691938018       -0.62741674067564        0.00000007320937
C            1.29631099160515       -0.62741572326750        0.00000002030960
C            0.00003174498658        1.49242908680260       -0.00000016887374
C           -2.54528662909729       -0.29015994255078        0.00000001370044
C            2.54566514568917       -0.29033283700093        0.00000001038509
C           -1.22838239307524        2.16757801470710       -0.00000100203521
C            1.22839685798309        2.16757790231031        0.00000014780127
O           -3.88248977170975       -3.02791083558457        3.13626380463604
O           -0.00004162129734       -3.30223852883284        3.29091102527417
O            3.88248503729225       -3.02789402187285        3.13620976777409
O           -1.46452418351737       -0.34458457149793        2.91241424927135
O            1.46465239017837       -0.34453340278747        2.91236722860194
O           -1.48095968444856        2.48619830880537        2.11983338545832
O            1.48096775668570        2.48615206729162        2.11983159170928
O           -3.88248958080874       -3.02791084632835       -3.13626368595463
O           -0.00004006466340       -3.30223855159862       -3.29091096605474
O            3.88248524990015       -3.02789376746513       -3.13620975218716
O           -1.46452436010850       -0.34458472451125       -2.91241434332291
O            1.46465221615611       -0.34453321767304       -2.91236727266158
O           -1.48095986229652        2.48619802216985       -2.11983181670065
O            1.48096803011874        2.48615201317751       -2.11983222905545
33
 energy: -91.132920300183 gnorm: 0.111396124374 xtb: 6.7.1pre (5071a88)
Ti          -3.03883438653888       -2.49301754430351        1.88027257724689
Ti           0.00024289379615       -2.57190272726470        1.97598498481842
Ti           3.03903782969698       -2.49319909661382        1.88030819854107
Ti          -1.65080159427822        0.73786710989232        1.69150254397608
Ti           1.65047628676915        0.73773812049777        1.69155506911766
Ti           0.00000803203791        3.36633570747934        1.67577471555073
Ti          -3.03883465059044       -2.49301751417691       -1.88027223296511
Ti           0.00024231271125       -2.57190287676642       -1.97598487786414
Ti           3.03903749193827       -2.49319926779776       -1.88030834806372
Ti          -1.65080174296949        0.73786654589416       -1.69150259393912
Ti           1.65047649201847        0.73773830573589       -1.69155504887250
Ti           0.00000869229454        3.36633592418929       -1.67577498828682
C           -1.32177415931272       -0.64019355718282        0.00000010224460
C            1.32261950666718       -0.64027711848875        0.00000003598953
C           -0.00003752924778        1.53997525218355       -0.00000022331697
C           -2.57598097434946       -0.28138552097727        0.00000005244441
C            2.57532583640303       -0.28089253156046        0.00000003545692
C           -1.24715268826101        2.19269202294144       -0.00000105755525
C            1.24716366963130        2.19265639162349        0.00000005072255
O           -3.94180033083254       -3.00762109172972        3.13788977384242
O            0.00005786290759       -3.37845895857878        3.35871083020534
O            3.94171797934666       -3.00760679134103        3.13791918359957
O           -1.43584064329671       -0.38450499688363        2.83658740279198
O            1.43565856590727       -0.38463786182177        2.83664163385022
O           -1.48522718646705        2.49381123313748        2.14696836022010
O            1.48522231010203        2.49390958925177        2.14696663410534
O           -3.94180016783792       -3.00762114993180       -3.13788964329803
O            0.00005950578997       -3.37845901025719       -3.35871075789888
O            3.94171814855996       -3.00760647329451       -3.13791912615003
O           -1.43584087951761       -0.38450534544417       -2.83658756392947
O            1.43565833380121       -0.38463761122953       -2.83664162791523
O           -1.48522732870700        2.49381107749002       -2.14696681402515
O            1.48522251182788        2.49390976532737       -2.14696728064349
33
 energy: -91.174141806124 gnorm: 0.072119021054 xtb: 6.7.1pre (5071a88)
Ti          -3.04470649880495       -2.48794607110227        1.91234126910759
Ti          -0.00111950189455       -2.64583624404717        2.09057851678993
Ti           3.04352109458406       -2.48703254818223        1.91200781982538
Ti          -1.65384663918945        0.80163965628578        1.66744503561585
Ti           1.65551024384352        0.80221314952300        1.66709321438241
Ti           0.00000956539481        3.37684761635494        1.71352525146739
Ti          -3.04470687608345       -2.48794612634801       -1.91234086663446
Ti          -0.00111994392504       -2.64583657854550       -2.09057841306512
Ti           3.04352091311604       -2.48703274493710       -1.91200798314337
Ti          -1.65384686701560        0.80163909762661       -1.66744509867379
Ti           1.65551049269259        0.80221339283034       -1.66709316642529
Ti           0.00001006589144        3.37684782307710       -1.71352548319690
C           -1.39115768407403       -0.64664558519450        0.00000007883302
C            1.38675330608457       -0.64639208931723        0.00000001793924
C            0.00021306238895        1.60021792974085       -0.00000024719092
C           -2.60817815096712       -0.25707102232983        0.00000014008110
C            2.61153213199479       -0.25864428543691        0.00000004069799
C           -1.25444402244551        2.19662746593886       -0.00000110490303
C            1.25445455013910        2.19666170189951       -0.00000006997090
O           -3.98654643914609       -2.98191076383079        3.10810048843267
O           -0.00027798010267       -3.48180367836385        3.42582945186570
O            3.98692519062135       -2.98199058599527        3.10780043484599
O           -1.40386647620179       -0.41723689415304        2.73459598391428
O            1.40478369716151       -0.41664100469037        2.73425543453694
O           -1.49623383443007        2.48889750424485        2.17740953971229
O            1.49626043633319        2.48842329533098        2.17737231476378
O           -3.98654621656551       -2.98191087268725       -3.10810034647828
O           -0.00027624775575       -3.48180370989506       -3.42582939938828
O            3.98692541632554       -2.98199033016753       -3.10780034264905
O           -1.40386680265368       -0.41723719507343       -2.73459622134614
O            1.40478330475843       -0.41664055861653       -2.73425537922997
O           -1.49623395465030        2.48889701872192       -2.17740806640948
O            1.49626066457562        2.48842323733836       -2.17737284410667
33
 energy: -91.203021044424 gnorm: 0.101861714573 xtb: 6.7.1pre (5071a88)
Ti          -3.01376418311313       -2.48732088491719        1.93323328748577
Ti           0.00424864029888       -2.63804182353097        2.19761808463101
Ti           3.01960794791672       -2.49069911088563        1.93445156705167
Ti          -1.65794857733860        0.84132123519940        1.65232597621977
Ti           1.65124608787504        0.83962669616220        1.65378298986687
Ti          -0.00005938360206        3.40072832146114        1.76072864411450
Ti          -3.01376442445601       -2.48732090116437       -1.93323281072712
Ti           0.00424811865040       -2.63804200498578       -2.19761783635690
Ti           3.01960783941843       -2.49069940681008       -1.93445176842250
Ti          -1.65794898048429        0.84132039485569       -1.65232616110383
Ti           1.65124656955417        0.83962690832980       -1.65378304390465
Ti          -0.00005919517536        3.40072948216055       -1.76072885543371
C           -1.43895421719999       -0.66530521367743        0.00000023146351
C            1.45669652643823       -0.66594449035103        0.00000005224918
C           -0.00077605327316        1.66564261419342       -0.00000081761964
C           -2.63809352457877       -0.22732598232289        0.00000003767028
C            2.62469686905638       -0.22320798985796        0.00000000962354
C           -1.24600621126228        2.21045265668484       -0.00000099819651
C            1.24584624006016        2.20924186338013       -0.00000028800310
O           -4.04204467761060       -2.95459717201176        3.06855775213093
O            0.00115291229791       -3.63530760652699        3.49014311886734
O            4.03983351417239       -2.95418499049959        3.06962662552996
O           -1.38486372274748       -0.45520682765385        2.64097323551046
O            1.38104131722566       -0.45718593024797        2.64240309655408
O           -1.51437041852689        2.49389596628672        2.20327374122642
O            1.51421529489668        2.49519671338021        2.20353630115442
O           -4.04204450453311       -2.95459708769352       -3.06855759175947
O            0.00115478509764       -3.63530782744890       -3.49014295250162
O            4.03983375773911       -2.95418448005396       -3.06962652485449
O           -1.38486399447487       -0.45520782339614       -2.64097366868812
O            1.38104077927955       -0.45718583476332       -2.64240314563740
O           -1.51437099470956        2.49389475117102       -2.20327213214678
O            1.51421586310871        2.49519578553334       -2.20353615599399
33
 energy: -91.231326013034 gnorm: 0.138483146638 xtb: 6.7.1pre (5071a88)
Ti          -2.96757166279474       -2.49091236473261        1.95152751636389
Ti          -0.01175267253133       -2.63735661166526        2.31510999004073
Ti           2.94951233241832       -2.48285870809793        1.94817447290006
Ti          -1.64278559972458        0.86607345313316        1.64510729667575
Ti           1.66068716732513        0.86817604927249        1.64100697262481
Ti          -0.00003190348447        3.42118159365220        1.81694859408858
Ti          -2.96757179948920       -2.49091237902835       -1.95152694163124
Ti          -0.01175306757659       -2.63735666419094       -2.31510965379497
Ti           2.94951182065215       -2.48285905175403       -1.94817470613933
Ti          -1.64278621903374        0.86607239235011       -1.64510737282324
Ti           1.66068792750959        0.86817602126002       -1.64100693052003
Ti          -0.00003209203319        3.42118379642817       -1.81694878568643
C           -1.51880780023696       -0.70194107591192        0.00000041724081
C            1.47294474414189       -0.70322691741732        0.00000023229453
C            0.00334077736937        1.73186304022248       -0.00000145253675
C           -2.63468805880943       -0.18732856822888        0.00000006524311
C            2.66929178575735       -0.19073857822377        0.00000006658072
C           -1.24462785797141        2.19028993713560       -0.00000076090941
C            1.24459142239017        2.19275311337075       -0.00000047379397
O           -4.08567643878263       -2.91944520517014        3.01565440211173
O           -0.00297732620763       -3.69573434415198        3.55202067615407
O            4.09402943108643       -2.92030102754055        3.01270801479159
O           -1.35846392677301       -0.50510742551052        2.54157822200442
O            1.36900094053217       -0.50155827912629        2.53755792826396
O           -1.53640069815790        2.49178914028624        2.23754332205790
O            1.53640759050597        2.49021863702975        2.23731472557821
O           -4.08567645110188       -2.91944503392191       -3.01565421254626
O           -0.00297541131522       -3.69573452303579       -3.55202044651418
O            4.09403017095282       -2.92030040210524       -3.01270791820280
O           -1.35846426277632       -0.50510871779762       -2.54157861656049
O            1.36900029601853       -0.50155860346965       -2.53755787380813
O           -1.53640125869605        2.49178861544621       -2.23754236936783
O            1.53640810083641        2.49021869149258       -2.23731440017991
33
 energy: -91.268602455898 gnorm: 0.098724046438 xtb: 6.7.1pre (5071a88)
Ti          -2.88616993171247       -2.47275979060520        1.95755701633972
Ti           0.00202541642236       -2.63242420811856        2.42617912355567
Ti           2.89339041933652       -2.47160682827578        1.95813321615724
Ti          -1.65625094779983        0.88207931709983        1.64762022307335
Ti           1.65377190880906        0.88551422697428        1.64780292639155
Ti           0.00048479748008        3.43964360321930        1.87976203502208
Ti          -2.88616934977434       -2.47275990905971       -1.95755639417153
Ti           0.00202484274349       -2.63242413961867       -2.42617880600009
Ti           2.89339037299245       -2.47160721826991       -1.95813353537002
Ti          -1.65625168023227        0.88207837109435       -1.64762017748708
Ti           1.65377273685692        0.88551420681120       -1.64780265990425
Ti           0.00048427605282        3.43964634846540       -1.87976206851141
C           -1.53424409932791       -0.75187690091117        0.00000044773361
C            1.53216223718414       -0.74828212447900        0.00000033086688
C           -0.00297906632481        1.79006888879180       -0.00000182839177
C           -2.67814281886319       -0.16112945944970        0.00000002608408
C            2.67946188692817       -0.16765690721275        0.00000008184582
C           -1.25747827534296        2.15520705042406       -0.00000032087910
C            1.25953564799064        2.14867430438401       -0.00000050072637
O           -4.11591019587286       -2.88476381375463        2.93974486497589
O            0.00195452224570       -3.68971170666532        3.59352141600676
O            4.11025826390788       -2.88598440541633        2.94036054238857
O           -1.35369038544047       -0.56002303625046        2.43844454136388
O            1.34986483979874       -0.55813944601817        2.43863837212315
O           -1.55678698928536        2.48465572676735        2.28018863377103
O            1.55790037300462        2.48101737171831        2.28008074639356
O           -4.11591037296894       -2.88476361515217       -2.93974471274652
O            0.00195623987580       -3.68971178177681       -3.59352122031294
O            4.11025891415317       -2.88598351578154       -2.94036048510403
O           -1.35369072530994       -0.56002384252752       -2.43844487041649
O            1.34986383081887       -0.55813959622323       -2.43863807478106
O           -1.55678738345568        2.48465498353657       -2.28018849352762
O            1.55790069510950        2.48101784627927       -2.28008039576266
33
 energy: -91.312434865985 gnorm: 0.088331814374 xtb: 6.7.1pre (5071a88)
Ti          -2.82803415897418       -2.44851519384854        1.95907999428666
Ti           0.00609523153063       -2.54891636279457        2.52060119227026
Ti           2.82689562270257       -2.44820526126784        1.95981846467436
Ti          -1.68428278623070        0.90671285159080        1.67841031982885
Ti           1.67936210740453        0.90842006961197        1.68263545203337
Ti          -0.00129851855796        3.45069902334952        1.94667298406930
Ti          -2.82803438978648       -2.44851537943617       -1.95907926968640
Ti           0.00609498723708       -2.54891649071148       -2.52060102530644
Ti           2.82689579252017       -2.44820582443925       -1.95981899990068
Ti          -1.68428353330988        0.90671237323392       -1.67841017636273
Ti           1.67936295836888        0.90842036004583       -1.68263517200634
Ti          -0.00129913124286        3.45070162568220       -1.94667271860411
C           -1.56607310373730       -0.77808928843030        0.00000032281495
C            1.58364508730919       -0.76935132437037        0.00000023121526
C            0.00315655641417        1.81180984901077       -0.00000179792289
C           -2.72960473099117       -0.16856420255719        0.00000003208993
C            2.71505415414946       -0.19877535651903        0.00000002801560
C           -1.30359702986994        2.08737794886410        0.00000018440903
C            1.29970200020983        2.08996122634601       -0.00000014382538
O           -4.08973528584379       -2.85253938270453        2.85056665781441
O            0.00123723350615       -3.70032776786851        3.61187221050640
O            4.09200396325687       -2.85411648957100        2.85153772130786
O           -1.34414490655595       -0.62169578759882        2.35559422265789
O            1.34267268935625       -0.62369990067929        2.35961026046385
O           -1.56043287442917        2.46933324102339        2.34996912967058
O            1.55851981037753        2.47566515769089        2.35131367984603
O           -4.08973435682830       -2.85253890595131       -2.85056644180586
O            0.00123901902670       -3.70032740521760       -3.61187214751796
O            4.09200456553787       -2.85411551912310       -2.85153783498747
O           -1.34414531446852       -0.62169559666265       -2.35559448838414
O            1.34267140281383       -0.62369925560458       -2.35960990314299
O           -1.56043307460592        2.46933189770389       -2.34996954212880
O            1.55852001371037        2.47566507120203       -2.35131342639247
33
 energy: -91.344169828514 gnorm: 0.058551534423 xtb: 6.7.1pre (5071a88)
Ti          -2.77309960703426       -2.44727362125570        1.95165238257367
Ti          -0.00571249106725       -2.49637138881572        2.57712268715167
Ti           2.78526177774697       -2.45180072017216        1.95249465094037
Ti          -1.70444309937206        0.90491135689047        1.69918743764164
Ti           1.69811260473258        0.90433133600194        1.70506359710924
Ti          -0.00268864522316        3.45826518520759        2.07431382599699
Ti          -2.77310021061204       -2.44727367344338       -1.95165148722940
Ti          -0.00571137512271       -2.49637115376004       -2.57712247066258
Ti           2.78526027892254       -2.45179968668732       -1.95249480451196
Ti          -1.70444342168973        0.90491083824442       -1.69918740183796
Ti           1.69811315382395        0.90433161930049       -1.70506372455669
Ti          -0.00268913097931        3.45826752991135       -2.07431343391770
C           -1.63704801410126       -0.80022902110511        0.00000033284015
C            1.63421035006618       -0.78930791620641       -0.00000024151755
C            0.00287151088627        1.76828622122177       -0.00000133867954
C           -2.76065185417227       -0.17965207397347        0.00000005114738
C            2.75847524306437       -0.19108614182679       -0.00000032573751
C           -1.29428968188380        2.04831423114469        0.00000001632100
C            1.29691785983486        2.04499523783271       -0.00000019664397
O           -4.08382152138552       -2.83502206738051        2.78488761175498
O            0.00061370593081       -3.70470631536445        3.61091008959853
O            4.09379588532028       -2.83827363112455        2.79077770042330
O           -1.31193843428388       -0.60645330051650        2.38249787759251
O            1.30768289572362       -0.60768783828840        2.39322247423421
O           -1.56958967331010        2.45722035239530        2.40375517807082
O            1.56558428988599        2.46219816259948        2.40317235188779
O           -4.08382102312276       -2.83502175199077       -2.78488765434354
O            0.00061542640175       -3.70470588329386       -3.61090991335990
O            4.09379514115154       -2.83827210328745       -2.79077700061051
O           -1.31193871830188       -0.60645348512582       -2.38249789445286
O            1.30768216319405       -0.60768736749043       -2.39322228395655
O           -1.56958988466681        2.45721903406248       -2.40375559285777
O            1.56558449964299        2.46219803629564       -2.40317250040831
33
 energy: -91.375388117347 gnorm: 0.067687681937 xtb: 6.7.1pre (5071a88)
Ti          -2.76855372838448       -2.50447909178821        1.94081042541838
Ti           0.01827982248826       -2.39385036897374        2.68243084033632
Ti           2.75808067320601       -2.50983763643614        1.94744919935118
Ti          -1.73402851726358        0.91334704519177        1.71863769302883
Ti           1.73066068135098        0.91228311038135        1.72041347623122
Ti          -0.00251778359274        3.43491232594773        2.22453832971983
Ti          -2.76855203866995       -2.50448036037795       -1.94081089016940
Ti           0.01827567322022       -2.39384979992921       -2.68243097800289
Ti           2.75808294883578       -2.50983955347196       -1.94744916084247
Ti          -1.73402853569859        0.91334698571128       -1.71863766671318
Ti           1.73066044836075        0.91228336630970       -1.72041351745216
Ti          -0.00251797646596        3.43491451225398       -2.22453746478669
C           -1.71391468497873       -0.80115030143308        0.00000023629185
C            1.69445724388133       -0.80133955706435        0.00000084700340
C            0.00169753847789        1.73376920579582       -0.00000059155868
C           -2.80154086293039       -0.18504422783606        0.00000021483715
C            2.81415020852965       -0.18284715357992        0.00000014265837
C           -1.28308963280131        2.00654102318357       -0.00000004627630
C            1.28989369855116        2.00412695544399       -0.00000007534417
O           -4.12355475775643       -2.82502694679934        2.73294928832938
O            0.00302668385883       -3.70042540295891        3.61341126976112
O            4.12166168273739       -2.82392205432573        2.73036999675619
O           -1.26378767108273       -0.57188865941950        2.41880062748758
O            1.26383139080529       -0.56734335646516        2.43257543870822
O           -1.59157111874267        2.44805205901199        2.47349799781729
O            1.58764533746780        2.45115101339658        2.47003921798261
O           -4.12355427724996       -2.82502655735103       -2.73294918236453
O            0.00302768735083       -3.70042518476879       -3.61341126349107
O            4.12166371049195       -2.82392145919406       -2.73037107672029
O           -1.26378842858105       -0.57188855155162       -2.41880073449412
O            1.26383039460459       -0.56734335128811       -2.43257459653875
O           -1.59157131978034        2.44805123567007       -2.47349839268280
O            1.58764550976003        2.45115073671482       -2.47003960428151
33
 energy: -91.406825002404 gnorm: 0.074935580277 xtb: 6.7.1pre (5071a88)
Ti          -2.72504070959551       -2.53278539512362        1.90023608450946
Ti          -0.00866054871766       -2.27084562235885        2.76980788662688
Ti           2.74721084141998       -2.52496011312914        1.88783445292155
Ti          -1.76824651105354        0.91129559685945        1.71703334327762
Ti           1.76336958117660        0.90466259427855        1.71636931584378
Ti          -0.00121455449313        3.36028547897595        2.35438504554417
Ti          -2.72504285337278       -2.53278584789550       -1.90023415901264
Ti          -0.00865710816802       -2.27084489034015       -2.76980772142757
Ti           2.74720902875222       -2.52496396169134       -1.88783702331268
Ti          -1.76824574500871        0.91129499707865       -1.71703363693316
Ti           1.76336953996385        0.90466350127406       -1.71636943757222
Ti          -0.00121480897955        3.36028756607910       -2.35438376433399
C           -1.81033842201153       -0.85731980586765        0.00000030697587
C            1.78210175622341       -0.85995444739458        0.00000088165562
C            0.00007601481579        1.72215468389186       -0.00000020216795
C           -2.86813285071702       -0.19385262437409        0.00000025901126
C            2.87780079002738       -0.20031249709833        0.00000044099876
C           -1.27907520591031        1.97633977957651       -0.00000041967876
C            1.28649266131530        1.97225610832999        0.00000008530378
O           -4.11789347776925       -2.79744186085565        2.65581968896513
O            0.00158158917491       -3.65622873677454        3.61138387945683
O            4.12260180551282       -2.79791073199685        2.65973211058010
O           -1.23082520151141       -0.53823686057941        2.45275266224203
O            1.22878288092724       -0.54182933308578        2.45810977029398
O           -1.62727631092971        2.42937216497278        2.52294590056048
O            1.62114752024094        2.42496764755826        2.52103141007789
O           -4.11789418108290       -2.79744213644886       -2.65582062048783
O            0.00158300400072       -3.65622825481022       -3.61138382575709
O            4.12260298475632       -2.79790959489779       -2.65973261240531
O           -1.23082521037711       -0.53823806824439       -2.45275231750258
O            1.22878228034036       -0.54182831593398       -2.45810937828732
O           -1.62727630587500        2.42937098724646       -2.52294658313415
O            1.62114772692513        2.42496799277926       -2.52103182283207
33
 energy: -91.437663621544 gnorm: 0.072158418992 xtb: 6.7.1pre (5071a88)
Ti          -2.70424675683500       -2.56365918603496        1.84199545213019
Ti           0.02528183355090       -2.15098943982917        2.81830510277608
Ti           2.68982242162899       -2.56157839849530        1.84794859396867
Ti          -1.80154646713704        0.90026977855627        1.71385658924361
Ti           1.80326334255826        0.90005220651298        1.71253576373901
Ti          -0.00185380091365        3.24863881292181        2.48268395011490
Ti          -2.70424328510532       -2.56365855332505       -1.84199544530871
Ti           0.02527775963392       -2.15098866482816       -2.81830386247275
Ti           2.68982326821464       -2.56157560465006       -1.84794694736563
Ti          -1.80154616324459        0.90026970841312       -1.71385712701461
Ti           1.80326303547235        0.90005195807492       -1.71253688849599
Ti          -0.00185370857294        3.24864078453516       -2.48268260848407
C           -1.89804553175166       -0.92459951424348       -0.00000066683440
C            1.86374087159089       -0.90341951215837       -0.00000047126241
C            0.00100161321753        1.71984063352513       -0.00000020218281
C           -2.92985420933465       -0.17324505395510        0.00000025653996
C            2.92765465668369       -0.20298324387110       -0.00000022798223
C           -1.28497791990518        1.93851658762171       -0.00000047229066
C            1.29161217326890        1.93787833577457       -0.00000049791281
O           -4.10886459950006       -2.77118924624587        2.59052252347051
O            0.00455842021449       -3.55599051496452        3.61739911383036
O            4.10644730920568       -2.76293505314555        2.58154508827013
O           -1.20502840058909       -0.51953188037366        2.46947463255686
O            1.21227847318153       -0.51375997039505        2.47714671523918
O           -1.66487200862437        2.40238916893396        2.57082284598197
O            1.65919491138764        2.40228623683882        2.56956668728151
O           -4.10886285420179       -2.77118868533001       -2.59052163796544
O            0.00455889453869       -3.55598942975746       -3.61739880382032
O            4.10644635246086       -2.76293353070554       -2.58154507702566
O           -1.20502921821508       -0.51953239298091       -2.46947527273768
O            1.21227714150755       -0.51376079891702       -2.47714595093336
O           -1.66487215838057        2.40238875437221       -2.57082336898258
O            1.65919460399431        2.40228570812625       -2.56956778607104
33
 energy: -91.468193624766 gnorm: 0.090290371246 xtb: 6.7.1pre (5071a88)
Ti          -2.64854516209828       -2.63565424905906        1.82765388340068
Ti          -0.02213571924580       -2.02933702135603        2.85255195178979
Ti           2.68557371258804       -2.63172918274004        1.81697063527700
Ti          -1.84568243950745        0.90078462533934        1.70899174184603
Ti           1.84032186160893        0.89527976826527        1.71299125572704
Ti          -0.00154324235777        3.10578292542306        2.60308853862533
Ti          -2.64854899906029       -2.63565701699685       -1.82765196736091
Ti          -0.02212942776734       -2.02933596718163       -2.85255130919851
Ti           2.68556849996532       -2.63172582441769       -1.81697198370345
Ti          -1.84568149868485        0.90078384423627       -1.70899173233735
Ti           1.84032254341334        0.89527974740414       -1.71299219521793
Ti          -0.00154338635727        3.10578490374082       -2.60308727144672
C           -1.94955048865072       -0.94850675225523        0.00000101638426
C            1.92130779769170       -0.90654477912077       -0.00000159723085
C            0.00336336276876        1.73540054120628       -0.00000013815090
C           -2.97767889549431       -0.14196692335951        0.00000089835970
C            2.95467989467971       -0.18118965679909       -0.00000024372272
C           -1.29788693701247        1.90795161677235       -0.00000041291970
C            1.30450806398869        1.90103997237193       -0.00000033105966
O           -4.09678854988410       -2.74713044035981        2.53352639894659
O            0.00094345437305       -3.42729036463300        3.62314133355058
O            4.11770573062849       -2.74590100835580        2.54137458150359
O           -1.20448413214145       -0.49000144863369        2.47359251116294
O            1.20492644430060       -0.49657946403588        2.47739907045140
O           -1.70121960310026        2.38710658198398        2.61122854155052
O            1.69155866798610        2.38157647193855        2.61439169573329
O           -4.09679028526051       -2.74713216085606       -2.53352859899839
O            0.00094472805566       -3.42728904229104       -3.62314142920582
O            4.11770256383041       -2.74589831366094       -2.54137296654909
O           -1.20448437970349       -0.49000355395074       -2.47359193575792
O            1.20492703774027       -0.49657979568338       -2.47739879547491
O           -1.70121947020461        2.38710548729624       -2.61122899126156
O            1.69155825291169        2.38157647976889       -2.61439215471260
33
 energy: -91.497642987151 gnorm: 0.060733505833 xtb: 6.7.1pre (5071a88)
Ti          -2.64621027474235       -2.68829202406397        1.79023068543908
Ti          -0.00621364748822       -1.91307207818370        2.87427933467268
Ti           2.65773197789257       -2.67779103477147        1.77261993659975
Ti          -1.89771922916116        0.89993348535938        1.70026997512140
Ti           1.88684939412817        0.89049252947063        1.70425609410812
Ti           0.00063503560109        2.95075306955422        2.71588332447607
Ti          -2.64621024855627       -2.68829184757347       -1.79022986753908
Ti          -0.00621391232408       -1.91307168970558       -2.87427841421482
Ti           2.65773039274685       -2.67778907584487       -1.77262004767273
Ti          -1.89771865507404        0.89993331179464       -1.70027039983020
Ti           1.88684970129100        0.89049191091093       -1.70425649140177
Ti           0.00063526910754        2.95075490412852       -2.71588234490730
C           -1.97229336084188       -0.91074422293304       -0.00000038386341
C            1.98666272683975       -0.93157824335959       -0.00000059305164
C            0.00717573881091        1.76751423355947       -0.00000026317002
C           -3.01547617017142       -0.17007140422326        0.00000058892046
C            2.98731925177433       -0.16257477030920        0.00000014777147
C           -1.30182381394374        1.88864732326441       -0.00000032114738
C            1.30944467826439        1.88536373478406       -0.00000031428958
O           -4.08699348325021       -2.73790686363897        2.49670539136232
O            0.00397938730167       -3.31271253865042        3.61528616566016
O            4.09157769410724       -2.73173106619030        2.48855631463546
O           -1.20796022357719       -0.46807999091884        2.45401555926475
O            1.21025621784095       -0.47580437224281        2.46672456996083
O           -1.72342036346785        2.36935453691124        2.64051588175268
O            1.71698418210233        2.36157681585715        2.64119506547900
O           -4.08699249764623       -2.73790756822399       -2.49670585866200
O            0.00397877950856       -3.31271139974598       -3.61528640422516
O            4.09157636155583       -2.73172983005784       -2.48855593553016
O           -1.20796023624442       -0.46808096997667       -2.45401645742216
O            1.21025585863612       -0.47580555109097       -2.46672352672937
O           -1.72342018341344        2.36935427156890       -2.64051625491100
O            1.71698365239299        2.36157641454249       -2.64119515665675
33
 energy: -91.523178209543 gnorm: 0.051471516946 xtb: 6.7.1pre (5071a88)
Ti          -2.61215834106053       -2.73355940440810        1.74468196393540
Ti           0.00099240558736       -1.81905656876237        2.85542014396468
Ti           2.60926650674162       -2.74829443477617        1.75778633713357
Ti          -1.95353616080535        0.89491827579742        1.68831366358869
Ti           1.94263247892096        0.89179326107888        1.69519921060775
Ti          -0.00260129363650        2.78195668273179        2.82198775283303
Ti          -2.61215930183871       -2.73356085719997       -1.74468142318845
Ti           0.00099126470376       -1.81905588819189       -2.85542122627179
Ti           2.60926722922550       -2.74829767805591       -1.75778721981279
Ti          -1.95353551617205        0.89491829604238       -1.68831377989773
Ti           1.94263259614017        0.89179311456998       -1.69519855137052
Ti          -0.00260099220708        2.78195805537076       -2.82198719679621
C           -2.02344728979617       -0.89864582799866       -0.00000011430493
C            2.03910884714455       -0.93229175007914        0.00000122551120
C            0.00547072158183        1.82360531751048       -0.00000026582645
C           -3.05155424275626       -0.16480851506421        0.00000059885542
C            3.01435955905095       -0.12550032922082        0.00000078625003
C           -1.30141760389105        1.88614545551981        0.00000002349221
C            1.30344238649870        1.89000694192478        0.00000005855426
O           -4.05637607894761       -2.71517497054242        2.43832893663976
O            0.00737531737344       -3.22167135061312        3.58258721639551
O            4.07309177436386       -2.70963966574469        2.43715439257783
O           -1.21097788296576       -0.44709729712598        2.42622140075849
O            1.21659421803861       -0.45276466999233        2.43888182556957
O           -1.72889231201231        2.34534213693342        2.65825145284802
O            1.72160868830030        2.34399465439272        2.66050812347201
O           -4.05637627390638       -2.71517558369866       -2.43832962789206
O            0.00737429914382       -3.22167111375072       -3.58258801665564
O            4.07309317433819       -2.70963973948473       -2.43715559809273
O           -1.21097899857234       -0.44709808898957       -2.42622240648847
O            1.21659437594930       -0.45276523228211       -2.43888048913651
O           -1.72889197778012        2.34534201708005       -2.65825166522572
O            1.72160842324505        2.34399475703035       -2.66050753202776
33
 energy: -91.540729034394 gnorm: 0.045580391114 xtb: 6.7.1pre (5071a88)
Ti          -2.56886601764066       -2.80328751464431        1.72003498773464
Ti           0.00098022711925       -1.74360919644912        2.82414146207771
Ti           2.59372230892339       -2.77590647377060        1.70360356183335
Ti          -1.99836793133259        0.89855763582158        1.67438000789889
Ti           1.99442878521238        0.89604917492126        1.67560580905851
Ti          -0.00416336586052        2.61698468303692        2.92292806500162
Ti          -2.56886314501209       -2.80328745297733       -1.72003609861049
Ti           0.00097573381647       -1.74361042438199       -2.82414009751415
Ti           2.59372472539724       -2.77590659599313       -1.70360306213531
Ti          -1.99836742446617        0.89855784075382       -1.67438040984926
Ti           1.99442859489975        0.89604906132051       -1.67560532988098
Ti          -0.00416288446573        2.61698521672971       -2.92292772500805
C           -2.07969607642461       -0.88316209231035       -0.00000100511357
C            2.09302631207439       -0.92744375458967        0.00000105160123
C           -0.00096206970845        1.88620245507841       -0.00000028110957
C           -3.08077862141530       -0.10854246369350        0.00000020510260
C            3.04881071632937       -0.09530290531294        0.00000036342193
C           -1.30298896123647        1.89584648185551        0.00000011677398
C            1.29489733155727        1.90620658197305       -0.00000008601453
O           -4.03484531196769       -2.69175341264161        2.38582240767497
O            0.00765253619059       -3.15761521892790        3.54631944711831
O            4.02252402088901       -2.71494005087335        2.39416746913981
O           -1.22312734390797       -0.42507577489031        2.38811239788736
O            1.22925297309881       -0.43131665091245        2.39537390865458
O           -1.71982260237828        2.32283133746635        2.67491047687475
O            1.71447772179650        2.32217949756430        2.67241977418944
O           -4.03484395693134       -2.69175267878297       -2.38582138061792
O            0.00765152995835       -3.15761447806549       -3.54631990917122
O            4.02252352297753       -2.71494169918849       -2.39416926588693
O           -1.22312735266197       -0.42507567673632       -2.38811428624981
O            1.22925056696998       -0.43131686614045       -2.39537281148573
O           -1.71982217041329        2.32283156156831       -2.67491054374094
O            1.71447762861263        2.32217985319388       -2.67241921965560
33
 energy: -91.551285866213 gnorm: 0.050787103596 xtb: 6.7.1pre (5071a88)
Ti          -2.54214753543362       -2.83062161819021        1.66683595044762
Ti           0.00522556896779       -1.67474132428702        2.79954588667654
Ti           2.52385187308827       -2.86685344242487        1.71441143040043
Ti          -2.03805832904374        0.90363324976223        1.65157209680017
Ti           2.03589790302531        0.90969648681798        1.65517361504322
Ti          -0.00695473873919        2.47983470056665        3.02435495518425
Ti          -2.54214953268827       -2.83061634922582       -1.66683252583986
Ti           0.00523176060418       -1.67474291794404       -2.79954382239619
Ti           2.52384540987176       -2.86685171486143       -1.71441384841217
Ti          -2.03805766375806        0.90363300463677       -1.65157286839000
Ti           2.03589799215915        0.90969702899734       -1.65517375082924
Ti          -0.00695443414709        2.47983445469277       -3.02435507695868
C           -2.16021095038608       -0.89009623923229       -0.00000180417758
C            2.14964921136017       -0.89756582662292       -0.00000111197496
C           -0.00733675234061        1.93696787927018       -0.00000009249916
C           -3.12945742553388       -0.07017069448357       -0.00000028321762
C            3.10346316371024       -0.06949052154399       -0.00000036931574
C           -1.30131246060323        1.91604387940791       -0.00000008152555
C            1.28989379490589        1.92418322989376       -0.00000017631658
O           -3.98604604600029       -2.69523361301940        2.33585676369849
O            0.00971486243401       -3.11374564370659        3.51565599190616
O            4.02119182433789       -2.67271284034151        2.33892783965539
O           -1.22145362181508       -0.40375935986463        2.34995664262143
O            1.23529707039726       -0.40771413330456        2.35300271061721
O           -1.72046706749994        2.29614450760199        2.69058677287167
O            1.71160499436920        2.30113250979297        2.69401407950962
O           -3.98604375235447       -2.69523444613079       -2.33585572572309
O            0.00971659739232       -3.11374608971670       -3.51565499786471
O            4.02118869484022       -2.67270938787413       -2.33892624405651
O           -1.22145402875364       -0.40375987564872       -2.34995848782371
O            1.23529504090788       -0.40771303893646       -2.35300281701814
O           -1.72046668961535        2.29614446741600       -2.69058691259735
O            1.71160526634081        2.30113367850452       -2.69401373849580
33
 energy: -91.558675691560 gnorm: 0.047613980146 xtb: 6.7.1pre (5071a88)
Ti          -2.48710516113625       -2.89648201384282        1.68121272941517
Ti           0.00498940782019       -1.64171127600832        2.76047276804646
Ti           2.49794993642417       -2.88780873516100        1.68293575374320
Ti          -2.06569299278058        0.91713245564224        1.63827478311895
Ti           2.05836044481293        0.92094354103084        1.64025455303610
Ti          -0.00309917164565        2.39213874193063        3.09026927661595
Ti          -2.48710206203450       -2.89648911177070       -1.68121335875596
Ti           0.00498905847389       -1.64170890209173       -2.76047665525676
Ti           2.49795042173074       -2.88780206269979       -1.68293127457444
Ti          -2.06569246514575        0.91713194824427       -1.63827462840543
Ti           2.05836077448102        0.92094452347522       -1.64025479698815
Ti          -0.00309904116853        2.39213845943825       -3.09027016651879
C           -2.23479807260926       -0.86693306221594       -0.00000008193795
C            2.22777916546603       -0.88951305820342       -0.00000202039404
C           -0.00715521213885        1.96832204438329        0.00000021416202
C           -3.18731111407298       -0.02881478173234        0.00000022297703
C            3.16696271587241       -0.03165367000000       -0.00000078840599
C           -1.30162990101511        1.93445885905492        0.00000015483635
C            1.29274369395189        1.93903844884366       -0.00000012385134
O           -3.97536526833979       -2.68548370433023        2.29921809908850
O            0.00816147136189       -3.06332475124930        3.50368540395884
O            3.97989764187007       -2.69135213055827        2.30490784428774
O           -1.21443311436879       -0.38817799815935        2.31494417887579
O            1.22641232422557       -0.39495920613834        2.31586689173224
O           -1.72245730760926        2.27837128074221        2.71568654068163
O            1.71408921933558        2.27825762395471        2.72336743399591
O           -3.97536919095528       -2.68547847959219       -2.29921542780812
O            0.00816176114071       -3.06332782348928       -3.50368400661507
O            3.97989391283226       -2.69134961609401       -2.30490745131979
O           -1.21443826758510       -0.38817926705364       -2.31494555619892
O            1.22641411227742       -0.39495818351881       -2.31586667429934
O           -1.72245715621980        2.27837088795986       -2.71568623195739
O            1.71408943674851        2.27825901921086       -2.72336760528489
33
 energy: -91.563457633489 gnorm: 0.080425804107 xtb: 6.7.1pre (5071a88)
Ti          -2.48553690776544       -2.91418503286537        1.65001313893443
Ti          -0.00170676634695       -1.62913944951993        2.70942205931722
Ti           2.51645958330186       -2.89550316584928        1.63275562357184
Ti          -2.08682075360191        0.93807935972409        1.62200150285084
Ti           2.07674402475109        0.94599239979430        1.62335031912633
Ti          -0.00309514230620        2.30056673298905        3.13255729597366
Ti          -2.48555035068311       -2.91418703001525       -1.65000651698783
Ti          -0.00169793545293       -1.62913632520071       -2.70942718015078
Ti           2.51645321106323       -2.89550396111321       -1.63275510335300
Ti          -2.08681933753507        0.93807703759779       -1.62200109600069
Ti           2.07674490721103        0.94599460907228       -1.62335020329760
Ti          -0.00309584745750        2.30056663056411       -3.13255803402697
C           -2.33686152254724       -0.83085520604815        0.00000256401215
C            2.31500766990919       -0.84022537804102       -0.00000135999448
C           -0.00459161694357        2.00402398854260        0.00000055544562
C           -3.25931127915276        0.04014393107753        0.00000059626209
C            3.24338932743101        0.03094910777489       -0.00000069849952
C           -1.30333258739206        1.96384378118634       -0.00000016434280
C            1.29727293470708        1.96855270061539        0.00000027856466
O           -3.92766982621977       -2.73434776967865        2.27982444431710
O            0.00573878853082       -3.01507934237207        3.50453385991881
O            3.92687847798819       -2.75277805229655        2.29041520355816
O           -1.22891188661180       -0.38069651212485        2.25354688904787
O            1.24158790177467       -0.38614799247348        2.25279832934200
O           -1.71059566968336        2.25146914800372        2.74737578122044
O            1.70114830132299        2.25355322660298        2.75732185445192
O           -3.92767205077485       -2.73435559569240       -2.27982978163605
O            0.00573726491481       -3.01508052130688       -3.50453421599737
O            3.92687802039154       -2.75276924399411       -2.29041298581582
O           -1.22891372703369       -0.38070019050205       -2.25354669650406
O            1.24158960389071       -0.38614462788658       -2.25279888473004
O           -1.71059502694350        2.25146706079556       -2.74737561127128
O            1.70114821726341        2.25355568264112       -2.75732176330745
33
 energy: -91.572467921940 gnorm: 0.045163018384 xtb: 6.7.1pre (5071a88)
Ti          -2.45782142298831       -2.95032928072684        1.64122966969056
Ti           0.00249082869789       -1.61934233581726        2.69643482787420
Ti           2.48097991409638       -2.93497960037672        1.62061326617745
Ti          -2.08947328740578        0.95105022136271        1.61327999004910
Ti           2.08324156590144        0.95824442874125        1.60978354327117
Ti          -0.00471829982748        2.27204686433391        3.16005845292959
Ti          -2.45782227463986       -2.95033278718258       -1.64123153867744
Ti           0.00248363902826       -1.61934365350246       -2.69643260278439
Ti           2.48098497042942       -2.93497476899978       -1.62060817679143
Ti          -2.08947232790745        0.95104773194258       -1.61328040223397
Ti           2.08324192568583        0.95824548063680       -1.60978353671458
Ti          -0.00471825418727        2.27204638575567       -3.16005817538511
C           -2.43557237414811       -0.81894313010856        0.00000131638977
C            2.40306584685323       -0.81932083494271        0.00000115064568
C           -0.00287304979841        2.00482797216086        0.00000061881221
C           -3.32347230136519        0.09060271455766        0.00000033607196
C            3.31892555663390        0.06588852194099       -0.00000024952514
C           -1.30001012965582        1.97813685798744       -0.00000061507088
C            1.29542605004509        1.98632803652834        0.00000007005581
O           -3.92451367665642       -2.72873742886877        2.24850732892105
O            0.00414046232719       -2.99484623546569        3.51955612909285
O            3.92510030572630       -2.73458013647056        2.25439719394325
O           -1.23594416172841       -0.38462306306524        2.21074380345977
O            1.24739347057991       -0.38791635157732        2.21091509819553
O           -1.70843095630651        2.22869685737572        2.77739989777670
O            1.69981667659923        2.23155763745055        2.78002976769786
O           -3.92451327391604       -2.72874057742143       -2.24851154049194
O            0.00413210150522       -2.99484248984949       -3.51955793498189
O            3.92509840059786       -2.73458127586121       -2.25439896538496
O           -1.23593995210269       -0.38462582410896       -2.21074481259839
O            1.24738779798034       -0.38791383067796       -2.21091429375497
O           -1.70843003799596        2.22869508570546       -2.77739950856247
O            1.69981626794210        2.23155880854489       -2.78003010809756
33
 energy: -91.583156487740 gnorm: 0.047355916867 xtb: 6.7.1pre (5071a88)
Ti          -2.43720758107443       -2.96900014496754        1.63113565877009
Ti           0.00733051754625       -1.60853196764027        2.68090593190913
Ti           2.44779033898215       -2.96507390012624        1.63276433191984
Ti          -2.09256770054913        0.96615658778011        1.59784518679236
Ti           2.08677609049158        0.97120065775456        1.59489624502953
Ti          -0.00593799006989        2.23942994160530        3.20092618005964
Ti          -2.43721803713638       -2.96900427453664       -1.63113293003024
Ti           0.00735135961378       -1.60853270020885       -2.68090671494965
Ti           2.44777295444785       -2.96508974457007       -1.63277235248706
Ti          -2.09256765442336        0.96615335146490       -1.59784424887524
Ti           2.08677755133915        0.97120375113981       -1.59489552155308
Ti          -0.00593834860061        2.23942887155124       -3.20092729700061
C           -2.59650617559531       -0.79947955924762        0.00000080631283
C            2.54730705309676       -0.77842029463090        0.00000153044687
C            0.00037662428422        1.98967646945260        0.00000062292688
C           -3.42355632773016        0.16854803944797        0.00000103474773
C            3.42796189102278        0.14131269612310        0.00000021833471
C           -1.29827511535839        1.99582049584818       -0.00000063644435
C            1.29897207289552        2.00246610566468        0.00000098015693
O           -3.91817930502530       -2.74191899666061        2.21499845936870
O            0.00349912045349       -2.95901973260683        3.55628820031876
O            3.93196442588787       -2.73356400938317        2.22151099527580
O           -1.21139901461941       -0.39793673848423        2.13322162695476
O            1.21948759092101       -0.39716962000120        2.14562474884688
O           -1.72458626767779        2.19113439447289        2.80870257606663
O            1.71489691327755        2.19433656947893        2.80558446662665
O           -3.91818469940822       -2.74192256602168       -2.21500417121416
O            0.00349234326831       -2.95901953451923       -3.55628910225605
O            3.93196945884802       -2.73354798688987       -2.22150566967139
O           -1.21140321646210       -0.39794298401914       -2.13321861061793
O            1.21948929546615       -0.39716395629095       -2.14562598163010
O           -1.72458645890144        2.19113126378601       -2.80870255221511
O            1.71489829078934        2.19433951523620       -2.80558401192046
33
 energy: -91.595558636276 gnorm: 0.058344201299 xtb: 6.7.1pre (5071a88)
Ti          -2.43062480773112       -2.98287535764884        1.62485829903349
Ti           0.00817178440215       -1.61973841145384        2.65778493084791
Ti           2.43606510726269       -2.98438964487100        1.63811147714112
Ti          -2.09645201128000        0.98247523153315        1.57447500321824
Ti           2.08940307740505        0.98520223581634        1.57549686223011
Ti          -0.00624153855675        2.20525535643904        3.20583510527236
Ti          -2.43059212669931       -2.98290160904938       -1.62488553263908
Ti           0.00813150074999       -1.61973733580754       -2.65778530577969
Ti           2.43613142754539       -2.98433208843561       -1.63806525526220
Ti          -2.09645152730668        0.98247358891472       -1.57447481223869
Ti           2.08940417126500        0.98520547695156       -1.57549709609736
Ti          -0.00624054241856        2.20525485822330       -3.20583308651622
C           -2.76552614058909       -0.74928509217879       -0.00000064410091
C            2.70727137401255       -0.72261847969294        0.00000097363724
C            0.00412764584296        1.97932326231390        0.00000061603448
C           -3.52319659208699        0.26454156918167        0.00000002736042
C            3.53033845085002        0.25002095965332       -0.00000025442381
C           -1.29802500844798        2.02687588925893       -0.00000046940787
C            1.30357119807094        2.03130546144832        0.00000099125581
O           -3.92136232442869       -2.75492988766166        2.19007865157990
O            0.00359348696013       -2.92441024872335        3.61008458033148
O            3.94200399121395       -2.74144802818614        2.19976405908023
O           -1.21838532987769       -0.42489437729228        2.02037148306328
O            1.22472133349535       -0.41958132576899        2.05169040770434
O           -1.72461491996155        2.14246044027376        2.83000097195483
O            1.71444612874245        2.14679199858714        2.82290800902785
O           -3.92137109270060       -2.75491016616097       -2.19007477656894
O            0.00357158725085       -2.92441034580539       -3.61008370136591
O            3.94197308883770       -2.74150484266276       -2.19979143733582
O           -1.21838948355436       -0.42489674212993       -2.02037353346622
O            1.22471664498697       -0.41957654387767       -2.05168791848265
O           -1.72461517833293        2.14245969010252       -2.82999952577384
O            1.71444662507799        2.14679450871086       -2.82290909931464
33
 energy: -91.611600936323 gnorm: 0.068709884839 xtb: 6.7.1pre (5071a88)
Ti          -2.44455812770057       -2.97834930767999        1.61574157811553
Ti           0.00148115303303       -1.61344657166997        2.63800189490992
Ti           2.45646840597074       -2.98079683759267        1.63945080052487
Ti          -2.10173556446903        0.98757420517883        1.54899936419927
Ti           2.09935759147057        0.98874129860223        1.55631669979354
Ti          -0.00706470087257        2.16837209362467        3.21008017588926
Ti          -2.44463630605831       -2.97829528472583       -1.61569985274368
Ti           0.00159358547514       -1.61345585298562       -2.63798799503083
Ti           2.45632479871802       -2.98089991025063       -1.63954109311587
Ti          -2.10173024765775        0.98755936745941       -1.54900066781779
Ti           2.09936364559844        0.98875445689721       -1.55631658761123
Ti          -0.00707036960998        2.16837111778560       -3.21007890577056
C           -2.94513894596548       -0.71669225089008        0.00000149085719
C            2.86351874063941       -0.66815319930804       -0.00000111460665
C            0.00652616324084        1.96010394267221       -0.00000035369123
C           -3.60072608394727        0.37791305587224        0.00000113206583
C            3.60344481583399        0.36292063040006       -0.00000041205281
C           -1.29863819696423        2.05172076561201       -0.00000384225814
C            1.30616180872632        2.05558504682438        0.00000312545805
O           -3.93140385638674       -2.77148088755765        2.18074563311951
O            0.00537279590422       -2.86280335954110        3.67002638859166
O            3.95906912763557       -2.76111601004864        2.20220471958132
O           -1.22015733598251       -0.45822465572397        1.90167865202770
O            1.22752459779795       -0.44719355811810        1.95477788587766
O           -1.73069407835472        2.08011306596985        2.84306462013538
O            1.71878770650105        2.08691501441630        2.83422897483033
O           -3.93138802491766       -2.77153368649581       -2.18077903477104
O            0.00535517016228       -2.86280277187361       -3.67002281885030
O            3.95911502813020       -2.76100836062534       -2.20214152985651
O           -1.22014278086521       -0.45824918214309       -1.90166322146904
O            1.22752348589349       -0.44716869345047       -1.95479101665125
O           -1.73069288375143        2.08009873127774       -2.84306834983329
O            1.71878888277198        2.08692758808927       -2.83422633984766
33
 energy: -91.628760829140 gnorm: 0.086978007350 xtb: 6.7.1pre (5071a88)
Ti          -2.47811515787975       -2.93627455862729        1.60684252780334
Ti          -0.01725048398402       -1.59122399902733        2.61123476728547
Ti           2.50412430661110       -2.94555098847236        1.64192725044058
Ti          -2.12101673244763        0.97270461751599        1.51884703923763
Ti           2.12012561888054        0.97380234555981        1.53827590839605
Ti          -0.00740066899106        2.11983915676097        3.18955674026691
Ti          -2.47790136223373       -2.93642776760158       -1.60699243861989
Ti          -0.01749416664571       -1.59121406927902       -2.61124012206130
Ti           2.50443995562174       -2.94529376205944       -1.64171594752506
Ti          -2.12101721645130        0.97270674868697       -1.51884558830319
Ti           2.12012630266408        0.97380310771374       -1.53827756891962
Ti          -0.00739160392281        2.11984097756734       -3.18955361193864
C           -3.05233615704218       -0.65354549343580       -0.00000197705062
C            2.99026396529360       -0.62491991923836       -0.00000296438928
C            0.00466307826939        1.94873160122433       -0.00000065428681
C           -3.60596555778371        0.44969480118434       -0.00000074482640
C            3.59155901399245        0.48013689742885       -0.00000056357607
C           -1.30263036748378        2.07395150956602        0.00000162640361
C            1.30550530615543        2.07757925603810       -0.00000002074700
O           -3.93941003696520       -2.79695456146213        2.19549389615914
O            0.00629654962893       -2.77613214036060        3.70983911981105
O            3.97311947794082       -2.80071669208144        2.23406151295865
O           -1.22343529276077       -0.48917266917028        1.78373777290991
O            1.23244758068674       -0.47358871298722        1.86309701879364
O           -1.73456319892645        2.00278888808148        2.82731239047232
O            1.71953894740565        2.01465664564728        2.82476053841737
O           -3.93946765578453       -2.79681197379849       -2.19543002583795
O            0.00624228821037       -2.77613273283239       -3.70983675084499
O            3.97299286117726       -2.80096508081213       -2.23418275463622
O           -1.22345609057106       -0.48916458581265       -1.78375816548860
O            1.23243566903912       -0.47359493545116       -1.86307689963145
O           -1.73456540445243        2.00279544137639       -2.82730110894989
O            1.71953623274865        2.01465264815936       -2.82477020172364
33
 energy: -91.643444351531 gnorm: 0.144344834250 xtb: 6.7.1pre (5071a88)
Ti          -2.49137544982946       -2.92778126082083        1.60474603792859
Ti          -0.01702523928045       -1.55730112603681        2.57994567096661
Ti           2.52150463138880       -2.93147121663113        1.63548787309074
Ti          -2.13514161931007        0.96105194424691        1.49229747609910
Ti           2.13844852845832        0.96393194359267        1.51608677850189
Ti          -0.00631658634174        2.04356654601228        3.19884464211629
Ti          -2.49137407881289       -2.92781052040162       -1.60477517469871
Ti          -0.01705282311624       -1.55728051633354       -2.57997166535672
Ti           2.52164457847688       -2.93132661368792       -1.63537381791017
Ti          -2.13513469599998        0.96103708360810       -1.49229331668243
Ti           2.13845683105681        0.96395084960273       -1.51608650686160
Ti          -0.00631641404993        2.04356831603497       -3.19884214243195
C           -3.22469214283906       -0.66629639967180        0.00000723763125
C            3.14922369061134       -0.62859684517259       -0.00000992008473
C            0.00365453253017        1.96740407067562       -0.00000039401961
C           -3.62746099815861        0.57399224034199        0.00000157790137
C            3.61064205355483        0.59676282337828       -0.00000022030680
C           -1.29838939446262        2.09800709436109       -0.00000104706425
C            1.30214214294985        2.09972459473672        0.00000461105527
O           -3.94493597296107       -2.81911117996483        2.19855467783731
O            0.00595757043473       -2.68414568706055        3.73139902142001
O            3.97490671444886       -2.82553299179603        2.23408750913673
O           -1.22485037515250       -0.50077083704327        1.69013846961168
O            1.23501018736392       -0.48010752491641        1.78627359770404
O           -1.72069994302411        1.93496085846967        2.84079348777230
O            1.70696350229885        1.95221086876675        2.84309695634559
O           -3.94494829849374       -2.81910377642217       -2.19856362969903
O            0.00591721641628       -2.68415116774670       -3.73139955535912
O            3.97481517709076       -2.82567735307942       -2.23415431283243
O           -1.22486158809047       -0.50079727709224       -1.69012401488623
O            1.23502189897665       -0.48008037200450       -1.78628211000724
O           -1.72069831134225        1.93494757450423       -2.84079031137837
O            1.70696467520795        1.95222585755156       -2.84309748554043
33
 energy: -91.652522792104 gnorm: 0.201982389448 xtb: 6.7.1pre (5071a88)
Ti          -2.48606440871834       -2.93353063983952        1.61161879668397
Ti          -0.00392894633856       -1.53411724393023        2.54137248521453
Ti           2.51983451949471       -2.91853482039135        1.62929142552361
Ti          -2.14727876243616        0.94941744995874        1.46918477886835
Ti           2.16527443806407        0.96078739596711        1.48912629524035
Ti          -0.00745962779118        1.96472609537693        3.22086901056072
Ti          -2.48659869962932       -2.93319070636126       -1.61132140795345
Ti          -0.00329574350231       -1.53413318791383       -2.54136530997059
Ti           2.51900400743619       -2.91917646811402       -1.62976524335291
Ti          -2.14727994101287        0.94938040265039       -1.46917396059021
Ti           2.16527386274788        0.96081821549058       -1.48913285935501
Ti          -0.00748393436234        1.96472366522925       -3.22087487043258
C           -3.35705038849467       -0.65607762831524        0.00001870258455
C            3.22580919977663       -0.54635545357945       -0.00001393638942
C            0.00262776820702        1.99741435297875       -0.00000182949890
C           -3.68572857591450        0.62947016813664        0.00001188843242
C            3.67637555478127        0.56604396805532       -0.00000690228819
C           -1.29519902861486        2.11769505384774       -0.00000462566146
C            1.29876390641996        2.12006724940237        0.00000371075269
O           -3.95871560236522       -2.82229555369963        2.19048241152248
O            0.00578854608607       -2.60193554418192        3.74596184116584
O            3.97510394245806       -2.83367731095215        2.21818836689059
O           -1.21899170925497       -0.50802741930539        1.61369541595546
O            1.23396776618526       -0.47782013513440        1.71347426766322
O           -1.70921394374310        1.88180367328216        2.86450641686125
O            1.69898598074842        1.90910219009576        2.86708139205153
O           -3.95855024407778       -2.82269172106253       -2.19066420859203
O            0.00577663182473       -2.60194297250074       -3.74596075093147
O            3.97548563220249       -2.83298253220624       -2.21785829190034
O           -1.21896929300181       -0.50810684983189       -1.61360679468788
O            1.23397130508134       -0.47774928815268       -1.71354416006323
O           -1.70921689960127        1.88176136265279       -2.86451723998315
O            1.69898268734495        1.90913423234920       -2.86707481432180
33
 energy: -91.672271354494 gnorm: 0.094513019512 xtb: 6.7.1pre (5071a88)
Ti          -2.48846951507053       -2.92462998926210        1.61153328073284
Ti          -0.01309944607260       -1.52014418175986        2.51910372153401
Ti           2.51049516922653       -2.92947427501939        1.63680517957910
Ti          -2.15127127454852        0.94494824607469        1.45605068109182
Ti           2.15303265262250        0.95819531799093        1.47775391404616
Ti          -0.00772443794996        1.91643733866898        3.24183409704296
Ti          -2.48903813980197       -2.92423242239107       -1.61122492899596
Ti          -0.01236551062034       -1.52020258019539       -2.51905259837045
Ti           2.50934579614225       -2.93043817370592       -1.63745264013455
Ti          -2.15128549593208        0.94491936281773       -1.45604067161510
Ti           2.15301944218854        0.95821249219313       -1.47776545731752
Ti          -0.00775471467700        1.91643374766457       -3.24184430982424
C           -3.39403351792386       -0.57447881887204        0.00001479990064
C            3.36058591739689       -0.56494036643014       -0.00000936371035
C            0.00133625560294        2.01139555984032       -0.00000312427335
C           -3.76377997472056        0.59262923797347        0.00001656743590
C            3.73691523388099        0.63547311207683       -0.00001423318938
C           -1.29963432139231        2.12831116759560       -0.00000366296795
C            1.30166380001070        2.12223685977505       -0.00000196218725
O           -3.97263040012973       -2.82264400998779        2.18646364012738
O           -0.00116295333602       -2.54929616555805        3.75969960737923
O            3.99420038392075       -2.83198145307548        2.20904939864326
O           -1.21541713686402       -0.51529832403701        1.55977207883516
O            1.22976603464609       -0.49027654524730        1.65904439256435
O           -1.71576965538866        1.85371598033480        2.87832634749619
O            1.70665738286510        1.88517100577134        2.88267220646630
O           -3.97243764762644       -2.82311227146598       -2.18662741969906
O           -0.00116584016615       -2.54930050575777       -3.75969991730584
O            3.99480337285937       -2.83091359057236       -2.20859598289389
O           -1.21538611675731       -0.51535955807533       -1.55969705161038
O            1.22973710253695       -0.49022852638407       -1.65909937145312
O           -1.71577926347967        1.85368025078333       -2.87833598643836
O            1.70664681855790        1.88519207823763       -2.88267123088966
33
 energy: -91.689707236735 gnorm: 0.082497394774 xtb: 6.7.1pre (5071a88)
Ti          -2.51070795962365       -2.90222333029871        1.62498515480201
Ti          -0.01137794626790       -1.47171776254730        2.49340738750644
Ti           2.51791370380183       -2.91103030124929        1.64546187582283
Ti          -2.16024546778075        0.92571329396863        1.44051686577362
Ti           2.16935586724246        0.94726330989677        1.45952245040584
Ti          -0.00554409792383        1.81210515083662        3.26042032835003
Ti          -2.50951587263504       -2.90297051519393       -1.62580590935784
Ti          -0.01272729899338       -1.47169427794211       -2.49342174384370
Ti           2.51978814657060       -2.90966295690083       -1.64417049981133
Ti          -2.16022279472247        0.92575528951430       -1.44054599638241
Ti           2.16936745980448        0.94723124240613       -1.45949962021776
Ti          -0.00549957589518        1.81211035506863       -3.26040623165790
C           -3.50320021514789       -0.56881880330280       -0.00003365418898
C            3.47526057503243       -0.55867256999141        0.00002749363798
C           -0.00126861638762        2.04400007939788        0.00000122768608
C           -3.75991728618087        0.67937635678870       -0.00001938573057
C            3.73399864756850        0.70901647082559        0.00000114970580
C           -1.30542074529155        2.13773949716976        0.00000200761874
C            1.30160999151928        2.13475881692394        0.00000015686442
O           -3.98552872801207       -2.84721480249531        2.20589043355209
O           -0.00290363061068       -2.45608720347995        3.75818558105483
O            4.00593815440294       -2.84533259714337        2.20968968219261
O           -1.23455623264265       -0.52595515253841        1.48016577499697
O            1.25122281064938       -0.49674232784298        1.57674076146716
O           -1.71513736872590        1.79595986288627        2.87405943285601
O            1.71084616965466        1.83651992039432        2.88224391496640
O           -3.98592840079360       -2.84646045534392       -2.20539453325455
O           -0.00294914618581       -2.45608599402522       -3.75818431792069
O            4.00500679528429       -2.84668073571946       -2.21062395940558
O           -1.23458897006072       -0.52582388811048       -1.48038316544422
O            1.25122088987604       -0.49686929437152       -1.57653928385461
O           -1.71513468016742        1.79602100607664       -2.87402891031430
O            1.71084582264184        1.83647231634407       -2.88226446787652
33
 energy: -91.705412514237 gnorm: 0.059018548453 xtb: 6.7.1pre (5071a88)
Ti          -2.52601113864306       -2.87902113027648        1.63594270847139
Ti          -0.01283718529660       -1.41812935767430        2.45434110207546
Ti           2.52794218388738       -2.88490508553275        1.64889495201924
Ti          -2.17433687978087        0.90363687874962        1.43204889615231
Ti           2.18309557775903        0.93481165344550        1.44427732848384
Ti          -0.00283999143347        1.69871700689893        3.27663007633794
Ti          -2.52862272076341       -2.87755571125522       -1.63432969755133
Ti          -0.00947671133288       -1.41821384166913       -2.45428518465302
Ti           2.52416379207566       -2.88739938033094       -1.65137485245409
Ti          -2.17431126636716        0.90342154759845       -1.43201567930442
Ti           2.18313245560309        0.93501046211668       -1.44429896143600
Ti          -0.00299018998725        1.69870857191109       -3.27665250533724
C           -3.59146505430498       -0.53944763861594        0.00009676504820
C            3.59264760559654       -0.52531333623114       -0.00007636819317
C           -0.00678917176357        2.07741724889538       -0.00000327769704
C           -3.77886233930415        0.72304782410427        0.00005333311358
C            3.76804741850833        0.74050290560908       -0.00002383517085
C           -1.31155227794719        2.13849908630878       -0.00004067705220
C            1.29751878856109        2.13730263866315        0.00004033763671
O           -4.00438321126659       -2.86303885979733        2.21990770362970
O           -0.00657005969151       -2.34102771964325        3.75708256515091
O            4.01647100672985       -2.86016640193252        2.21210303016553
O           -1.24275635689036       -0.53086372915315        1.40684876410342
O            1.25945096098608       -0.50481683697102        1.48263331255854
O           -1.70298889575818        1.73521212044361        2.88528945892278
O            1.70136496612082        1.78366865675173        2.89889444547616
O           -4.00385888531833       -2.86456319035708       -2.22082258226194
O           -0.00635030870278       -2.34105025576239       -3.75707092157780
O            4.01776049765015       -2.85762192146309       -2.21044799356826
O           -1.24257323270914       -0.53131211868785       -1.40637368385938
O            1.25955311740923       -0.50436934036555       -1.48308376942263
O           -1.70296772170685        1.73495519417182       -2.88540207373797
O            1.70139522808082        1.78390406005228       -2.89878271606955
33
 energy: -91.715778284020 gnorm: 0.040425103175 xtb: 6.7.1pre (5071a88)
Ti          -2.55992128048880       -2.83262545567825        1.63674059319247
Ti           0.01052095123205       -1.36204126786553        2.41151129730038
Ti           2.53178130195727       -2.84922303139419        1.65974040491175
Ti          -2.19017331336974        0.87308371911253        1.44124859018986
Ti           2.19380010884039        0.91552784217716        1.44301678245403
Ti           0.00176182864357        1.60047415627940        3.30500120729979
Ti          -2.54126589853989       -2.84223475167761       -1.64877626684143
Ti          -0.01397484067204       -1.36153396433780       -2.41178825810618
Ti           2.55790541607573       -2.83310245893462       -1.64210748871184
Ti          -2.19025708631698        0.87457595339412       -1.44159661775475
Ti           2.19358128968726        0.91410634094850       -1.44276075607586
Ti           0.00300266726545        1.60052422812853       -3.30486636005287
C           -3.64682191601162       -0.51781384920959       -0.00081799676189
C            3.66624730138122       -0.50629870249689        0.00074463934972
C           -0.01299381446081        2.10693911887652        0.00001761970560
C           -3.78325172239559        0.73168089591842       -0.00041814651839
C            3.76397278834106        0.73851223940011        0.00020798844209
C           -1.31521232735533        2.12164804559333        0.00026368293473
C            1.29235616413822        2.12068910400733       -0.00026615501609
O           -4.02406236171019       -2.89122090586087        2.25450149847030
O           -0.00867077689594       -2.20899420556246        3.75250424667353
O            4.03189854784744       -2.87196622215233        2.22716552695857
O           -1.25036829156505       -0.52757567253502        1.36429987423126
O            1.27345881143865       -0.50808352638980        1.40532667428245
O           -1.68550621297525        1.67794384045943        2.89969217270217
O            1.69088807428156        1.73648576597400        2.91004095533076
O           -4.02730806436992       -2.88174281233320       -2.24751373979767
O           -0.01051337784512       -2.20890340419962       -3.75246171004804
O            4.02306970251021       -2.88766150843337       -2.23910527510249
O           -1.25162545719068       -0.52418919188243       -1.36844149019417
O            1.27281958469034       -0.51151466718027       -1.40138657421504
O           -1.68573297713669        1.67989572188984       -2.89868911276525
O            1.69059518096899        1.73463862596578       -2.91102780646862
33
 energy: -91.722475826461 gnorm: 0.025617901390 xtb: 6.7.1pre (5071a88)
Ti          -2.56143128968611       -2.78321816763432        1.61940427389051
Ti           0.00677086188796       -1.37651469215172        2.36603889843862
Ti           2.55772901298034       -2.80500261163034        1.61688051025819
Ti          -2.19395831282916        0.88097651259783        1.44071009233025
Ti           2.19557712944591        0.91995711417790        1.44188214253168
Ti           0.00064260454263        1.58842449186442        3.33601684348189
Ti          -2.56526768344231       -2.81245058559882       -1.61826729811597
Ti          -0.00052979338043       -1.37686123247837       -2.36582195777549
Ti           2.55691166165697       -2.76609464156562       -1.61549899298884
Ti          -2.19049845085285        0.88004794314703       -1.44199297005422
Ti           2.19826128905395        0.92139614556321       -1.44074741211234
Ti           0.00315469381728        1.58908445599193       -3.33635841750515
C           -3.68755771971548       -0.51084515396712       -0.00139292864414
C            3.69413249117821       -0.50732858645612       -0.00019033662592
C           -0.01068036715545        2.10587983729051        0.00012090973835
C           -3.79509866318398        0.74380878588983       -0.00205627909439
C            3.78303611096435        0.74752354435128        0.00151193235228
C           -1.31419299907175        2.12178355607288       -0.00019111322676
C            1.29477525056804        2.12914450725027        0.00048148912913
O           -4.00542943650661       -2.93228694737763        2.28597598502873
O           -0.00837516473638       -2.13979167714445        3.76282664789547
O            4.01946656580689       -2.92073666552301        2.27301117628704
O           -1.25866438644707       -0.52684938572582        1.33611809293791
O            1.26289965523077       -0.49815235884087        1.36557214848707
O           -1.68728435263569        1.63760549365799        2.92492016298704
O            1.69049078648890        1.68904523143003        2.93348441457827
O           -4.01879636042791       -2.92385135444674       -2.28574275296801
O            0.00829052406055       -2.14130151934164       -3.76184036976878
O            4.00032132074038       -2.93555839541524       -2.27506747007362
O           -1.25112712461854       -0.52412710576700       -1.34231941983289
O            1.27078334902036       -0.50075345716278       -1.35868935716920
O           -1.68598419517671        1.63896208166787       -2.92464097392436
O            1.69163299242266        1.68808483727569       -2.93413767047360
33
 energy: -91.727164118601 gnorm: 0.040650082301 xtb: 6.7.1pre (5071a88)
Ti          -2.60155420991884       -2.77245538770726        1.61261220634485
Ti           0.01371486950621       -1.35365943203234        2.33950659927975
Ti           2.58432524197833       -2.76954622609038        1.61620387342032
Ti          -2.20013513503137        0.90267890633893        1.44852823972626
Ti           2.20728969620401        0.93943209968600        1.45072780551199
Ti           0.00175096307487        1.52807299061626        3.37551714445222
Ti          -2.58226599455031       -2.77343055377493       -1.62196172056483
Ti          -0.00756099557448       -1.35479952940438       -2.33878701768484
Ti           2.61017190123970       -2.76106687198748       -1.59876182186718
Ti          -2.20665886296790        0.90699664412615       -1.44930308315843
Ti           2.19990052569028        0.93732114472711       -1.45033907937990
Ti          -0.00225578468751        1.52947870945672       -3.37621481531922
C           -3.74980114680572       -0.50243878262022       -0.00090778247937
C            3.74605216023205       -0.50011709684380       -0.00207086167662
C           -0.00441942075948        2.10782446730023        0.00052078269035
C           -3.81364544280815        0.75699436298415        0.00236097437855
C            3.80559029566599        0.76293633061388       -0.00279969307884
C           -1.31007996499881        2.12685880244064       -0.00004731068111
C            1.30195502380465        2.14519885848379        0.00100339646089
O           -4.01882436838013       -3.00586642460858        2.33513541651854
O           -0.00015355573261       -2.01766392579106        3.79864575457975
O            4.01664022712069       -2.98165572747984        2.31788477716051
O           -1.26274887284458       -0.51066457249544        1.31406541675886
O            1.27368558104500       -0.48069048424259        1.33115672385764
O           -1.68579839768887        1.58971761687911        2.96431347061765
O            1.68873784435101        1.63348268423857        2.96869916557026
O           -4.01090119588419       -2.98600238898388       -2.32539341214321
O            0.00611383835888       -2.01671255463523       -3.79933104510381
O            4.02288924148290       -3.01666736045408       -2.33381732500266
O           -1.27527163984145       -0.51057209690120       -1.32053982930383
O            1.25920528085734       -0.47779690049455       -1.32266090758684
O           -1.69024845621874        1.59426486800500       -2.96361257319605
O            1.68430075408089        1.63054783065168       -2.97033346910289
33
 energy: -91.729261597044 gnorm: 0.046600013346 xtb: 6.7.1pre (5071a88)
Ti          -2.57633576056731       -2.73443544739360        1.65008445787718
Ti           0.00768707326051       -1.35068776966213        2.31821177763528
Ti           2.58080551580190       -2.74833585807223        1.64979982135312
Ti          -2.20034422250777        0.91671900756048        1.44809771358528
Ti           2.20148718460637        0.94519492606198        1.44795848646087
Ti           0.00039233439507        1.49320680169993        3.40751476324819
Ti          -2.59213559861413       -2.76515409079331       -1.63925786648112
Ti           0.01005701495387       -1.34971921420213       -2.31903815742583
Ti           2.57004522669013       -2.72180662098016       -1.65702627829523
Ti          -2.20210758485902        0.91760292481917       -1.44994394650028
Ti           2.19911668066448        0.94792845489514       -1.44643974803836
Ti          -0.00200578642119        1.49258459672344       -3.40784139690312
C           -3.78850266078844       -0.50566892238278        0.00004170191672
C            3.78264253552043       -0.49957699366567       -0.00473317774528
C           -0.00094708592738        2.12228378050479        0.00077872708342
C           -3.81846938080505        0.75409750344761        0.00050353211800
C            3.81854973497477        0.76197496625155       -0.00063230553759
C           -1.30715817283548        2.14174070114387       -0.00083394633439
C            1.30539781973500        2.17136104419673        0.00230230480050
O           -4.00005587845618       -3.04518008323418        2.33615876943919
O           -0.00454467554072       -1.92346795057184        3.82621283001029
O            4.00988879982927       -3.01545418305020        2.32200944983634
O           -1.28130372290520       -0.51369503202091        1.30156400959164
O            1.28040806842482       -0.48490224537992        1.30996975211775
O           -1.68557091371324        1.55360111258366        2.98715825095896
O            1.68460301809174        1.58613422819733        2.98666246950553
O           -4.01076815711576       -3.03183783309732       -2.33682440705109
O            0.02173968111306       -1.92325640343081       -3.82645423351762
O            4.00344772516491       -3.03942639256090       -2.32057950634723
O           -1.28022800909401       -0.51273041147737       -1.31016372463357
O            1.28056549937873       -0.48146389816248       -1.30068611941741
O           -1.68819754465765        1.55680926545174       -2.98747444167170
O            1.68184124220313        1.58556003660145       -2.98709956163968
33
 energy: -91.731236806881 gnorm: 0.025816676416 xtb: 6.7.1pre (5071a88)
Ti          -2.58181204674571       -2.75569256274775        1.64649026179434
Ti           0.00138669495017       -1.32448466687553        2.33100690157426
Ti           2.60823194476139       -2.74942432119734        1.62233905043685
Ti          -2.19810878144743        0.93210682226573        1.45038733608882
Ti           2.19556188617777        0.95184842659579        1.45182537962344
Ti          -0.00143891560434        1.48573700783118        3.43898976669480
Ti          -2.59417267752497       -2.75148358278099       -1.63190772246864
Ti           0.00685221717233       -1.33050022698560       -2.32737376754235
Ti           2.58125183117862       -2.74843719952307       -1.64732705953152
Ti          -2.20025320428641        0.93370261597473       -1.45267776761013
Ti           2.19101909678484        0.95079067131625       -1.45011225133794
Ti          -0.00519609556569        1.48580371839187       -3.44006154113122
C           -3.80199166872245       -0.51535236686784        0.00180427207541
C            3.79206236025586       -0.50666259714431       -0.00805739457695
C            0.00206119812845        2.13547413335285        0.00072527406889
C           -3.81242756268254        0.74167171759755        0.00095927503946
C            3.81045761380097        0.75003347836740       -0.00163026445607
C           -1.30429647779576        2.15867460888175       -0.00114512508353
C            1.30822828154988        2.18867628197894        0.00193168847993
O           -3.99435586323057       -3.05873499650080        2.33031568927197
O           -0.01190284496673       -1.85573173734431        3.84591482069931
O            4.00698017330150       -3.04993493095128        2.33687415660381
O           -1.29211886733962       -0.50938199087345        1.30397015960436
O            1.29106386720333       -0.48886995208581        1.31384610774938
O           -1.68540331727324        1.53670120626035        3.00271554934473
O            1.68100407513820        1.55942523410838        3.00042318467351
O           -3.99464798235191       -3.06976145317518       -2.34118380945610
O            0.01356934716093       -1.85688417056954       -3.84526389266364
O            4.00185416243664       -3.03663297383486       -2.31337469996314
O           -1.29246656125387       -0.50891086358658       -1.31223808554068
O            1.29094888568923       -0.49008291565782       -1.30381532407509
O           -1.68910749374001        1.54033285400653       -3.00419866625542
O            1.67716672484080        1.55598473177373       -3.00015150213202
33
 energy: -91.732060099923 gnorm: 0.041998887551 xtb: 6.7.1pre (5071a88)
Ti          -2.58155906403885       -2.74748346228120        1.62730929010015
Ti           0.01469778796633       -1.33083861726825        2.32552970592430
Ti           2.57222860331094       -2.67713247745641        1.61770788891793
Ti          -2.18112483514311        0.93600051739065        1.45495417958322
Ti           2.18796440221670        0.95960823976159        1.45817952756203
Ti          -0.00017116291705        1.47667604333132        3.46562219674262
Ti          -2.57034778439090       -2.71265404275671       -1.62347653071417
Ti          -0.00532341429146       -1.32249131260687       -2.33388542457117
Ti           2.59568481589789       -2.73485334614909       -1.61358908389566
Ti          -2.19459228413244        0.95028930156241       -1.45601223853426
Ti           2.17605980145301        0.94852973172476       -1.45739037607276
Ti          -0.00870688714906        1.47199163109032       -3.46445934772219
C           -3.80599024650925       -0.53603364444161        0.00167743638111
C            3.79770098441621       -0.52025294632059       -0.00842587230147
C            0.00365645030760        2.14576642149167        0.00065315176115
C           -3.78804338006490        0.71889778594380        0.00632104583919
C            3.78548056931609        0.73234802872261       -0.00416040049543
C           -1.30296232838633        2.17404971827698        0.00116177400943
C            1.30974969387596        2.19990971130542        0.00027214061472
O           -3.97182275365469       -3.10215229496465        2.32491769831076
O            0.00049871068497       -1.78482574785114        3.86005003917535
O            3.95427549720118       -3.09900381518619        2.32969915331584
O           -1.28592990853171       -0.51497132844605        1.30712081572078
O            1.30805678578914       -0.49574033771877        1.31186247845279
O           -1.67959549229233        1.52866043595350        3.00905167742781
O            1.67851429177341        1.54602734937760        3.00798040651215
O           -3.95426468935071       -3.11591232598984       -2.32791035484555
O           -0.00191649521644       -1.78436798273615       -3.86252410790182
O            3.98550327173649       -3.08209256458546       -2.31736328352876
O           -1.30675819823073       -0.50638030110366       -1.31576058751850
O            1.28717393448053       -0.49901447498482       -1.30873644828057
O           -1.68832884851259        1.53913866330861       -3.01080427669905
O            1.67019217238573        1.53830744360722       -3.00557227327113
33
 energy: -91.733901325078 gnorm: 0.032134302172 xtb: 6.7.1pre (5071a88)
Ti          -2.57665913506537       -2.72286188600655        1.60955510375386
Ti           0.00586304878787       -1.32563025941748        2.32643527207734
Ti           2.59081366423728       -2.75441309763545        1.64261530467063
Ti          -2.17195717908067        0.94885568523169        1.45966197982782
Ti           2.17152818617568        0.97211506620329        1.46611664545991
Ti          -0.00258053776484        1.47293197177477        3.48178735085110
Ti          -2.56577183570891       -2.71990690713849       -1.61277185779909
Ti          -0.00829169852118       -1.32558047652442       -2.33323169801965
Ti           2.59312030711914       -2.69683949993365       -1.62264576237227
Ti          -2.18089860405933        0.96349955616442       -1.46041297021280
Ti           2.16219618159776        0.94959741961425       -1.46543534549383
Ti          -0.00926135602453        1.46985072153408       -3.48140211764285
C           -3.80715079311037       -0.55660063168364       -0.00060359677124
C            3.80564916743839       -0.53019054686919       -0.00811441835000
C            0.00179404917437        2.15531760248115       -0.00030379335997
C           -3.75679608253409        0.69726268892504        0.00489194019608
C            3.74859393909207        0.72103185998432       -0.00201052373993
C           -1.30513978838260        2.18992756408142        0.00190805847742
C            1.30779898162567        2.20709424215340       -0.00344728336867
O           -3.94197058670384       -3.15584666477417        2.32315570947737
O           -0.00212066778159       -1.70861441551455        3.86980236027758
O            3.96119615056451       -3.13380459266042        2.32964894093714
O           -1.28995509873335       -0.50989647922877        1.30867189020087
O            1.29236418594509       -0.48193493507967        1.30949364376604
O           -1.67679698129469        1.54308516178693        3.00482657441659
O            1.67246599488842        1.55307441895487        3.00921949419493
O           -3.92980680986453       -3.15219162409193       -2.31350562183603
O           -0.00764281062631       -1.71296838783264       -3.87243898927595
O            3.96341475393891       -3.14580964858773       -2.33317169707315
O           -1.30541616190822       -0.50011195926997       -1.31710853841831
O            1.27977591318894       -0.50109340405412       -1.30859134441487
O           -1.68424187776557        1.55214522125686       -3.00876825415955
O            1.66588348115556        1.53850623615737       -3.00382645627758
33
 energy: -91.733215145160 gnorm: 0.051164232212 xtb: 6.7.1pre (5071a88)
Ti          -2.57429782754500       -2.76690045038019        1.65956873264509
Ti           0.01119291695157       -1.33761474694526        2.30394364387750
Ti           2.58846970385542       -2.74486964929416        1.65197324950079
Ti          -2.15904944626440        0.95609219333440        1.45343395372225
Ti           2.16180868996265        0.98485744532569        1.45364892298997
Ti          -0.00051942285945        1.48491990115093        3.48050410944349
Ti          -2.60239653944225       -2.82099518794471       -1.65368925227061
Ti           0.00900971492893       -1.33593912056630       -2.31240791175636
Ti           2.58440452572390       -2.72930013936730       -1.65374645708075
Ti          -2.16230792242793        0.97280735121563       -1.45558381629356
Ti           2.15733974519237        0.95927067995263       -1.44944440562729
Ti          -0.00366932509716        1.49564760587603       -3.48361765952525
C           -3.81863483219190       -0.56490292166341       -0.00158440784075
C            3.81984425309542       -0.54624203204261       -0.00850622215902
C           -0.00324010646875        2.17148808916157       -0.00079264777927
C           -3.74299126122501        0.68942378762104        0.00174408346495
C            3.74574159537665        0.70707882618041        0.00299414018535
C           -1.30978163047719        2.20752884483281        0.00254267341013
C            1.30165174366533        2.22393225842705       -0.00396982874922
O           -3.94731040609128       -3.18289569954399        2.32934971639476
O            0.00729020977431       -1.62931153296160        3.88588575367280
O            3.94633824387007       -3.20392574068541        2.35141808367288
O           -1.27876909931240       -0.50281921961883        1.29541124223732
O            1.27947548579539       -0.46640763583686        1.28783483028485
O           -1.67408155402940        1.55478101742645        2.99553347639961
O            1.67457801376121        1.56216091532382        2.99977669272606
O           -3.96393462738694       -3.19010546379823       -2.32991694965442
O            0.00877619471040       -1.62571030240635       -3.89528818397781
O            3.95968729830142       -3.15513314750553       -2.32494760569677
O           -1.28256882607320       -0.48651032846003       -1.30581086421507
O            1.27410105030071       -0.49019102471672       -1.28193639942120
O           -1.67845367523058        1.56708648792209       -3.00168051733593
O            1.67229711685679        1.54269893998790       -2.99264017524562
33
 energy: -91.735167149375 gnorm: 0.034648347592 xtb: 6.7.1pre (5071a88)
Ti          -2.56519937966957       -2.73733049261995        1.66108264167439
Ti           0.00344061091309       -1.32167100287088        2.30954602937483
Ti           2.59721802216955       -2.74392225751321        1.63477397282116
Ti          -2.15924021262076        0.96325524800855        1.44133655149284
Ti           2.15853364097450        0.98788604307685        1.44607456419517
Ti          -0.00223316755710        1.48282479515867        3.47175415779885
Ti          -2.58093693075728       -2.73400391650031       -1.64982889898044
Ti          -0.00051055027267       -1.33511940655482       -2.30582029096760
Ti           2.58048504076118       -2.73147952560298       -1.65440015368742
Ti          -2.16225561765255        0.98003389157168       -1.44588253601054
Ti           2.15219207631863        0.95811039382873       -1.43952896397265
Ti          -0.00432146393623        1.49117621186428       -3.47448934641104
C           -3.81584414538305       -0.58140989944693       -0.00104232810084
C            3.81775824158832       -0.56497102977694       -0.00936432532605
C           -0.00296213948285        2.18302718645684       -0.00126454314016
C           -3.75500862792496        0.66968911508970        0.00010060834522
C            3.75220616431757        0.68707795106254        0.00457027723100
C           -1.30888450591492        2.22211292290156        0.00147300352260
C            1.30153232353135        2.23271428870964       -0.00442498693847
O           -3.93520078239095       -3.22277152249526        2.32843214196951
O           -0.00270215426630       -1.60548886776023        3.88855298169147
O            3.94339972034883       -3.23482192267186        2.35914064364529
O           -1.28081498954690       -0.49600430391633        1.28941934302800
O            1.27969924657367       -0.46577828674420        1.29144984836161
O           -1.67748237065336        1.55753807051499        2.98804346364550
O            1.67507955354023        1.56487091498034        2.99524859147910
O           -3.93459417036688       -3.27401289085237       -2.34942111347457
O           -0.00133424912937       -1.60153523079959       -3.89642518703834
O            3.95339564117589       -3.16800002534469       -2.31948127559544
O           -1.28817538329460       -0.48223172726852       -1.29964724875011
O            1.26922532388138       -0.49231232528734       -1.27788676745846
O           -1.68017768735355        1.57268114518349       -2.99447126394450
O            1.67371292207934        1.53986645561944       -2.98761959048099
33
 energy: -91.735516191883 gnorm: 0.040084991354 xtb: 6.7.1pre (5071a88)
Ti          -2.56343581542798       -2.72596390568226        1.62037916042368
Ti           0.01158796656762       -1.31857393667307        2.32045519812367
Ti           2.56568014586264       -2.74378507523147        1.62184412063379
Ti          -2.15481610452766        0.95762680368549        1.44682275938478
Ti           2.15920628141735        0.99021620888644        1.45400889194302
Ti          -0.00164209882139        1.49768121637425        3.47282809534452
Ti          -2.56443416989862       -2.75252199443232       -1.61427433678050
Ti          -0.00487159563932       -1.30823772531428       -2.33373164727604
Ti           2.58036564025217       -2.68209753643742       -1.61694032896779
Ti          -2.16778547530389        0.98173727557484       -1.45412253716815
Ti           2.15250033096613        0.96051799471683       -1.44559094720222
Ti          -0.00518216385571        1.48279918858218       -3.46638566372061
C           -3.80664810268375       -0.60307603857765       -0.00253842362105
C            3.80629212902089       -0.58246948535292       -0.00988784062678
C           -0.00450304564076        2.17999464171552       -0.00098260488499
C           -3.74889469965974        0.64708509159490        0.00238991849789
C            3.74510268886867        0.66700035695583        0.00734377060675
C           -1.31087836136480        2.21772829175591        0.00163622462284
C            1.30075874584225        2.22684048319699       -0.00381435030633
O           -3.91220865135969       -3.23548841288558        2.32259128830446
O            0.00071131113524       -1.60761016195776        3.88102177045834
O            3.91320563870441       -3.21214042946373        2.32346536001941
O           -1.27532435255593       -0.49915055191083        1.29939624826242
O            1.29748990053486       -0.47346817063733        1.31088166931460
O           -1.67909079491564        1.56282708328481        2.98962645446105
O            1.67829421443455        1.57820430085044        2.99904346922706
O           -3.90938210319748       -3.23917824828997       -2.32268512725419
O           -0.00674069867699       -1.61832487984385       -3.87888606035335
O            3.92941167835888       -3.21736591491509       -2.32519265094524
O           -1.29354410322655       -0.47731573198508       -1.31672863483303
O            1.27768231259017       -0.49458771483943       -1.30049369148559
O           -1.68325650291383        1.58771885016670       -2.99378465651365
O            1.67434985511364        1.55337812708984       -2.98769489768980
33
 energy: -91.735888446829 gnorm: 0.028742611311 xtb: 6.7.1pre (5071a88)
Ti          -2.55137913643751       -2.72967267785403        1.60298371661200
Ti           0.01589017027180       -1.33984644580341        2.30505582800809
Ti           2.53621678740507       -2.73942247321168        1.64942616511218
Ti          -2.14769960407764        0.95354109089882        1.45086653646605
Ti           2.15529465542559        0.99348259425086        1.46512814960165
Ti          -0.00294897513931        1.51638122088715        3.48152303992626
Ti          -2.52719995829466       -2.73910438957757       -1.60766895628770
Ti          -0.02099166286972       -1.33341041171071       -2.31414089003521
Ti           2.58299168407255       -2.75163596215441       -1.64307797845178
Ti          -2.16708619833155        0.98471206520657       -1.45894313426955
Ti           2.14133809664767        0.95623942510564       -1.45348853760908
Ti          -0.00785659916578        1.50886174696280       -3.47678252279615
C           -3.81374636427562       -0.61651337864351       -0.00428675730668
C            3.81401622610942       -0.58776200346194       -0.00750894822223
C           -0.00414777691161        2.17700078173405       -0.00098820274837
C           -3.73872777623532        0.63612268963710        0.00370721858329
C            3.72959691992371        0.66386606702929        0.00835602223239
C           -1.31105067462996        2.21562121494219        0.00247789788119
C            1.30179915925371        2.22078849650133       -0.00386292056897
O           -3.88917571802195       -3.23651293497092        2.31241436166200
O            0.00286193112631       -1.56755416031289        3.89087110643164
O            3.89150686185928       -3.21285949564780        2.30686319716658
O           -1.27226338130784       -0.50537551574927        1.29703335671284
O            1.30063998536020       -0.47449836080090        1.31281779474311
O           -1.68110495512176        1.56352143053826        2.99303423521781
O            1.67895173837957        1.58662334259477        3.00780744670521
O           -3.86993624168147       -3.22273109572585       -2.29820667374277
O           -0.01591633086801       -1.57089154109985       -3.89288535479165
O            3.93715590471781       -3.21873209560338       -2.32471174349915
O           -1.31083917990574       -0.48477275113025       -1.31566078233995
O            1.25622378834333       -0.49273249800595       -1.29419859455253
O           -1.68677879601519        1.59394701793023       -2.99792026332581
O            1.67436542039434        1.55331900724622       -2.99603381251570
33
 energy: -91.735703588763 gnorm: 0.040969154872 xtb: 6.7.1pre (5071a88)
Ti          -2.55282770063733       -2.78099784156679        1.67120439159640
Ti           0.00882482080130       -1.31579315526516        2.31124941591857
Ti           2.57097519224072       -2.72972843906383        1.63231797268186
Ti          -2.15052501816465        0.96643735266888        1.44915047664588
Ti           2.15436850233187        1.00297855462373        1.46313214473399
Ti          -0.00379504019760        1.50365209216183        3.47444052118247
Ti          -2.54698834005971       -2.76542175938587       -1.65693875492066
Ti          -0.00518045535865       -1.34593812187880       -2.29228667655859
Ti           2.56440906306874       -2.74830162344665       -1.66587014297066
Ti          -2.15635947941673        0.99037996145408       -1.45841669872450
Ti           2.14342294498900        0.96163805660347       -1.44714051401311
Ti          -0.00307729686727        1.52012673427017       -3.47856808361697
C           -3.82655087806998       -0.61492174944835       -0.00419713551106
C            3.82250207768775       -0.59660900735960       -0.00769508109483
C           -0.00503182585554        2.18393875055176       -0.00180124710292
C           -3.73536392567206        0.63866381047149       -0.00275474604918
C            3.73157621408250        0.65651565850058        0.01291668584280
C           -1.31197696721976        2.22402679020204        0.00152748012295
C            1.30078478888936        2.22677890013403       -0.00442078727592
O           -3.90923424924637       -3.25098414877044        2.32156314002850
O           -0.00523218654124       -1.52432830285138        3.89759003047968
O            3.90694018387327       -3.27981911762309        2.32899762666486
O           -1.26878586053075       -0.48720141982292        1.28875939369538
O            1.29248921568305       -0.46037920727583        1.31044772632024
O           -1.68315412015905        1.57292354902169        2.99129299089600
O            1.67808008819715        1.59740069701459        3.00462209008428
O           -3.89135773967357       -3.28837064267697       -2.32867807664704
O           -0.00107937094880       -1.50865580698308       -3.91104893232094
O            3.92217241018118       -3.23841494925653       -2.32520527475219
O           -1.29468696822538       -0.47575547731852       -1.30717448061562
O            1.25766828351048       -0.48685316701824       -1.27315213270707
O           -1.68315600480368        1.59932097516595       -2.99970933263741
O            1.68014964211150        1.55369205416872       -2.99415398937617
33
 energy: -91.736546070066 gnorm: 0.030048311893 xtb: 6.7.1pre (5071a88)
Ti          -2.54486846327398       -2.72755943095484        1.66928099610325
Ti           0.00528774914808       -1.32323872107465        2.30201545364792
Ti           2.57041618744840       -2.72901935329978        1.61700069092617
Ti          -2.14830263346747        0.96549079224185        1.44298209322652
Ti           2.14954543856965        1.00035405303571        1.45578037526189
Ti          -0.00449801789070        1.51494176346191        3.47198171766625
Ti          -2.57912683721584       -2.77825166855698       -1.63156178964971
Ti           0.00154146339390       -1.29918466490765       -2.32263362328050
Ti           2.57448011607764       -2.75412954433121       -1.64868277523505
Ti          -2.15993079163599        0.99822709817870       -1.45628539422455
Ti           2.14894671942375        0.96918994906840       -1.43694558027598
Ti          -0.00122502651234        1.51194369646395       -3.46525294914968
C           -3.81941378292400       -0.62557272106726       -0.00527171592355
C            3.81939619621890       -0.60879872334265       -0.01034781196279
C           -0.00678496750219        2.19224048464907       -0.00038015660596
C           -3.74071421366905        0.62474398539680       -0.00218682582704
C            3.73983469990136        0.64172344025594        0.01947522788633
C           -1.31314585506876        2.23152249028858        0.00256433529892
C            1.29872767038267        2.23475335407667       -0.00159763975284
O           -3.89434716662998       -3.30323401712235        2.32965329843394
O           -0.00842157008667       -1.50253697407693        3.90176956230873
O            3.89926617599072       -3.28400761097543        2.32441993077706
O           -1.27084311051809       -0.49087473828237        1.28171150408768
O            1.29011528425612       -0.46527118521595        1.30601645628876
O           -1.68550201988323        1.57053520697628        2.98905797079873
O            1.67943195436361        1.59645810421009        3.00155723173555
O           -3.90640142713593       -3.31801296104431       -2.33930336130489
O            0.00178192390687       -1.52330064462405       -3.89251474103083
O            3.92050767150631       -3.25004141325275       -2.32859418775558
O           -1.28536964464817       -0.45810248513315       -1.31431714402282
O            1.27060435170645       -0.48360523372902       -1.27947049568484
O           -1.68389131797197        1.61082454080282       -2.99540776591838
O            1.68290324373966        1.56179313188547       -2.98451288684369
33
 energy: -91.736835594115 gnorm: 0.041315557140 xtb: 6.7.1pre (5071a88)
Ti          -2.55892561447111       -2.74987210750159        1.62376176056491
Ti           0.01556670872842       -1.31145641010195        2.31446995469108
Ti           2.55332536345453       -2.74433235260892        1.60080296426830
Ti          -2.14388851759690        0.95954167693833        1.44138450983218
Ti           2.15101533439298        1.00444951561028        1.45718418204968
Ti          -0.00496979540067        1.52919187796445        3.47120981272717
Ti          -2.54138667216267       -2.73565737323477       -1.60795880608854
Ti          -0.00708584139579       -1.31974395449572       -2.31064203740395
Ti           2.55897325296992       -2.69859971861705       -1.62069657638648
Ti          -2.15763935759223        0.99376699110322       -1.45521130733611
Ti           2.14102839895853        0.95869184686451       -1.43696243129672
Ti          -0.00203381033903        1.52070766452234       -3.46484095142667
C           -3.81635712936575       -0.64350809753756       -0.00541916894484
C            3.81760040794365       -0.62183642890929       -0.01253544595700
C           -0.00625688273709        2.19465434307368       -0.00107217471287
C           -3.73859786067423        0.60526844040099       -0.00277336968051
C            3.73695179449229        0.62619158560842        0.01858459425637
C           -1.31239238056829        2.23272729969652        0.00236842970932
C            1.29948204845215        2.23522856518996       -0.00456916684735
O           -3.88587046261282       -3.29146272244756        2.32452572577362
O           -0.00144709972160       -1.49828436765420        3.89591230177362
O            3.87868785815961       -3.25046760501573        2.29549058009940
O           -1.26435586784007       -0.49501191078207        1.28598750433469
O            1.30803892067528       -0.47119135640515        1.31869561643376
O           -1.68814345453145        1.56918936954516        2.98800346596459
O            1.68121808083559        1.60624240228979        3.00169221561468
O           -3.86234685589756       -3.31152585780012       -2.31584520604187
O           -0.00347834498055       -1.50128651257701       -3.89661487133241
O            3.88720799692164       -3.28705786810530       -2.32904634938396
O           -1.29997174194017       -0.47353320934895       -1.31666349314975
O            1.26812528793882       -0.49832054631547       -1.27895627606131
O           -1.68610724499154        1.61052821506123       -2.99488271441795
O            1.68403348089587        1.55676860559048       -2.98538327162603
33
 energy: -91.737763928719 gnorm: 0.018243435799 xtb: 6.7.1pre (5071a88)
Ti          -2.54205571110975       -2.73950951610481        1.63085060854483
Ti           0.01066863779466       -1.30869533130433        2.31619611190309
Ti           2.55414898431302       -2.72353641039212        1.61758893573900
Ti          -2.14712273963876        0.95912706332883        1.44434442732709
Ti           2.15007860751625        1.00860420194053        1.46657102698184
Ti          -0.00796054907559        1.52411467322406        3.46801769976387
Ti          -2.53687623276757       -2.76169123889347       -1.61482341434196
Ti          -0.01048037543236       -1.32260870386937       -2.30618408541696
Ti           2.55588555189867       -2.75102149772620       -1.65671462397577
Ti          -2.15847640708601        0.99612533559812       -1.45921650816851
Ti           2.14091509036818        0.95935064129220       -1.44205341369993
Ti          -0.00141507089298        1.52101306555266       -3.46362883833279
C           -3.82244596878816       -0.64599159890332       -0.00473613031258
C            3.82430416422093       -0.61846945009782       -0.01061763845315
C           -0.00661107193878        2.19094741054336       -0.00145951609211
C           -3.73468500147211        0.60472089093955       -0.00499376001276
C            3.72864321290165        0.63167079965403        0.02276201685885
C           -1.31328240692443        2.22932158033290        0.00299812868201
C            1.29964846538283        2.22923541380030       -0.00450521456908
O           -3.86966751870099       -3.28415787300483        2.31925583314992
O           -0.00688559108438       -1.49708714612055        3.88779028384154
O            3.87876533795082       -3.28801305427769        2.30763917610704
O           -1.26674106103510       -0.49386160917654        1.28530131523629
O            1.30406618864236       -0.46491131087344        1.32596660979488
O           -1.69135732287056        1.57411847385848        2.98685391979271
O            1.67833331831308        1.61899178834367        3.00484423229858
O           -3.85860622784607       -3.30189968160862       -2.30994897483196
O           -0.00389907363107       -1.48110514783836       -3.90000603509741
O            3.89602925712187       -3.28108717012883       -2.33078844052952
O           -1.30226792433619       -0.47095989786745       -1.31752832794549
O            1.26053189753817       -0.49270032622385       -1.27667601260817
O           -1.68609294521133        1.61738620658229       -2.99584440318222
O            1.68491048587946        1.56257941942155       -2.98725498845214
33
 energy: -91.736756853050 gnorm: 0.043061634069 xtb: 6.7.1pre (5071a88)
Ti          -2.53950983811096       -2.74747813849823        1.64238278306220
Ti           0.00962239060927       -1.33597514318801        2.28826606975678
Ti           2.56504088512648       -2.73024330956483        1.61249056368418
Ti          -2.13935715865969        0.95908150728812        1.44660406871999
Ti           2.14208556601675        1.01199950036995        1.47180187512761
Ti          -0.00916169052627        1.53298786840602        3.48483642364044
Ti          -2.54779152570866       -2.75611124895880       -1.61044276542775
Ti          -0.00862864957737       -1.31129247915071       -2.30924279009830
Ti           2.55858298337822       -2.74972109978541       -1.65349919429991
Ti          -2.15651856756918        1.00895351070895       -1.46742431192788
Ti           2.13886426120424        0.96216689291506       -1.44260652846834
Ti           0.00076532566844        1.52718007001640       -3.47427998292302
C           -3.83548867138659       -0.65348201849291       -0.00621068976106
C            3.83404068276232       -0.62812208256488       -0.01614654960467
C           -0.00670479953058        2.19426736441600       -0.00001889608374
C           -3.72344711899572        0.59804302508070       -0.00602685444985
C            3.72088666222693        0.62148177226289        0.02990271702746
C           -1.31375986433932        2.23285733371342        0.00437844579877
C            1.29956906129922        2.23406184908435       -0.00315970791481
O           -3.86019765766619       -3.31224121398524        2.32140563122407
O           -0.00539008842911       -1.38790952319597        3.93332962222869
O            3.87434263859443       -3.32780015119343        2.31212656434925
O           -1.27138053173445       -0.50373154418957        1.27462600909652
O            1.29662704963555       -0.46249432852735        1.31324188537062
O           -1.69190420502885        1.56379763337465        2.99467807543778
O            1.67714129666257        1.61249680554581        3.01452547044718
O           -3.85165511789795       -3.34826641858791       -2.31993708648140
O           -0.00248625079881       -1.42766576066261       -3.91076232035035
O            3.88498158935381       -3.30596692096550       -2.33724965068882
O           -1.30322999306191       -0.46092676319068       -1.32241569278483
O            1.26179229452836       -0.49211323399407       -1.27184798878831
O           -1.68446248286891        1.62449754230941       -3.00456627670721
O            1.68673152482373        1.55766870320535       -2.98875891821224
33
 energy: -91.738362495005 gnorm: 0.011572103553 xtb: 6.7.1pre (5071a88)
Ti          -2.54583097272270       -2.73669372506484        1.63226789792007
Ti           0.01306518729272       -1.31334148809519        2.30523427480994
Ti           2.55978382518397       -2.73041157661948        1.60343607614872
Ti          -2.14318603941682        0.95768264194036        1.44423043085728
Ti           2.14646470638736        1.01512428448404        1.46643492527246
Ti          -0.00906206761508        1.53568268102009        3.47146821650202
Ti          -2.54523329735206       -2.75326315662427       -1.60474555986854
Ti          -0.00809490863043       -1.31679014315645       -2.30579228610164
Ti           2.55085430846878       -2.74650875201743       -1.64915568110629
Ti          -2.15610384292951        1.00409905590474       -1.46500463039362
Ti           2.13908694738454        0.95677741496554       -1.43517852725771
Ti           0.00247380829078        1.53832705425190       -3.46583335747941
C           -3.82828091945184       -0.65585978902982       -0.00598801713759
C            3.82929014469481       -0.63267524234122       -0.01677306336020
C           -0.00877913829274        2.19503411784875       -0.00087471477862
C           -3.72928942266538        0.59386977830244       -0.00875351418918
C            3.72867195381482        0.61560341632705        0.03043549174007
C           -1.31542814577552        2.23155063039956        0.00376089517238
C            1.29726558548930        2.23374289456808       -0.00488161527138
O           -3.86069328036413       -3.32334469274505        2.32674772159819
O           -0.00442673346409       -1.43840424348006        3.90177506357337
O            3.86997210944094       -3.31141299118522        2.30302883449692
O           -1.26333318504260       -0.49592550400456        1.27523975805448
O            1.30389692703741       -0.46107963171214        1.32180308621368
O           -1.69401484223460        1.57084233587400        2.98902016546081
O            1.67850064104632        1.62627439884948        3.00662992081501
O           -3.85013250492242       -3.34014139462483       -2.31444616708834
O            0.00034250041746       -1.44608284678051       -3.89962044776649
O            3.87774661304329       -3.29898564856069       -2.33199416044413
O           -1.30184871365337       -0.46441538905550       -1.32209853075453
O            1.26074279929727       -0.49705416250406       -1.26694126856088
O           -1.68464566788780        1.62822835617591       -3.00047204607884
O            1.69022562513108        1.55955131669034       -2.98295917099896
33
 energy: -91.738470072339 gnorm: 0.010298428293 xtb: 6.7.1pre (5071a88)
Ti          -2.52935491458374       -2.74513187911675        1.64427455949258
Ti           0.01137854717727       -1.31299691068875        2.30405681967481
Ti           2.55862075880529       -2.73140559071570        1.59772140853094
Ti          -2.14259748472693        0.95333686403172        1.43630008695875
Ti           2.14620620266483        1.01893621383106        1.47337948039714
Ti          -0.01381077293896        1.54265431275552        3.46625244551826
Ti          -2.53247820026349       -2.74598825916514       -1.60729688024101
Ti          -0.01508595728659       -1.31419222949583       -2.30737405229099
Ti           2.55139918472487       -2.73976143693862       -1.64461878808380
Ti          -2.15762341161163        1.00718372546776       -1.46177796925132
Ti           2.13900689522655        0.94953644803279       -1.43602977356570
Ti           0.00268571287299        1.53010541558624       -3.45620005645337
C           -3.83159772145476       -0.66328834671510       -0.00666659128115
C            3.83116277174455       -0.63693744497051       -0.02178389738120
C           -0.00582250057442        2.19543850616000       -0.00164103532392
C           -3.73443404789672        0.58525190732961       -0.01193116402928
C            3.72498385293099        0.61136870189782        0.03718271073560
C           -1.31236301594366        2.23395967984773        0.00389361393863
C            1.30036047815281        2.22932503597552       -0.00626661989252
O           -3.84805973510423       -3.31282350919299        2.31819176841263
O           -0.00901557563140       -1.43265196142212        3.89421800956950
O            3.86262248721413       -3.32201920439771        2.30011046451274
O           -1.26137634185754       -0.49908954530344        1.26713517143155
O            1.30599629887778       -0.45886202518580        1.33034467860392
O           -1.69953605669850        1.56936865854566        2.98231688681856
O            1.67567415611797        1.63998742991789        3.00912750668472
O           -3.83723693147306       -3.33447913319351       -2.30356684728531
O           -0.00473449098370       -1.43398778799575       -3.89766172767521
O            3.87018345147327       -3.31318576695536       -2.33505004062456
O           -1.30796287270692       -0.46400882166531       -1.32448680711866
O            1.25687511501178       -0.50213469823629       -1.26635257016813
O           -1.68538262871498        1.63632762922654       -2.99545434636222
O            1.69131674745594        1.56016402274974       -2.98034644425291
33
 energy: -91.738721987480 gnorm: 0.015280574125 xtb: 6.7.1pre (5071a88)
Ti          -2.53010556251583       -2.73402077740091        1.64293732672922
Ti           0.01694166693210       -1.30698051527383        2.30518430878572
Ti           2.55633216813476       -2.73069265860294        1.58829091638571
Ti          -2.14016203457648        0.94926637543570        1.43598062077107
Ti           2.14658224117608        1.03092143723265        1.48060713092797
Ti          -0.01684753620850        1.54728045136046        3.46607055194156
Ti          -2.53979542043704       -2.75185729925659       -1.59846061716219
Ti          -0.01583145766470       -1.31783507822794       -2.30379099995336
Ti           2.54798870828254       -2.73175975245160       -1.64255374318220
Ti          -2.15515376750558        1.01391088041722       -1.46799539644094
Ti           2.13693882754012        0.94055676368600       -1.43282260676342
Ti           0.00681781073658        1.53879159517517       -3.45689697351345
C           -3.83923094883506       -0.67240651902405       -0.00587388839603
C            3.83700267710760       -0.64686945311586       -0.03090101118528
C           -0.00574762367988        2.19658930624503       -0.00237112055599
C           -3.72869119172611        0.57597224096256       -0.01803575299444
C            3.72225956615106        0.60000803138441        0.04743306795616
C           -1.31240562706169        2.23395608314635        0.00463331194877
C            1.30059407169597        2.22934187673122       -0.00870420110528
O           -3.83482097633515       -3.34914641125954        2.32429806125799
O           -0.00660959421358       -1.39487336085294        3.89636983438084
O            3.84714715087547       -3.34399479265241        2.29462040000078
O           -1.25516750808223       -0.50089970833204        1.26107007481217
O            1.31546713602969       -0.45297351206068        1.34076194631311
O           -1.70393421589665        1.56583708866946        2.98238526951101
O            1.67351380403399        1.65739486587704        3.01294058377983
O           -3.83003552577377       -3.35530248033187       -2.30084856931846
O           -0.00143499977269       -1.38404911366173       -3.90983291782719
O            3.85436109268722       -3.33229027736363       -2.33730223935044
O           -1.31328839079094       -0.46291331713223       -1.33283311668302
O            1.25405518051585       -0.51098621259119       -1.25691683606152
O           -1.68317760941042        1.64695623211634       -2.99988165988489
O            1.69643788858705        1.55306801115332       -2.97756175512473
33
 energy: -91.738804835084 gnorm: 0.019948575051 xtb: 6.7.1pre (5071a88)
Ti          -2.54826969001617       -2.75171673013046        1.64820037505231
Ti           0.03878746697354       -1.30749953419576        2.29848947140478
Ti           2.53978786939935       -2.73381045927356        1.59219853929901
Ti          -2.13498486171554        0.93002202691784        1.43809448958000
Ti           2.15080567390681        1.05546865442744        1.48673801246224
Ti          -0.02020217273814        1.56593911522030        3.45851996002399
Ti          -2.57080248166751       -2.74547679659288       -1.58208849369745
Ti          -0.01180225118508       -1.31929635045044       -2.30080711197564
Ti           2.53408819211518       -2.72955714018770       -1.66225293729099
Ti          -2.15396541527638        1.02734712262259       -1.48793850048354
Ti           2.13752123658300        0.92261733950062       -1.41414623685580
Ti           0.02016561521774        1.57859998649829       -3.45064251958060
C           -3.84981904024818       -0.67724733695057       -0.00465866961914
C            3.84516004092909       -0.66058517851458       -0.05250511756899
C           -0.01121005554705        2.19572788723684       -0.00236852764802
C           -3.71749715438685        0.57176603493859       -0.03219287775772
C            3.73118980768615        0.58259985087621        0.07263376615963
C           -1.31793414013949        2.22441199645466        0.00749983248377
C            1.29517273245545        2.22994371916717       -0.01197889383408
O           -3.83117096944778       -3.39677893836548        2.34199565676558
O            0.00866018663148       -1.33850476896686        3.89725027312597
O            3.82055106682775       -3.36132218644039        2.27670975516450
O           -1.23383925586243       -0.50962347464783        1.24554648769881
O            1.33625292967447       -0.43994682602829        1.35545444215328
O           -1.71186195869654        1.55530430474965        2.98302765736635
O            1.67239830071389        1.69760140426578        3.01494396476899
O           -3.82966786360222       -3.41832613863302       -2.31607956997305
O            0.01363771482474       -1.34708606182976       -3.90090119459688
O            3.83047324494961       -3.34821461204291       -2.33962834394230
O           -1.31559375866778       -0.45170733082059       -1.35509181111070
O            1.24802896042633       -0.52565735243097       -1.23185134545412
O           -1.67651899570462        1.67902121662107       -3.01085178607239
O            1.71245902558703        1.54598655700602       -2.96131874604867
33
 energy: -91.739552336494 gnorm: 0.013412151566 xtb: 6.7.1pre (5071a88)
Ti          -2.53903438651486       -2.73919245589670        1.65094048011955
Ti           0.03576324401980       -1.30681909242248        2.29529126900800
Ti           2.55594219232244       -2.72819570945460        1.57937625286764
Ti          -2.13527414284171        0.92159656383944        1.42767527260800
Ti           2.14922729501769        1.06540347000298        1.49255322505293
Ti          -0.02701355582970        1.57628279489657        3.45550419480558
Ti          -2.55931541174331       -2.74574679284960       -1.59168044158201
Ti          -0.02390092598832       -1.31902784506308       -2.29730012202084
Ti           2.54217295913947       -2.72862489894519       -1.67453394083253
Ti          -2.15754815406914        1.03881629884388       -1.48810009285866
Ti           2.13431043633272        0.90913725417392       -1.40532591405393
Ti           0.02293687158786        1.58679692343676       -3.44506009397068
C           -3.84984448303513       -0.68105654335103       -0.00190640911214
C            3.84404877527077       -0.66040400612719       -0.06421822705884
C           -0.00954234762517        2.19888348666927       -0.00239642252603
C           -3.72523016859533        0.56499888996124       -0.04039100502569
C            3.73321295564814        0.57948602255781        0.08779975769402
C           -1.31598040013338        2.22764470153129        0.00904795681452
C            1.29660441438306        2.23103106493283       -0.01335521513789
O           -3.81658859683500       -3.40466301508517        2.34160111402041
O            0.00146762708751       -1.31401236940602        3.89959519487280
O            3.82287288131785       -3.39826137842783        2.28371151292547
O           -1.23335875396595       -0.51802094038153        1.23083164524961
O            1.33904586634215       -0.43371250316730        1.36685690326960
O           -1.71945204708259        1.54340196912136        2.97702432917743
O            1.66708182145347        1.71347951667574        3.01870950314426
O           -3.81940734817788       -3.41403527689652       -2.30430201857765
O            0.00909565975134       -1.33618946740720       -3.89325451900672
O            3.83189717446009       -3.37705986998348       -2.35244459314017
O           -1.32842832798150       -0.44674364298152       -1.36072282959835
O            1.23350864298800       -0.53246528668731       -1.21730881927086
O           -1.67536987487303        1.69209557163291       -3.01055617628138
O            1.71610010816953        1.53517656625873       -2.95366177157636
33
 energy: -91.740410025911 gnorm: 0.022843232485 xtb: 6.7.1pre (5071a88)
Ti          -2.50266242422875       -2.71520138373906        1.67632826373438
Ti           0.03257784984451       -1.30923446920499        2.29061299687238
Ti           2.57191470947979       -2.73479120763382        1.54616820482488
Ti          -2.13482781272855        0.89395279022875        1.40131222620953
Ti           2.15135701623159        1.08778143098301        1.51780910442517
Ti          -0.04469275446899        1.59102537842610        3.44503178009756
Ti          -2.56112781078966       -2.75275345602769       -1.58954319774144
Ti          -0.04519616320119       -1.31321239101665       -2.29709618696404
Ti           2.55577994336952       -2.74104266343987       -1.68198306517616
Ti          -2.16529789938404        1.06356293199345       -1.48937792997528
Ti           2.13590538437047        0.87109138376479       -1.39022396128001
Ti           0.03275023904008        1.55760754461457       -3.42073618378789
C           -3.85820183144193       -0.68065508239396        0.00975921478412
C            3.84096334235249       -0.65061344343837       -0.09889262658105
C           -0.00021281668618        2.19670562724676       -0.00384322984398
C           -3.74177636164552        0.56218461121111       -0.06388365167552
C            3.73666048081602        0.58253247945059        0.13250961094491
C           -1.30635396144903        2.22802470986654        0.01282858928404
C            1.30587947286700        2.22071947244281       -0.01685537214990
O           -3.78089807320447       -3.39291698480009        2.33437683740360
O           -0.01598092160520       -1.28942471094104        3.89217850519662
O            3.81587556619950       -3.40679268427856        2.27342911632259
O           -1.22559357881242       -0.54211852609741        1.19485662028817
O            1.35546708399935       -0.42248507975158        1.40650263086980
O           -1.73707865679232        1.51273827561197        2.95796612480730
O            1.65247519119552        1.75687377977234        3.03267159016510
O           -3.81062459530457       -3.42407224372905       -2.29091067357046
O            0.00825948764956       -1.28469901114048       -3.90209245704062
O            3.82936072381016       -3.40305699959829       -2.36826224836994
O           -1.35698727260632       -0.43683488590651       -1.38272086574207
O            1.20478440960712       -0.55126140483043       -1.18374098574075
O           -1.66766918251616        1.72257431105784       -3.00781963883132
O            1.72517121603252        1.50379190129817       -2.93635914176068
33
 energy: -91.742283757397 gnorm: 0.045009673844 xtb: 6.7.1pre (5071a88)
Ti          -2.49666259048997       -2.72279476059815        1.70548736210526
Ti           0.05027528072424       -1.30189151869322        2.28826161466880
Ti           2.58469513244301       -2.72658893781730        1.51910234439991
Ti          -2.13084666367874        0.85239719586664        1.37767328166865
Ti           2.16205703046958        1.13644089805605        1.55550835094977
Ti          -0.06553562076698        1.60761384479125        3.43656516780071
Ti          -2.56258657696253       -2.73396495503299       -1.58767890221547
Ti          -0.06985626191004       -1.31727733903616       -2.29594243294640
Ti           2.54973101082529       -2.73252025346742       -1.72398373795319
Ti          -2.17382126347930        1.10052020131123       -1.51080042506226
Ti           2.13538055402372        0.81278078407387       -1.36842275351015
Ti           0.05077379714106        1.55862078566134       -3.40372436050734
C           -3.87046288497746       -0.67208793500952        0.02706496517798
C            3.83406972009444       -0.62831526312858       -0.15203580271748
C            0.00821232583504        2.18842957160690       -0.00392751549798
C           -3.74779817074360        0.56958573469413       -0.10337536454067
C            3.74444860388115        0.59157522933052        0.19597531474239
C           -1.29801950708969        2.21751427379013        0.01772685156081
C            1.31447397058594        2.20631781291548       -0.02465890920192
O           -3.76333718075917       -3.42997930533114        2.34631894301147
O           -0.02162489060277       -1.24403570481346        3.88366803775516
O            3.79989905831994       -3.45384482163861        2.26449125843232
O           -1.19496345434745       -0.56773341694906        1.14767415394860
O            1.39433324127112       -0.39379631784155        1.46492261354776
O           -1.75772236708348        1.46853238049409        2.94081795789994
O            1.63408955197920        1.82739267422387        3.05661240708614
O           -3.79358417777681       -3.44906882263100       -2.27335540570842
O            0.01535270088816       -1.24192085102739       -3.89806172850764
O            3.81285437176683       -3.44343885053351       -2.38513302034015
O           -1.39696657942919       -0.42223836976412       -1.42939293074113
O            1.16443141726128       -0.58403532090251       -1.13402744374564
O           -1.65390709457945        1.77297951855594       -3.02002992229945
O            1.74261751716650        1.45483183884524       -2.91331996926133
33
 energy: -91.746134190492 gnorm: 0.065730465020 xtb: 6.7.1pre (5071a88)
Ti          -2.50739392516323       -2.74554634848219        1.73233606255051
Ti           0.08429316863884       -1.29282059091725        2.28690651362390
Ti           2.59169758472344       -2.71118246887930        1.50379570396687
Ti          -2.12706821814045        0.79020771300891        1.35360419467494
Ti           2.18475956254114        1.20122544077912        1.59436856936568
Ti          -0.08538213142031        1.59929511930607        3.42514364645472
Ti          -2.57777449408616       -2.70668792357329       -1.57150939731203
Ti          -0.09805023972994       -1.32677799334565       -2.30325574479156
Ti           2.53309487462929       -2.71530794955832       -1.78793366390356
Ti          -2.18533918596131        1.14707112128356       -1.54330696978360
Ti           2.13440692184773        0.72870037141652       -1.33692760654378
Ti           0.07384443075950        1.57446322589429       -3.39226388009854
C           -3.85994781040962       -0.63865452627048        0.06839554345551
C            3.78982070476232       -0.56149868262600       -0.20015860773357
C            0.01791436793396        2.16918132728437       -0.00030644791416
C           -3.75415063875483        0.60096555472246       -0.16187492333943
C            3.77207567723569        0.62424174054209        0.26874351091994
C           -1.28892257417067        2.19239424588372        0.02699871632719
C            1.32413569674817        2.18519969802423       -0.03574148434326
O           -3.77046932098539       -3.44948243813678        2.35798035396066
O           -0.02017095042107       -1.23931080235331        3.86860025689188
O            3.79352105359197       -3.47143797384967        2.24998224040952
O           -1.14562422506174       -0.60218493005875        1.08935178398548
O            1.44966997770916       -0.35217309863342        1.53822161539655
O           -1.77125736235574        1.40300612070164        2.91665443413427
O            1.61118741738053        1.90324669778121        3.08321198814206
O           -3.79057880989393       -3.46482103002659       -2.25720222583183
O            0.03121961236117       -1.25884552724047       -3.88511362700196
O            3.80372905169121       -3.46021966958304       -2.39742046261995
O           -1.44776930296253       -0.40362521687849       -1.50360027939106
O            1.10572678407197       -0.62795256734681       -1.06694749464237
O           -1.63198287594826        1.83273699015719       -3.04111642061699
O            1.76078517883905        1.37659437097555       -2.87961589839300
33
 energy: -91.750395354337 gnorm: 0.047047116946 xtb: 6.7.1pre (5071a88)
Ti          -2.53351567241941       -2.77899473846474        1.76875515171181
Ti           0.12045093919744       -1.28733078724287        2.27993382410680
Ti           2.57758810152352       -2.71109849901854        1.50582784378106
Ti          -2.11428752640661        0.74934987010662        1.33608430379256
Ti           2.20351838018430        1.24229180997358        1.60028444602598
Ti          -0.09007539785604        1.59205639363633        3.42781714524368
Ti          -2.59160629490661       -2.68665223958012       -1.56377533873168
Ti          -0.11783767108638       -1.33624060202335       -2.30924251040225
Ti           2.49915664196176       -2.70207341185194       -1.83165227675525
Ti          -2.18804898768129        1.18951175712576       -1.56124309977434
Ti           2.11972943140992        0.66109780376751       -1.30615709077704
Ti           0.08706274046387        1.58571404152996       -3.40052255142382
C           -3.81342154345520       -0.59765653370833        0.10161954658279
C            3.76679442560342       -0.47389371591657       -0.20287501944045
C            0.02450875225482        2.15669759049023        0.00404647675979
C           -3.75963621817751        0.62901456907825       -0.20344929778274
C            3.80371192595736        0.66881928578824        0.30328740779373
C           -1.28322198495095        2.18049638146453        0.03399868657984
C            1.32983265433389        2.17457945319473       -0.04092393763860
O           -3.80869592954698       -3.50323002125311        2.37327998609370
O           -0.01760369752188       -1.25380739475252        3.86130660567020
O            3.78853074770918       -3.44645744334677        2.23050462154196
O           -1.08968514897481       -0.61506415434111        1.04553995615455
O            1.49219246104734       -0.32555077052886        1.57418223872318
O           -1.76305468058055        1.35197893265980        2.89296273411219
O            1.59620032161873        1.92704700076155        3.08643927405774
O           -3.79816745136993       -3.48101519178002       -2.25404347441287
O            0.04544185749656       -1.28669086321578       -3.88659399247807
O            3.79141462207965       -3.43891011599753       -2.38842948245777
O           -1.48435840772847       -0.38441128516837       -1.56235775044147
O            1.05482356396379       -0.66428849670324       -1.01234834912196
O           -1.61015046417099        1.86990271140030       -3.05353366279139
O            1.76240951002798        1.29480866391763       -2.84872241430278
33
 energy: -91.754787789269 gnorm: 0.035015796614 xtb: 6.7.1pre (5071a88)
Ti          -2.44930202985114       -2.71071807458912        1.73986711613433
Ti           0.09288095175712       -1.29819538826190        2.27349181924574
Ti           2.58682463662476       -2.72024035399449        1.46303585667069
Ti          -2.11113903709375        0.72577367858803        1.31512480920666
Ti           2.18419737690595        1.23275671460166        1.60231878574282
Ti          -0.10495924937977        1.60338392293066        3.42209567042652
Ti          -2.64689249464617       -2.71182048744031       -1.47755297304053
Ti          -0.10975506677506       -1.31479004129240       -2.30799983710588
Ti           2.48228102088378       -2.70913481421081       -1.81194969007634
Ti          -2.17964722703254        1.20317073363801       -1.56298076331456
Ti           2.10472032577005        0.65521979076475       -1.27735101455477
Ti           0.09832977671800        1.56496900430499       -3.39416462228373
C           -3.81886098805401       -0.58039128386341        0.13884761195821
C            3.80922757073827       -0.44426051431569       -0.25529188394015
C            0.02252771502310        2.15198424168931        0.00180773452599
C           -3.76554031491849        0.61898820513754       -0.23290578063388
C            3.81478145092997        0.65375679967806        0.35892432705003
C           -1.28491127855478        2.17725099533509        0.03515550705180
C            1.32717640044810        2.17475889926334       -0.03166464621697
O           -3.73407810018798       -3.45359358811786        2.31926523342670
O           -0.04680601332264       -1.28045446545296        3.86203810650128
O            3.78917980630594       -3.43654786681214        2.22200439428173
O           -1.11160639075704       -0.65283683410793        1.03328864540512
O            1.47194412475315       -0.33368040178145        1.58512694835117
O           -1.76715720150676        1.32238990784926        2.87587328701971
O            1.57822141738726        1.93712454471506        3.07740956243352
O           -3.81674221384882       -3.48419131986601       -2.24412708730111
O            0.05907654393370       -1.29073282963910       -3.89179679959111
O            3.78583573161378       -3.41329064545993       -2.39051423622348
O           -1.48455943594742       -0.36991970752394       -1.57632239920201
O            1.05049014929535       -0.67578353447297       -0.99427952560663
O           -1.58854752798869        1.89491842090710       -3.04477593123828
O            1.76280957077659        1.26413629180095       -2.83199822510372
33
 energy: -91.757836359451 gnorm: 0.074064653357 xtb: 6.7.1pre (5071a88)
Ti          -2.42220540366758       -2.73004372734602        1.74838799652234
Ti           0.11158525891317       -1.29506869989962        2.25893187338539
Ti           2.55697407434879       -2.70815537237334        1.48402374838130
Ti          -2.09103512853405        0.69284952488319        1.28531390500475
Ti           2.17761259547863        1.25347195024159        1.61933166610651
Ti          -0.11988950388492        1.60356148747456        3.42072051937225
Ti          -2.63037391506020       -2.73160986812904       -1.46516268257995
Ti          -0.15251437485249       -1.29147296955492       -2.29674740856670
Ti           2.49693429912318       -2.80692548048485       -1.84784589138138
Ti          -2.17917164910181        1.24616290159308       -1.57528366079630
Ti           2.06445091373658        0.64450917572298       -1.25014106828972
Ti           0.10950890789487        1.55558112071166       -3.39930246758371
C           -3.83175093335470       -0.53542162571470        0.20704412250953
C            3.84559153713572       -0.38293066518005       -0.33422920210966
C            0.02246429147119        2.14582426889243        0.00221156908939
C           -3.77171545723019        0.62009948423143       -0.27967201152129
C            3.82203945951998        0.64232583003152        0.43676439253325
C           -1.28544693913385        2.17377472072892        0.03394699756460
C            1.32662955988842        2.17043742433440       -0.01992111716735
O           -3.73719766225493       -3.42870891342398        2.32530856131158
O           -0.05300313993090       -1.31535812088789        3.85606769081025
O            3.78564835212565       -3.41882022509346        2.20571465545313
O           -1.07822007183650       -0.66875468702229        1.00713867768518
O            1.48932072099131       -0.31895504687056        1.60147472134319
O           -1.76622313932020        1.27786905704078        2.85287210959076
O            1.55381712235787        1.96579690531263        3.07810854384978
O           -3.81561859558849       -3.47100198335342       -2.22433057755909
O            0.03914181613884       -1.31212791038732       -3.88939700443123
O            3.85682693020660       -3.42511592959739       -2.40635227179962
O           -1.51686250653264       -0.33231996771751       -1.59307116899207
O            1.00338845837599       -0.67829099603813       -0.97416837371228
O           -1.56299747192809        1.94086890413309       -3.04554187063753
O            1.75229159450453        1.21794943374359       -2.82219497338635
33
 energy: -91.764245093961 gnorm: 0.061442849390 xtb: 6.7.1pre (5071a88)
Ti          -2.45046285756190       -2.80757638839812        1.79521553952374
Ti           0.13930388726431       -1.26241787957562        2.25001039252831
Ti           2.58775924537405       -2.71123492156343        1.44167124947712
Ti          -2.07489081685399        0.67288782872634        1.25810778216145
Ti           2.19244387199563        1.28317960027311        1.63760023079407
Ti          -0.12833723118572        1.58519135547177        3.41745863731130
Ti          -2.60639650318042       -2.73852348303569       -1.48984456990809
Ti          -0.16877023131336       -1.29580480896217       -2.28379863482528
Ti           2.45961151517936       -2.79276477684235       -1.85811762709062
Ti          -2.17031894947731        1.26771405131426       -1.59575643575437
Ti           2.03943160427048        0.61343201092696       -1.24802832469772
Ti           0.12203724167568        1.55868890467462       -3.41264166185544
C           -3.83097793354202       -0.48343772800766        0.27478605845098
C            3.81451684376297       -0.33723439507902       -0.32981242032092
C            0.02831225012953        2.13504335478483        0.00633018249221
C           -3.77569039470701        0.62686270369241       -0.33676623190757
C            3.82571226977234        0.64801077859024        0.46745705182285
C           -1.28116819384921        2.16570512473592        0.02429554773465
C            1.33315859881141        2.14854317205609       -0.02198124471349
O           -3.79928531836458       -3.43085396140039        2.38210319990642
O           -0.05550268193461       -1.33064202973866        3.85079296897581
O            3.80047770408959       -3.41352416573121        2.19743498225735
O           -1.02602422373388       -0.65427632929932        0.97514240040899
O            1.52150397728243       -0.29245862566895        1.61832110945171
O           -1.76359897105209        1.24115379460926        2.83185519825484
O            1.53388089044154        1.99479336761529        3.07883200480410
O           -3.81210603547760       -3.46183793188722       -2.21922152808473
O            0.03931286789771       -1.34787961978984       -3.88217499047606
O            3.84404808104105       -3.40203211297037       -2.37329027866528
O           -1.52583789300019       -0.31409327055101       -1.61572630952552
O            0.98363851548348       -0.70689070485668       -0.95871938698782
O           -1.53813530670361        1.97645559298146       -3.05314529983402
O            1.74235417746583        1.16582149290626       -2.82838959170964
33
 energy: -91.769565069308 gnorm: 0.047737856689 xtb: 6.7.1pre (5071a88)
Ti          -2.45884974139419       -2.78750281089034        1.81276572698582
Ti           0.17193958141216       -1.26351525848602        2.24015166276243
Ti           2.58659859845335       -2.68891000039001        1.42579293578511
Ti          -2.06198298086609        0.61695681548558        1.24680489109984
Ti           2.20066943068767        1.30352696240194        1.65377301514868
Ti          -0.14075643251035        1.56846226455512        3.41894650737616
Ti          -2.58948461525509       -2.72116641758187       -1.46129964356139
Ti          -0.19204995148838       -1.30157814948158       -2.27095906198673
Ti           2.43874291036115       -2.75505856922664       -1.87138602494530
Ti          -2.17354336234498        1.29267549744297       -1.62216718458598
Ti           2.02025350778217        0.56337898169079       -1.24829925810849
Ti           0.13252503920567        1.55610625740781       -3.42323915404933
C           -3.78330063951979       -0.42904804474447        0.26940114829518
C            3.76128049544413       -0.28352521924923       -0.29560476524968
C            0.02781552537700        2.11267156658201        0.01220886844696
C           -3.77653785056907        0.64609534983813       -0.37684770179531
C            3.83050317669265        0.66550573609756        0.48744006139437
C           -1.28267854656436        2.13794930297693        0.02883156620114
C            1.33447406337849        2.11961530572516       -0.03175346589852
O           -3.80200176272951       -3.40849590581206        2.40178503859563
O           -0.04877873005722       -1.35854679429325        3.83679994317541
O            3.79677774203782       -3.39576887019652        2.18105162460504
O           -0.99021876809100       -0.68820248475481        0.95456568864196
O            1.54464637928900       -0.27792687127499        1.63545821244219
O           -1.76141485087324        1.18454663932441        2.81932721291462
O            1.50993812683570        2.02006749133121        3.07891492133833
O           -3.79530321842715       -3.43603786778313       -2.20220062638656
O            0.03064310074376       -1.38000748418215       -3.86762454320703
O            3.82630971912521       -3.38367210375656       -2.34856661161191
O           -1.54283822081722       -0.29499611242959       -1.64465045542623
O            0.97026777406341       -0.75819740293143       -0.94481759725382
O           -1.51450574665956        2.01523252415781       -3.06411665498010
O            1.73086024727787        1.10936567244824       -2.83048627616289
33
 energy: -91.773360822042 gnorm: 0.075475611768 xtb: 6.7.1pre (5071a88)
Ti          -2.44595125667722       -2.77882074668097        1.84072965120774
Ti           0.18423445469793       -1.25470366596888        2.24165520077186
Ti           2.63365353389287       -2.69889365433492        1.36320803370738
Ti          -2.05272055176652        0.54629361362935        1.22115015287190
Ti           2.19811687253198        1.32498313297267        1.68064870956646
Ti          -0.16870355718308        1.55396264047365        3.41871759944411
Ti          -2.60142419583034       -2.71560943071108       -1.39987466920939
Ti          -0.20585793978044       -1.29484087815274       -2.26212386853763
Ti           2.41083345129905       -2.71468889119615       -1.88958471112830
Ti          -2.17199373439319        1.32613825560907       -1.65397966367181
Ti           1.99914461851671        0.50740795100104       -1.23646995655941
Ti           0.14953405884874        1.54668907207578       -3.43159025139761
C           -3.74339749336899       -0.33616899910939        0.31013313096743
C            3.73277718840821       -0.18235017101260       -0.35735159606908
C            0.02791730047611        2.08462109147588        0.01149783131136
C           -3.79581457322969        0.67158222872394       -0.46081351679942
C            3.86153557518066        0.65544966048459        0.58821818410782
C           -1.28244535164432        2.10599830603423        0.03364645558075
C            1.33672133632361        2.08819944119884       -0.03771752708439
O           -3.80099692819162       -3.37672575408449        2.42027362455252
O           -0.06366424613250       -1.37789733131336        3.82963072974998
O            3.81899075324210       -3.38950293176055        2.17327577257454
O           -0.96671387603845       -0.74414596139671        0.92782816942847
O            1.55205336225840       -0.26088777633988        1.67189334299356
O           -1.76553918809859        1.11158641931627        2.79296156664063
O            1.46761098181973        2.05675596311911        3.08170196910086
O           -3.79580033042824       -3.40409948591574       -2.19381404684144
O            0.02912481463142       -1.41034308541951       -3.85370423340061
O            3.80813174733202       -3.35574493131390       -2.31783827916159
O           -1.55272956107972       -0.26778263330802       -1.68805152715452
O            0.96369015950879       -0.82601408004072       -0.92590264554755
O           -1.47825828560705        2.06773666207759       -3.07577003680262
O            1.71794086048180        1.04181596986853       -2.82258359521210
33
 energy: -91.777560968159 gnorm: 0.044464979282 xtb: 6.7.1pre (5071a88)
Ti          -2.40067799108377       -2.79169936049186        1.88612227424177
Ti           0.18788184178183       -1.26826935093328        2.24784992037794
Ti           2.65438022773029       -2.71548922446042        1.32952340579249
Ti          -2.03919013497931        0.50781523535259        1.20888852830921
Ti           2.19018118781093        1.33041292587266        1.68498308724933
Ti          -0.18436775905524        1.55911182115152        3.41735602609762
Ti          -2.63506412734064       -2.71772369579186       -1.35520716003842
Ti          -0.22066633946616       -1.28598110963206       -2.27038135205013
Ti           2.42707484434728       -2.73100648433992       -1.90839304330721
Ti          -2.17448795079621        1.34809719533305       -1.65659915318798
Ti           1.98973543020871        0.47023699761268       -1.22834402548947
Ti           0.15335666296109        1.53820442503943       -3.42809206323898
C           -3.78637093795236       -0.27396458993240        0.25770977542376
C            3.77389701155314       -0.11620348117428       -0.33022147770033
C            0.03008171213697        2.06589678246136       -0.00119168083000
C           -3.81740141885759        0.71451694729254       -0.48376544862594
C            3.88430534960592        0.69960094783313        0.61342392172730
C           -1.27784623707475        2.09139433537736        0.04126620178641
C            1.33884768661014        2.07289538979717       -0.04442867788989
O           -3.79911369425661       -3.34159882558515        2.42826271463273
O           -0.07281465907548       -1.38402940163020        3.82514631323987
O            3.83157734053372       -3.38495670172719        2.17144808921236
O           -0.96447918296074       -0.79503575998500        0.91768971610792
O            1.54541375279999       -0.25947520160060        1.69025318960822
O           -1.76598908335728        1.06753421508601        2.78482509986083
O            1.44754049405742        2.07266635414175        3.07786383992565
O           -3.81441557150683       -3.38771849959279       -2.20000525050715
O            0.02383134160700       -1.40557343611109       -3.85173259049565
O            3.83804572641398       -3.35709952802428       -2.31118846276565
O           -1.55823093658364       -0.25145022199312       -1.70618662370971
O            0.95027498256048       -0.86541407808303       -0.91751045817311
O           -1.46554532299266        2.09143522713866       -3.07268302662433
O            1.71023575462049        1.00287015159942       -2.81668160895935
33
 energy: -91.779086575345 gnorm: 0.110080022910 xtb: 6.7.1pre (5071a88)
Ti          -2.35466278589484       -2.81837416537973        1.96189485541069
Ti           0.21773261349823       -1.29185269264143        2.22967050123986
Ti           2.61566013544951       -2.68695885061512        1.34046887282197
Ti          -2.01824378855070        0.46786480435166        1.17697203272083
Ti           2.18482768652988        1.34633607100158        1.67980857107167
Ti          -0.20277037519350        1.55181555915571        3.40239167012371
Ti          -2.64830923218747       -2.70116087328938       -1.34192945286029
Ti          -0.25385133476645       -1.28174140048367       -2.26592452837635
Ti           2.44658863078507       -2.76512497687169       -1.94867595179970
Ti          -2.17343315830207        1.38473100448289       -1.66623981420408
Ti           1.97212792326313        0.42461334699273       -1.20910864824880
Ti           0.16511159219591        1.52972738001782       -3.42506654115303
C           -3.80545598142781       -0.19660430486592        0.30379574179071
C            3.82177518152500       -0.03560092093403       -0.26610912145793
C            0.03246488641260        2.04555507147700       -0.01580655859288
C           -3.85487306828486        0.73376010766462       -0.57262263457444
C            3.91449995582018        0.75785245944644        0.64515215360676
C           -1.27264818621230        2.07719864120365        0.04116999586311
C            1.34021333239661        2.05554633065163       -0.05346403791382
O           -3.81250352333870       -3.30688224925437        2.44311426041819
O           -0.06518597262555       -1.41787734145910        3.79748117182252
O            3.81311839225395       -3.34795922016503        2.15492215826348
O           -0.95826714255246       -0.85735494686258        0.89755946922653
O            1.55159381540288       -0.25208914019815        1.69156476928803
O           -1.76499985756467        1.01131880365439        2.76287695700471
O            1.42093185621601        2.09210845840358        3.06368512340090
O           -3.82801686304699       -3.36053279380288       -2.19218039874663
O            0.01039955182594       -1.42336471364188       -3.83683485859879
O            3.88681975366381       -3.36427522216781       -2.29766510064473
O           -1.56584271339942       -0.22203976089761       -1.71885842920042
O            0.92587840343886       -0.91461585368531       -0.89965662435456
O           -1.44231615311443        2.12311137161986       -3.07540612818328
O            1.70163642578471        0.94287001709273       -2.80697947516369
33
 energy: -91.784129630924 gnorm: 0.029978458699 xtb: 6.7.1pre (5071a88)
Ti          -2.37130168298465       -2.84212238197383        2.00135199050393
Ti           0.24370375769336       -1.29377346072099        2.21452698795519
Ti           2.60248699291499       -2.66787638960258        1.34541927626363
Ti          -2.01010326055234        0.44633264239812        1.17104509573786
Ti           2.18730971975903        1.36362392442185        1.68021959322465
Ti          -0.20813217629380        1.53109578859136        3.39485325022214
Ti          -2.65230411588062       -2.67355036538268       -1.34629342207998
Ti          -0.26988846629470       -1.27932300893786       -2.24975161554670
Ti           2.45401993360980       -2.77320385034692       -1.98206160411699
Ti          -2.18090635982086        1.40507022348311       -1.66966653487588
Ti           1.97297897025611        0.41679620911415       -1.20144035411885
Ti           0.17007588306468        1.53312660461429       -3.42108493247052
C           -3.79411530673576       -0.15823728341604        0.24046122806857
C            3.81402792983974        0.00932831785083       -0.29329171689353
C            0.02950106478239        2.03341103851954       -0.01427685676179
C           -3.86995107648246        0.75817542118125       -0.59598493352960
C            3.93926220850764        0.74615412797494        0.70977845211080
C           -1.27572778741465        2.06315592786034        0.04376674856495
C            1.33699304312180        2.04592082668031       -0.05569629081320
O           -3.83309467959306       -3.31027291304914        2.47790265083340
O           -0.05603767424443       -1.44335276341990        3.77852574370247
O            3.80518617746139       -3.32897220558936        2.14910303793274
O           -0.95383945920087       -0.88598950708224        0.88596311346942
O            1.56133273846410       -0.23910459805392        1.68408029203525
O           -1.76186701779877        0.97660524252901        2.76168766719622
O            1.40710015270875        2.10415752717628        3.05895386398883
O           -3.82907784734388       -3.34257413265852       -2.18348266561446
O            0.00304138392245       -1.45253256328459       -3.81715988950257
O            3.91168729941501       -3.36696637012684       -2.28234329163459
O           -1.56634666178492       -0.20157894238203       -1.71465683258695
O            0.92971398380976       -0.93267935401032       -0.89230001609369
O           -1.43218955608336        2.13840354321339       -3.07380688680475
O            1.69646188917832        0.92075272442935       -2.80434114836541
33
 energy: -91.786173132378 gnorm: 0.042636424262 xtb: 6.7.1pre (5071a88)
Ti          -2.40188518681140       -2.82185575166722        1.99798965445201
Ti           0.23176188772998       -1.26949001483964        2.21874388142195
Ti           2.69711553523262       -2.71705585413089        1.26895774442537
Ti          -2.02995510642380        0.42041313184767        1.17571207768853
Ti           2.18873329770345        1.38282082746347        1.69618672701555
Ti          -0.22344023675172        1.51341955977828        3.39029322657323
Ti          -2.66506103973644       -2.65932761832718       -1.28444001897937
Ti          -0.28275136823669       -1.27713515691256       -2.23434667527760
Ti           2.46682712496047       -2.79075686316001       -2.01549414173575
Ti          -2.18835521825101        1.43120419666554       -1.69191417580912
Ti           1.99183043279249        0.39565469263336       -1.21824200227944
Ti           0.18246359970765        1.54277443326555       -3.42648489472049
C           -3.78332533592915       -0.09322021755660        0.21279075355359
C            3.77987673223823        0.06842361696169       -0.27227096396342
C            0.02471278737001        2.00813078273543       -0.00550359504361
C           -3.89654878621936        0.78903847358979       -0.66180552964170
C            3.94979498512607        0.76109248809776        0.76489411361398
C           -1.28267579832844        2.03383428813692        0.04988670203015
C            1.33356750133384        2.01496747054804       -0.06535519541477
O           -3.82720332999451       -3.30441835171494        2.50096782098767
O           -0.08002296107930       -1.46180347746533        3.77657820105815
O            3.85618650211589       -3.33960276490171        2.17829898776706
O           -0.98080024023135       -0.91804047606170        0.88055473813023
O            1.54705153816182       -0.21591676322384        1.69632816215829
O           -1.76739707218549        0.93828151401775        2.76641470019947
O            1.38296391260899        2.12294725421742        3.06178642750815
O           -3.82882037230294       -3.31115048896463       -2.16319604331516
O            0.00106699116443       -1.50004982645670       -3.79652254870787
O            3.93598043205306       -3.36938559582438       -2.28309864008438
O           -1.56199492668567       -0.17437398967455       -1.72124494354704
O            0.94662589460970       -0.95737517198809       -0.89511980753127
O           -1.41232186644040        2.16572322420112       -3.08279687703254
O            1.69599969069930        0.89223242871039       -2.81854786549886
33
 energy: -91.789403447457 gnorm: 0.026302505802 xtb: 6.7.1pre (5071a88)
Ti          -2.39870807722823       -2.84670352504547        2.01440981751610
Ti           0.26406148137395       -1.29539718054209        2.19156760248849
Ti           2.66033257716069       -2.69884875512995        1.27634065652367
Ti          -2.02442690812451        0.38309081000258        1.16875709732476
Ti           2.18480760765767        1.40254754760952        1.69498933301988
Ti          -0.23851797259118        1.52019432744143        3.38321049373548
Ti          -2.67841307417428       -2.64014982242719       -1.24222353601278
Ti          -0.28090465265595       -1.28603856737254       -2.21818358102128
Ti           2.44697169601407       -2.78096782687758       -2.04630618319198
Ti          -2.18265887410724        1.44678063391017       -1.69918713784380
Ti           2.01062923990788        0.37221969292143       -1.22036750395663
Ti           0.19363929050005        1.52515035043618       -3.42036132007265
C           -3.80581754704933       -0.03620341405775        0.17563255625571
C            3.79892008984712        0.12141217228625       -0.22706794792275
C            0.01997249550208        1.99222314527966       -0.00645690575613
C           -3.92133628296402        0.81908748039014       -0.72212006809213
C            3.96575790999901        0.79656029611332        0.80439877724294
C           -1.28773019979315        2.01589631573282        0.05951238037065
C            1.32826388931188        2.00057694442027       -0.07871978154155
O           -3.84395877008085       -3.27436886423944        2.52267541313391
O           -0.07330539308481       -1.51594563237834        3.74221264126281
O            3.84023592142598       -3.30893537365658        2.15811988783126
O           -0.97574428471551       -0.96242994755866        0.86637209028794
O            1.54980943292802       -0.20177567997264        1.68401354359511
O           -1.76687347135300        0.89083329465285        2.76592375639852
O            1.36473437328629        2.13320972035099        3.05719368901050
O           -3.83846564310433       -3.27398804662751       -2.14329350748056
O            0.01636440672539       -1.54939544399096       -3.77260615104197
O            3.93703277803248       -3.34718729813352       -2.25710905327161
O           -1.54147773918845       -0.15696035028502       -1.72037870122723
O            0.96870107793197       -0.98936600337600       -0.89045926299899
O           -1.39143605684553        2.18435410601137       -3.07898744242651
O            1.69954067945624        0.86052489411235       -2.82150165213791
33
 energy: -91.790697739001 gnorm: 0.054514173714 xtb: 6.7.1pre (5071a88)
Ti          -2.36982744071056       -2.89713297383688        2.06769886888689
Ti           0.27842744212476       -1.31620640256821        2.16159606907334
Ti           2.64602326667510       -2.68166913851824        1.27064780500547
Ti          -2.02832949067499        0.35865346797234        1.15300852011380
Ti           2.17298077142965        1.41573700697479        1.68212687832725
Ti          -0.25367614887118        1.48599922987311        3.36024664795284
Ti          -2.68175488845326       -2.59170581995920       -1.23672951683246
Ti          -0.30687753622136       -1.29492504010523       -2.19171793914101
Ti           2.49122904073565       -2.81301449914957       -2.07280064048160
Ti          -2.17734642610051        1.47771277397071       -1.69355427504951
Ti           2.02411262277458        0.34757134439953       -1.21031041162690
Ti           0.20932298515916        1.51078293985916       -3.40418349572938
C           -3.80512966571070        0.02807454460841        0.11570896278108
C            3.82403318634768        0.18826222894725       -0.16448229920891
C            0.01402049194355        1.98447046580823       -0.01339661483205
C           -3.96221169819985        0.84560571086168       -0.81177513771654
C            3.98920936371110        0.83905653814805        0.85747967156758
C           -1.29292818718804        2.01334066389623        0.07620508645743
C            1.32025517791274        1.99700995635074       -0.09265308426001
O           -3.87547552561770       -3.21316223915595        2.55873325703763
O           -0.09584730704263       -1.57683728798107        3.69962611166053
O            3.83504103329775       -3.27514671977901        2.14487200592769
O           -0.99046051273828       -1.00848752617757        0.84699818498086
O            1.53395613967305       -0.19106389420905        1.66589038712528
O           -1.76871497659209        0.84331572179989        2.76201668358035
O            1.33732693050058        2.14088472300575        3.03654996968144
O           -3.85440318177706       -3.21818112830660       -2.10920525559072
O            0.03004667048739       -1.61488665142229       -3.73004499344585
O            3.97712575264514       -3.36055500927270       -2.25957954366176
O           -1.52834776232080       -0.12769302283108       -1.70526769260765
O            0.97005069141277       -1.01746725299755       -0.87944118677810
O           -1.36572339219623        2.20349695321105       -3.06426386433539
O            1.70389257358509        0.81816033658313       -2.81999915886008
33
 energy: -91.792830337234 gnorm: 0.036792768066 xtb: 6.7.1pre (5071a88)
Ti          -2.37265597722729       -2.91091150973047        2.10677321854500
Ti           0.28936525860130       -1.33122483606811        2.14519982250349
Ti           2.64434658737716       -2.68438198986920        1.23330348331166
Ti          -2.03001838870623        0.32778608093613        1.14582490375365
Ti           2.16383883301482        1.42305510669639        1.68619846398876
Ti          -0.27292320984031        1.48309267075988        3.35497131744336
Ti          -2.71299685973583       -2.58311818566217       -1.18844456705182
Ti          -0.30282705094036       -1.30142599428641       -2.18390161472874
Ti           2.47764272718138       -2.80836755080750       -2.10001860239819
Ti          -2.16521523933341        1.49025967654370       -1.70374474933668
Ti           2.03354146543636        0.32402655199905       -1.20680312461386
Ti           0.23194414947132        1.51559391751219       -3.40102322536632
C           -3.80651585205013        0.09255215121296        0.08199092226073
C            3.83047057203778        0.25833806435168       -0.15967294438295
C            0.01093879637002        1.97273113106461       -0.01301990927133
C           -3.98028732280169        0.87199754638769       -0.88261874447190
C            4.01098611973503        0.85296095815266        0.92310155737161
C           -1.29633436686008        1.99997891218698        0.08724304986130
C            1.31683459752097        1.98586374180173       -0.10158001191948
O           -3.88314214500931       -3.20247015093561        2.58520104706392
O           -0.11609577218707       -1.62648369321274        3.67220014968037
O            3.83410215798403       -3.24484703804359        2.13466155986106
O           -0.98451576630656       -1.03839207267644        0.83175051661253
O            1.52632912869361       -0.18625119662672        1.66646418912433
O           -1.77201365697510        0.80068687996842        2.76086603282406
O            1.31166291925822        2.14975518120190        3.02913746184270
O           -3.88158135998497       -3.18155003344502       -2.09307655370826
O            0.06403334240154       -1.65812197382162       -3.70889726915151
O            3.98766450607755       -3.33466913320897       -2.22827190526370
O           -1.51022124615487       -0.11583063995644       -1.71917283779931
O            0.97852694170264       -1.04611052879774       -0.87278185293416
O           -1.33580957245478        2.22288927853755       -3.05983356849913
O            1.71092568370484        0.78258867783489       -2.82202621514916
33
 energy: -91.793123454828 gnorm: 0.058936482595 xtb: 6.7.1pre (5071a88)
Ti          -2.41473389917572       -2.88755560549177        2.11920405102647
Ti           0.26876457514123       -1.33672551164386        2.13618776601804
Ti           2.66865099791035       -2.70990816011614        1.18231563452846
Ti          -2.05981861583414        0.34042903343751        1.16072283494267
Ti           2.15113542737835        1.41215044442895        1.68419787078634
Ti          -0.28354734404359        1.47651240960205        3.35191053525317
Ti          -2.71898175863252       -2.57526770869621       -1.16881436125040
Ti          -0.28578062311695       -1.32138742811758       -2.17959227369835
Ti           2.46542331077428       -2.79198437110932       -2.10981071651402
Ti          -2.14815812628290        1.47928635041716       -1.70449096095489
Ti           2.06915706281491        0.32628629764956       -1.21780137987838
Ti           0.25804973636077        1.52231063928200       -3.39366802430179
C           -3.79882502258621        0.10755040262878        0.01579015380177
C            3.81662974484372        0.26681150459597       -0.13588451599406
C            0.00534381122156        1.97518009803445       -0.00522148928460
C           -3.97360983882311        0.88559464861073       -0.91832435874965
C            3.99853531678255        0.85905387170304        0.94397471513401
C           -1.30305354785188        2.00235864622930        0.10070472427618
C            1.31004347640734        1.98470101660149       -0.11183451464144
O           -3.87075682464045       -3.22874744655937        2.60274504360395
O           -0.15849842452755       -1.66721423149075        3.65009497884911
O            3.84767796876915       -3.22480363268576        2.13766096125866
O           -1.00442085511333       -1.02286273727474        0.83529719313757
O            1.50228077039106       -0.19379765966779        1.65821023280125
O           -1.78176834980302        0.80071359785324        2.78021080813987
O            1.30005182953571        2.13699652339404        3.02148004348409
O           -3.90514940640664       -3.14888138460786       -2.06347982519105
O            0.12062216018310       -1.70310226315610       -3.68578024480909
O            3.98167610100692       -3.30550820924495       -2.20286942292531
O           -1.48253986853802       -0.12428676025363       -1.71915754690835
O            0.99969417488048       -1.03782046737039       -0.88482137039208
O           -1.31171301611868        2.21655605279073       -3.04721901386189
O            1.73761905709397        0.78736204022680       -2.83193752768377
33
 energy: -91.795266582036 gnorm: 0.033427965551 xtb: 6.7.1pre (5071a88)
Ti          -2.39071527459508       -2.90540767383253        2.12621792219469
Ti           0.26747734634456       -1.34479505909983        2.12761704857081
Ti           2.66759781898440       -2.70700494326008        1.18930870952978
Ti          -2.06749153792395        0.32686457294853        1.15788317135097
Ti           2.14304069647881        1.41483365737047        1.68896135961991
Ti          -0.29757980001182        1.47266903391692        3.34956327503030
Ti          -2.72623245905744       -2.56979155974578       -1.13095212916863
Ti          -0.29214577305438       -1.31948832060655       -2.17237910052219
Ti           2.47337181236099       -2.81571160680615       -2.16250822244954
Ti          -2.14335889431895        1.49033582710622       -1.71382529106768
Ti           2.07352200294792        0.32199700463907       -1.21454086963457
Ti           0.27587768370085        1.51372779468319       -3.39090752362816
C           -3.79070476237101        0.13548018311085        0.00192203110607
C            3.80316435108957        0.28785762840411       -0.10881991165782
C            0.00042906916252        1.96961730039538       -0.00151499494978
C           -3.97976061572601        0.89125850890221       -0.96395144332290
C            3.99230984517184        0.87015829834617        0.96498471500709
C           -1.30832763898730        1.99575692909196        0.10689607019882
C            1.30443149195117        1.98102539536151       -0.11333975204599
O           -3.88418303637208       -3.18101681816950        2.59737468999297
O           -0.18579857733319       -1.70107030229133        3.63138998864917
O            3.85554353734829       -3.21255637265705        2.12809835240317
O           -1.01032574600628       -1.03814705284781        0.83076404390078
O            1.49586042424305       -0.19257557141143        1.66258628050137
O           -1.78869462301085        0.77706944743454        2.78294796913012
O            1.28312110353863        2.14095686379245        3.01776974019275
O           -3.91463509240233       -3.11433735476150       -2.05032344246685
O            0.15092227238235       -1.73793052642495       -3.66581456965899
O            4.01917675562481       -3.30455000832953       -2.18996676089257
O           -1.48123378433974       -0.11401551193982       -1.72887393848621
O            0.99423252806814       -1.03731870721184       -0.87980977755088
O           -1.28862857754139        2.23216737148702       -3.04233926735978
O            1.74973745365458        0.77394157240464       -2.83441837251368
33
 energy: -91.793787570267 gnorm: 0.083251406356 xtb: 6.7.1pre (5071a88)
Ti          -2.33939671223527       -2.94079655926095        2.13325577517302
Ti           0.26972556485329       -1.35829156167909        2.11675568585321
Ti           2.64153174032122       -2.70225840773659        1.17360777046959
Ti          -2.06824727021807        0.30494480215133        1.13933756231816
Ti           2.12849359853319        1.41640605236967        1.70230102538566
Ti          -0.32112141469025        1.45794345136032        3.34606465089813
Ti          -2.68599356324623       -2.54901983396546       -1.13806612391453
Ti          -0.32239945554409       -1.33033827428611       -2.16056106194603
Ti           2.54211363705098       -2.79541643611567       -2.11310358406001
Ti          -2.13382898742820        1.50342118226067       -1.71689491910907
Ti           2.06177525948792        0.29416041070277       -1.20723174379184
Ti           0.29704822152583        1.50249805961382       -3.38296243257940
C           -3.79040987220853        0.16859953851044        0.00032765697818
C            3.81714719945809        0.32760171048946       -0.10367784235334
C            0.00104362916702        1.96007289830055       -0.00477688143686
C           -3.98689576710167        0.88996250673260       -1.01598116437334
C            3.98572159927913        0.88243571362889        0.99754096170821
C           -1.30713599193546        1.99451696825042        0.11342032682400
C            1.30430063016575        1.97041674319624       -0.11616934270812
O           -3.90555599703725       -3.08037172974912        2.60309925294218
O           -0.22776772982878       -1.74216899601021        3.60195837565787
O            3.83909720279408       -3.18760784026850        2.10213500118084
O           -1.00394541741632       -1.05830513668255        0.81943544500085
O            1.49509721464266       -0.19579307055165        1.67867482270968
O           -1.80156313045341        0.74510878831059        2.77332314212781
O            1.25436217330640        2.15002441884945        3.01494318446439
O           -3.90953324554548       -3.05536404203986       -2.03133205499910
O            0.18025666489373       -1.78233927654510       -3.63096502936339
O            4.00606710875532       -3.31988245724248       -2.22097472871347
O           -1.49151090162643       -0.10522774327711       -1.73891562840311
O            0.97100623186172       -1.05760733393755       -0.87196119455277
O           -1.26091606395532        2.24865649666414       -3.02912683006704
O            1.76143384437517        0.74401895795637       -2.83348007731787
33
 energy: -91.797953604879 gnorm: 0.031063639931 xtb: 6.7.1pre (5071a88)
Ti          -2.37613080257891       -2.92089198538718        2.15734397332820
Ti           0.26840054541587       -1.35451247546885        2.11261957718728
Ti           2.64353215725406       -2.70737286696903        1.15459988039930
Ti          -2.07560547364115        0.30694600580309        1.13783472564703
Ti           2.12320619254046        1.41731125179233        1.69998782796084
Ti          -0.32649453527052        1.44116135311638        3.34180750728235
Ti          -2.70452513696929       -2.54320485546507       -1.12801276431026
Ti          -0.31066789142307       -1.33199718547655       -2.16197707779763
Ti           2.50776231748229       -2.79703340401570       -2.17176071292484
Ti          -2.12422485877064        1.50029530361913       -1.71933094054543
Ti           2.06872544652548        0.29119744173984       -1.19980150628951
Ti           0.31233345293773        1.51085952744494       -3.37678026976011
C           -3.79318425630346        0.17731918635290       -0.02560913141645
C            3.82333252278545        0.33330888394472       -0.09104950657722
C           -0.00146936844427        1.95791277637302       -0.00587049042826
C           -3.98148973893857        0.89703699777278       -1.02798801349667
C            3.98830911802483        0.88698205180662        1.00664320700074
C           -1.30937024785550        1.99355446588381        0.11481385510146
C            1.30117883799720        1.97084270401178       -0.11777842045544
O           -3.90572160589361       -3.12349874345077        2.60083663435407
O           -0.24242325643718       -1.75511443898379        3.58971190310724
O            3.83965084895689       -3.16903277057414        2.10597409509072
O           -1.00494632800091       -1.05299189648297        0.81672383691343
O            1.49425551178526       -0.19637552100742        1.67805077682603
O           -1.80722226097167        0.74093190640315        2.77434872430631
O            1.24530636798417        2.14998166471065        3.00898302325815
O           -3.92146224758485       -3.05531002192799       -2.01754213107905
O            0.21190906030103       -1.79257932022476       -3.62089147144960
O            4.03458780927272       -3.29481331813770       -2.16788593137819
O           -1.48018729124365       -0.10747425816070       -1.74569063572642
O            0.97603187621738       -1.06041931090101       -0.86799079867060
O           -1.24724875821235        2.24900315558584       -3.02470721710636
O            1.77385199305941        0.73797769627209       -2.82961252834830
33
 energy: -91.799598668267 gnorm: 0.032364250666 xtb: 6.7.1pre (5071a88)
Ti          -2.40232107716903       -2.93009014716978        2.18373774299120
Ti           0.26582948501994       -1.36366349332505        2.09385453313740
Ti           2.62768448189939       -2.71525014002973        1.13465095105080
Ti          -2.09757803429110        0.30640017097675        1.13800645366225
Ti           2.10990549481622        1.41493077598169        1.70350396017635
Ti          -0.35227521200997        1.45813196165434        3.33973102668354
Ti          -2.75656163129904       -2.54964368401469       -1.07097585413249
Ti          -0.28372910634659       -1.32604099508994       -2.16336445253554
Ti           2.53435438322929       -2.78028482861845       -2.20757854750827
Ti          -2.10654910464515        1.49185806404614       -1.72915533395811
Ti           2.09796464701538        0.29739546215450       -1.19354889644917
Ti           0.34933301018413        1.51656560834654       -3.36243956793761
C           -3.78636564523444        0.19214514533189       -0.06855574619023
C            3.80548953453351        0.34026403419994       -0.06421131052195
C           -0.00795214985283        1.95060739352633       -0.00027290346441
C           -3.97118648844981        0.89828138899197       -1.06787401836050
C            3.98011842771419        0.88857076720568        1.02884145040611
C           -1.31645722034854        1.98552461167337        0.11915023044308
C            1.29385741293922        1.96869376455432       -0.11873697485827
O           -3.92548543671644       -3.11718040212002        2.60806196029126
O           -0.28861202209757       -1.80727900695426        3.54556452212267
O            3.82828812661130       -3.13848406531039        2.09865342147773
O           -1.00952182039083       -1.04409817753039        0.81291569515991
O            1.48967980117590       -0.20162194993112        1.67779711835528
O           -1.82617478929294        0.72831895065841        2.78137974217737
O            1.22361972656601        2.14307331208804        3.00388793015111
O           -3.95876332629698       -3.01942687684645       -2.02291433975298
O            0.29735782859442       -1.82774140816725       -3.58899542281566
O            4.05375989092360       -3.29203459643424       -2.14319522931394
O           -1.45777062669008       -0.11232725684191       -1.76266928686278
O            0.99304540239077       -1.04742418442302       -0.86582362173681
O           -1.21196704269024        2.25051645403883       -3.01215003251735
O            1.80898308020901        0.74131334737730       -2.82727519936685
33
 energy: -91.803081797183 gnorm: 0.060782117052 xtb: 6.7.1pre (5071a88)
Ti          -2.40408932461667       -2.93093267623183        2.22110557913930
Ti           0.24835452241446       -1.36803481598763        2.07465615731546
Ti           2.61870996467445       -2.73468976785027        1.07888972498932
Ti          -2.12573827857345        0.30203273674817        1.12486095079187
Ti           2.08683974877684        1.40734480470458        1.71661395081634
Ti          -0.39111605343538        1.45214893853339        3.33194592390838
Ti          -2.73176842211362       -2.52859617688912       -1.06519381105435
Ti          -0.28383593253636       -1.34228710622822       -2.14407364841307
Ti           2.54038048785604       -2.74105625122103       -2.28774015055857
Ti          -2.08160564514483        1.49122981264260       -1.74222221091543
Ti           2.11588241975485        0.27852803927945       -1.17709651716844
Ti           0.40299966020183        1.52471262113504       -3.33871044798418
C           -3.79543643396109        0.22507983347355       -0.10496945844156
C            3.80749782241850        0.36390306214518       -0.04240895963306
C           -0.01220213134199        1.93327446933517        0.00519759065141
C           -3.95946756187271        0.89821968486980       -1.12641022696130
C            3.96639588004593        0.89443487238824        1.06327296816569
C           -1.32112693720746        1.97645051245684        0.12179605135898
C            1.28884596417954        1.95386511663356       -0.11785537658342
O           -3.94787853913776       -3.07662298318236        2.57941987514895
O           -0.37650504608598       -1.87376665103471        3.48092333096160
O            3.80982247425947       -3.09360167373093        2.09012042883861
O           -1.02436035231018       -1.04194226873915        0.80624496186185
O            1.48228861635201       -0.21288541411226        1.69525436081936
O           -1.85677944441637        0.70849303706101        2.77761113032810
O            1.18394614704641        2.14109523291318        2.99508889010165
O           -3.96046279076893       -2.95690662333000       -1.99443866047727
O            0.40435258024842       -1.90436479296577       -3.51094985939721
O            4.07777922567902       -3.26967361759681       -2.06755989958847
O           -1.44600106664051       -0.11246714864500       -1.78255536742241
O            0.98986651418715       -1.05141235781200       -0.85241957866336
O           -1.15944031776259        2.25993249170193       -2.99232295880491
O            1.85385224983150        0.72849505953450       -2.81607474312645
33
 energy: -91.807292263967 gnorm: 0.059958517932 xtb: 6.7.1pre (5071a88)
Ti          -2.42759893137617       -2.89596785574907        2.25135216692128
Ti           0.23365779975585       -1.35841529513831        2.05659377470792
Ti           2.59079768636498       -2.73728719829678        1.05809077589688
Ti          -2.14578384197351        0.30660909747417        1.09823248966513
Ti           2.06663028399048        1.40125691236363        1.73460368965906
Ti          -0.42491160037535        1.41911276845414        3.31834572992399
Ti          -2.68841565953676       -2.49678835737073       -1.10339279597744
Ti          -0.30926838167552       -1.34958816730257       -2.13088092464165
Ti           2.61063606424395       -2.70354029126146       -2.33065646304914
Ti          -2.05969948419439        1.49073140378010       -1.75101786438724
Ti           2.10931178772837        0.25192632092268       -1.15019339261621
Ti           0.44948499726966        1.53443316533435       -3.30650640638062
C           -3.83002041107106        0.24023023249462       -0.08803572704115
C            3.84103808875559        0.37661499918035       -0.04558344745094
C           -0.01097141988898        1.91227521938369        0.00736527135613
C           -3.93705613622911        0.87680676747389       -1.15549914621972
C            3.95030677763740        0.90007921762873        1.07338790809078
C           -1.32008388024129        1.97291954129049        0.11161823452845
C            1.29005052507815        1.93731522803827       -0.10749229746182
O           -3.95172878389785       -3.06443661876254        2.53372440724429
O           -0.46910850366292       -1.92497144163933        3.39610634815269
O            3.76812347639290       -3.05684387698054        2.08117726681655
O           -1.03582141039897       -1.03054716491642        0.80197485343004
O            1.49476585279393       -0.22521150648046        1.72732824860611
O           -1.89122059585888        0.70982905471513        2.75579202801223
O            1.14666680481187        2.14648767033788        2.98686950941051
O           -3.92915399091561       -2.92013170160326       -1.98110901581116
O            0.48575116929091       -1.94576827757222       -3.41257074355352
O            4.10338002722962       -3.28009518285103       -2.02723034669325
O           -1.45749483735464       -0.11446009281884       -1.80165617380006
O            0.97026446751439       -1.06566399408606       -0.83999557951656
O           -1.11792409819380        2.26595425363742       -2.96922361850651
O            1.89539615798709        0.72713517031903       -2.79151875931167
33
 energy: -91.811054279049 gnorm: 0.053893955223 xtb: 6.7.1pre (5071a88)
Ti          -2.40099374803503       -2.97247193647148        2.32963344445562
Ti           0.23545621270493       -1.33026141889197        2.04079393236993
Ti           2.57538264072716       -2.75977970854271        1.01822093191725
Ti          -2.15612209217549        0.30353952174241        1.07203335884059
Ti           2.06012008316288        1.41074722308671        1.75168986075795
Ti          -0.44931644609036        1.39027286684997        3.29975021196934
Ti          -2.69986801411328       -2.48807680881008       -1.11590526996532
Ti          -0.32713399429021       -1.33798018036992       -2.12221196420374
Ti           2.68776366474673       -2.67848439622988       -2.36171471120066
Ti          -2.04898303560199        1.49754972722438       -1.75765296691171
Ti           2.10326115375603        0.22367280959152       -1.13121694462507
Ti           0.47436857933149        1.53832097406890       -3.27955002090080
C           -3.83886544522717        0.24718503642696       -0.08866673149630
C            3.88056989599829        0.40320122500197       -0.04423934005338
C           -0.00664091917422        1.88906682428587        0.00767917654580
C           -3.92118814120135        0.85739521009478       -1.16556691582322
C            3.94787369650921        0.92272112545751        1.08131031083411
C           -1.31699412380154        1.96654768382953        0.10062996904666
C            1.29540625766250        1.91804229014548       -0.09858030640455
O           -4.03275057615820       -2.98630547985783        2.50314302944790
O           -0.52929561758059       -1.96138460292701        3.31526734429646
O            3.72575613259652       -3.02987181673781        2.09137535323393
O           -1.03558049984498       -1.02169547982166        0.79107313994416
O            1.52143902992962       -0.22198757403263        1.75963401293553
O           -1.91806387557026        0.71112881550458        2.72922579515200
O            1.11747649478285        2.16596951238275        2.98097860286096
O           -3.92670971487396       -2.87574641599239       -2.02882133041440
O            0.53881525959599       -1.98189645541528       -3.32190550548067
O            4.13013066060434       -3.30470067257109       -1.98700458570612
O           -1.47137631301367       -0.10877353652715       -1.82115369865268
O            0.96232311083338       -1.08655236144557       -0.82507786904823
O           -1.09408028102435        2.27899054219515       -2.95160718485059
O            1.91781996483474        0.72161745675472       -2.77156312886767
33
 energy: -91.817117282262 gnorm: 0.062886819882 xtb: 6.7.1pre (5071a88)
Ti          -2.42931082331065       -2.96667044449994        2.35671688417691
Ti           0.23957904389711       -1.33852059897136        1.99847160144254
Ti           2.54856920158594       -2.78243460189685        0.99527363171807
Ti          -2.17439963780350        0.29019592396320        1.07048669599180
Ti           2.06140343397137        1.41544561124189        1.75671957020621
Ti          -0.46920702645770        1.41215907080498        3.28743063364807
Ti          -2.70447424324897       -2.51620365785169       -1.05344526004109
Ti          -0.31518267422093       -1.33474947134300       -2.09288836389284
Ti           2.73352044587616       -2.65098687832392       -2.40309501121675
Ti          -2.04737691199412        1.51413928750651       -1.77580064858373
Ti           2.13163119750014        0.21440192427517       -1.12217473627284
Ti           0.50324000557180        1.55019252428036       -3.26219465325260
C           -3.84659646783809        0.28688744108845       -0.12059804908267
C            3.86635749784958        0.43164328095836       -0.01286794523463
C           -0.01367343327599        1.87374913761493        0.01466146179052
C           -3.93332334258708        0.87188760446570       -1.21143297823836
C            3.95466186086247        0.94284657354611        1.10739262157748
C           -1.32663948406959        1.95344483343439        0.10526839697212
C            1.28801239151532        1.90591029425993       -0.09605773087249
O           -4.04068802564136       -2.97902141103805        2.50962419999814
O           -0.59673966325929       -2.06136120108479        3.23194628440582
O            3.69910666651085       -2.99165902007003        2.10265895185778
O           -1.03243259050612       -1.01631831559832        0.76142759621431
O            1.52822856944407       -0.21904023853510        1.76519956372943
O           -1.93177922557031        0.68991468451303        2.73088938135099
O            1.10015095405488        2.16713906148468        2.97526420986700
O           -3.93615236433231       -2.80966732109079       -2.05570538560849
O            0.63714048157480       -2.09099631280809       -3.24188633140624
O            4.13329969967295       -3.31706266593019       -1.97552189796173
O           -1.46593836930343       -0.09232794390424       -1.84425058937255
O            0.96196136541965       -1.07134886021619       -0.79328098519174
O           -1.06266441660453        2.30693235798409       -2.94410978497685
O            1.93971588471693        0.71147933173933       -2.76412133373825
33
 energy: -91.821863370464 gnorm: 0.054847820866 xtb: 6.7.1pre (5071a88)
Ti          -2.44722360237104       -2.94035625828680        2.37163559304230
Ti           0.21781807667233       -1.36649539693270        1.96973007316400
Ti           2.52184388143891       -2.78864499689209        1.03428935915502
Ti          -2.20118006169178        0.29604386907016        1.08308776902830
Ti           2.06555747909638        1.39250551339352        1.75469872453545
Ti          -0.47994088031058        1.47933996967753        3.27767896300910
Ti          -2.74179454293930       -2.51113944271466       -1.03142882582369
Ti          -0.25029777790619       -1.34740983349340       -2.07882583875753
Ti           2.76445772597955       -2.59554437177992       -2.47457911391228
Ti          -2.04590397854942        1.49940987737407       -1.78440669180757
Ti           2.18596535701089        0.23200544901822       -1.12301831955727
Ti           0.51305937344244        1.57487078407067       -3.24416903594596
C           -3.84376498531961        0.29833763953580       -0.13832109125253
C            3.83472932679269        0.43637002510810        0.00172966634134
C           -0.01973681825270        1.86717850390111        0.02500260255753
C           -3.94967771513874        0.88568073018071       -1.21683573500162
C            3.96586899171130        0.95926099715301        1.10788468580251
C           -1.33530090265054        1.94476245696361        0.10469047618847
C            1.28134787049969        1.89983840198059       -0.08370211207715
O           -4.01694489484138       -3.00987430359240        2.48932990934842
O           -0.62460335396683       -2.10408471826993        3.15675359096528
O            3.66751784069624       -3.01179940177342        2.10042203168819
O           -1.05463094119427       -1.00447166352981        0.75005828674546
O            1.51225457929277       -0.23842633815706        1.76622575266637
O           -1.94572825643876        0.70030339394071        2.73945882277703
O            1.10320448209469        2.14814728722074        2.97568237652298
O           -3.92981468175717       -2.82469222166919       -2.07234590262923
O            0.68455064273917       -2.12116261672025       -3.17504157760440
O            4.09718347756950       -3.36868385755732       -1.96044701813217
O           -1.42484238930647       -0.10320106718100       -1.85768610007391
O            0.99678001635711       -1.03700306177232       -0.77397082653295
O           -1.05472374724387        2.31881728228722       -2.93859191531559
O            1.95397040848507        0.74011736944493       -2.75498857911044
33
 energy: -91.828291417525 gnorm: 0.048377969176 xtb: 6.7.1pre (5071a88)
Ti          -2.42548438188761       -2.93797240058211        2.46540436468047
Ti           0.20048753598011       -1.36904688122790        1.94155865597038
Ti           2.48650369817438       -2.84351393199973        0.98316071989632
Ti          -2.22268936373233        0.29601266914329        1.06773696796724
Ti           2.05286854343293        1.38598198465229        1.77081836670351
Ti          -0.50397881393955        1.46152970283987        3.25269762302199
Ti          -2.76667824712934       -2.46555155885130       -1.04851257691524
Ti          -0.23266990572644       -1.35692272490165       -2.06547464485614
Ti           2.81142134057377       -2.57032781014078       -2.54985739049460
Ti          -2.03220185620054        1.49465496198226       -1.79176852648422
Ti           2.21137322000435        0.20626910000949       -1.11459088900508
Ti           0.53683266468650        1.58123392799239       -3.20923792655870
C           -3.85648683465280        0.34293880320523       -0.15189523239804
C            3.87018558335201        0.50419969914710        0.02270964250753
C           -0.02100308914489        1.84912069962045        0.02878601213551
C           -3.94840959388691        0.88833747409995       -1.26604042140024
C            3.96921870829662        1.01042131050329        1.14519948000241
C           -1.33755452025338        1.94039609511917        0.09768848916834
C            1.27912301864539        1.87978977631172       -0.07525235178838
O           -4.02116744744446       -2.98001613197564        2.45972598623252
O           -0.71669524046556       -2.19699116982026        3.04520097334516
O            3.61740886726422       -2.96390399050991        2.12586130233390
O           -1.07101772157894       -1.00075161124372        0.73559756723655
O            1.51619049620639       -0.25262218112357        1.80671659492110
O           -1.96951851675585        0.69881722212350        2.72596257967450
O            1.07143656826484        2.16351062899653        2.96613424228553
O           -3.92256007669019       -2.79530127921589       -2.08181570717982
O            0.78203984138351       -2.20083768528028       -3.06048907333936
O            4.09316929774582       -3.38583509669619       -1.92308393328845
O           -1.40635017923169       -0.10782386079875       -1.89180778806787
O            1.00962002845902       -1.05058234120358       -0.75653144549396
O           -1.02637632607237        2.34106893535858       -2.91293381505609
O            1.97296270232292        0.73371766446431       -2.74166784575322
33
 energy: -91.822544178144 gnorm: 0.154824694458 xtb: 6.7.1pre (5071a88)
Ti          -2.39603739625332       -2.90453742941563        2.50866218433807
Ti           0.17511336637573       -1.35605991592063        1.95198290450032
Ti           2.47993655900838       -2.89313132082901        0.96699397662169
Ti          -2.21937638810980        0.30788805176186        1.06733473378685
Ti           2.05519292742432        1.37065928115484        1.77478310673303
Ti          -0.47658107911211        1.40199716105409        3.22240348213789
Ti          -2.73148939979712       -2.46539735453763       -1.08080618220908
Ti          -0.21554187220184       -1.37516678455059       -2.07028894221299
Ti           2.78315436453208       -2.64266442152545       -2.46900607348983
Ti          -2.04018537463891        1.47435605734070       -1.78408265766448
Ti           2.21402671283178        0.18335287135035       -1.12788504137370
Ti           0.50300049010995        1.60635114425911       -3.19231985055912
C           -3.86782390280958        0.34849963640962       -0.13222628417181
C            3.92905510266211        0.56433673459067        0.01596237778323
C           -0.01840776376149        1.85299817882540        0.02598178175382
C           -3.94330635369688        0.89020842882430       -1.25136788426546
C            3.97515407589548        1.07858659750395        1.15014907189653
C           -1.33531823469533        1.95195170350241        0.08122646491136
C            1.28047684321917        1.87321783178888       -0.06500451252361
O           -4.00345061034955       -2.94289144045292        2.44228369513641
O           -0.72521514576299       -2.23428950754781        2.99333203900321
O            3.58166075498716       -2.98966912371278        2.14349195919702
O           -1.07286983596981       -0.98230499054693        0.72789566884569
O            1.51781467870075       -0.27381565567625        1.85584723224733
O           -1.96233585703607        0.72943443235370        2.71551573899402
O            1.07968608969345        2.18718553436410        2.95946049729090
O           -3.88348192581858       -2.75521736304872       -2.14722523108613
O            0.81427526779442       -2.26156796432159       -2.99261961389522
O            4.01984601776202       -3.33613529063832       -1.97318643166148
O           -1.40576073840744       -0.13482253617495       -1.92659991645795
O            1.00810617626363       -1.05798558051306       -0.74390812107661
O           -1.05863880560077        2.35067467880305       -2.90422240942414
O            1.93932125676106        0.73395835552369       -2.74255776310268
33
 energy: -91.833092273494 gnorm: 0.049709655851 xtb: 6.7.1pre (5071a88)
Ti          -2.42105139429173       -2.89564371291712        2.49610795336079
Ti           0.17747063208646       -1.35746291750191        1.95227652519413
Ti           2.47838002254727       -2.87342732457391        0.97543287051094
Ti          -2.22675991548514        0.30290364410585        1.06971135054058
Ti           2.05565945650187        1.36716054416696        1.77283256371589
Ti          -0.47767452243872        1.40024707058751        3.22232174018419
Ti          -2.70578690476685       -2.47397114474316       -1.03884175152043
Ti          -0.21532264653426       -1.38329233640270       -2.06236233554838
Ti           2.76312082672309       -2.58246165126519       -2.55102181625971
Ti          -2.03535018690706        1.47161833779398       -1.78646657616605
Ti           2.22057110893920        0.17988849472915       -1.11839812574749
Ti           0.51752511703355        1.62342652815601       -3.18570945108220
C           -3.86788865889108        0.35755840461536       -0.14927954732461
C            3.92347236423343        0.57270609557223        0.02282623219140
C           -0.02204130442917        1.84916940011527        0.02474495596996
C           -3.93901397364350        0.89866093211280       -1.26114576374812
C            3.97671847369685        1.08618257317751        1.15352625341499
C           -1.33874809916941        1.94641873614282        0.08507388783099
C            1.27649775601861        1.87252480411018       -0.06436540129786
O           -4.02595271710171       -2.95323026184976        2.40004112806585
O           -0.71481124674375       -2.24892825952144        2.99300435620550
O            3.56740814227667       -3.01806974577693        2.10860227002215
O           -1.06863328929744       -0.97825637205809        0.72546556249421
O            1.51656608757526       -0.27718027809627        1.85720099494400
O           -1.96309668938193        0.71810292572237        2.72087281422550
O            1.07692232459336        2.18347814363863        2.95487465296354
O           -3.86706615031052       -2.72575336691547       -2.14277708952721
O            0.83420131633303       -2.27980878134982       -2.98116520394638
O            4.01277520314537       -3.37083506398206       -1.89164812180262
O           -1.40445728421568       -0.13937173980940       -1.93168668465164
O            0.99746483400111       -1.04843901372334       -0.73168078818607
O           -1.04790412716470        2.35159028507266       -2.90155668743044
O            1.94680544506723        0.72449505066534       -2.73681076759234
33
 energy: -91.830134142092 gnorm: 0.100500586316 xtb: 6.7.1pre (5071a88)
Ti          -2.48338786124996       -2.89598886637249        2.40259525790565
Ti           0.21076763116231       -1.36644653097061        1.95402086770373
Ti           2.43247622651972       -2.94230015319466        0.91708078124019
Ti          -2.22358924422166        0.29483924323760        1.08174019756524
Ti           2.07363399864973        1.37114108068064        1.76549825522870
Ti          -0.47473784654128        1.49485025725224        3.23818465368405
Ti          -2.72403518861057       -2.42245195800570       -1.06653354404875
Ti          -0.19075805704914       -1.37677011413411       -2.06768310726967
Ti           2.72601789666118       -2.58232946318448       -2.55480797308353
Ti          -2.03816664804832        1.46674503455823       -1.78557277952185
Ti           2.24677277828501        0.19936657950069       -1.12059738404713
Ti           0.51184459391906        1.60636948747652       -3.18575729253357
C           -3.84630132146469        0.34815180991283       -0.14809398321115
C            3.88707456130503        0.56373412277963        0.03624284511949
C           -0.02485644390173        1.85076144012374        0.02479708211452
C           -3.94588350964723        0.89837796725212       -1.25672377259705
C            3.98418572318948        1.09536411574018        1.13945827650103
C           -1.34206860276884        1.93905023436523        0.09165141861670
C            1.27370389438221        1.87735187366026       -0.06167253487551
O           -4.02538759086552       -2.98912336823569        2.41057021685149
O           -0.66311059438137       -2.27925093519123        3.01012514776238
O            3.53773952227074       -2.97955906425035        2.15098567796720
O           -1.04819434720259       -0.97267257561592        0.73063315664357
O            1.53630371814735       -0.27678695546066        1.85304588112151
O           -1.95368557615281        0.69818465389231        2.74041079476977
O            1.09594756778459        2.16953322900679        2.96238424162599
O           -3.85246019366695       -2.79410707274029       -2.07827394696884
O            0.81895950028714       -2.27448675650045       -3.00290821897387
O            3.99544860700984       -3.35534397399085       -1.87943788756562
O           -1.38639501859574       -0.14050978056463       -1.93307513430459
O            1.00194471461398       -1.01161687170715       -0.72744640840487
O           -1.05095054007755        2.35597672573899       -2.90368821834704
O            1.94114765025838        0.72994658493935       -2.73715256666481
33
 energy: -91.838067509854 gnorm: 0.051888612175 xtb: 6.7.1pre (5071a88)
Ti          -2.48616731920202       -2.89857988421567        2.40391964391783
Ti           0.19985981617622       -1.35533967916703        1.96434965972094
Ti           2.46393375153495       -2.96808561492336        0.88604147809268
Ti          -2.22284996850318        0.29960601477053        1.08606280765228
Ti           2.07290371563181        1.37153014844533        1.75956031530101
Ti          -0.45054017739631        1.44546402589188        3.23696278992910
Ti          -2.68925619675897       -2.44433029927254       -1.04208633305097
Ti          -0.19689900766441       -1.38535047294804       -2.07678635138537
Ti           2.70409245670734       -2.51076534487518       -2.47363975775548
Ti          -2.03082203658681        1.46389739205062       -1.78443775441416
Ti           2.25323396596770        0.17028560981459       -1.13214574396192
Ti           0.52881897683645        1.63268622142887       -3.18262966419949
C           -3.84947460489746        0.34054799669555       -0.15429568778806
C            3.89407621437892        0.56621587315795        0.02508838901109
C           -0.02398648281990        1.84842821061366        0.02407650353970
C           -3.94455814963188        0.91442683497598       -1.25130846745208
C            3.98835348286621        1.12549333153924        1.12776543099760
C           -1.34099744189721        1.94051953364102        0.09056514321592
C            1.27464731655365        1.86661477138052       -0.07067298404673
O           -4.05344722276236       -2.98045292988896        2.38510787124317
O           -0.66879095530583       -2.29615672065097        2.99380193780024
O            3.51715733222434       -2.96701374807124        2.13143984876266
O           -1.05642261096905       -0.97194148670529        0.73528302075255
O            1.53311762443021       -0.27371981547112        1.87003742455745
O           -1.95008611232828        0.69825206682517        2.74345859162368
O            1.09369425863696        2.17990252256444        2.94831133529300
O           -3.83814249806141       -2.79592155235840       -2.06500566468245
O            0.81662473685460       -2.28600197808663       -3.00496748505948
O            3.95632883929752       -3.30690146987622       -1.82386490037581
O           -1.38745877713113       -0.14533797655899       -1.94668312700395
O            1.01174885683504       -1.03898580833949       -0.74552637135013
O           -1.05221170844650        2.34974283322082       -2.91387223861710
O            1.93351992543057        0.71127139439108       -2.74390966026413
33
 energy: -91.841670836229 gnorm: 0.033960731135 xtb: 6.7.1pre (5071a88)
Ti          -2.48380847775042       -2.90061512354713        2.39955342216108
Ti           0.23699382932515       -1.40017899831082        1.93922816827899
Ti           2.38087916011547       -2.92316995841524        0.93291875135399
Ti          -2.21051699787095        0.29184125624605        1.09461257103475
Ti           2.07409260482172        1.35992782566565        1.74403974863566
Ti          -0.43391827861889        1.41540608385148        3.23308262964888
Ti          -2.69082266564672       -2.49874512055440       -0.97237935568950
Ti          -0.18160693918625       -1.37367378594852       -2.09275865652017
Ti           2.70233696182708       -2.50106999402340       -2.46548879845716
Ti          -2.02101615694256        1.46384195656809       -1.78906683570155
Ti           2.25863587660283        0.15714449578553       -1.12932754674734
Ti           0.53367641733783        1.64049142553759       -3.17961090564115
C           -3.84241748538755        0.32700914916868       -0.16175176997978
C            3.90863475087868        0.58167754058467        0.01360451062964
C           -0.02857607416963        1.84881386803994        0.02735330007239
C           -3.93724628713996        0.94323651779586       -1.23713029083080
C            3.99874643730439        1.17568452521384        1.10819939650559
C           -1.34699467411910        1.93302050984981        0.08959197756451
C            1.26857506728735        1.86917604011636       -0.07470543308769
O           -4.08614433259793       -2.95871661110796        2.33289346163067
O           -0.66786413079189       -2.32438190745667        2.94622211530507
O            3.47874655198829       -2.95413069373225        2.08308149920636
O           -1.03744890013842       -0.96916919054674        0.73496959491081
O            1.55163157685827       -0.29123638248478        1.86940289040533
O           -1.93107402231870        0.68071768484248        2.75223702786405
O            1.10079351190098        2.17673933929320        2.93687735997123
O           -3.82948132991643       -2.80517601322348       -2.05815462556566
O            0.82900002660350       -2.30439775652219       -3.00110048530740
O            3.90491171939141       -3.22446840062204       -1.69093991424184
O           -1.37892612063540       -0.14384597088115       -1.97737577498531
O            1.00940254734514       -1.03530145661651       -0.74473848680191
O           -1.04959985988285        2.35321421693732       -2.92159303146268
O            1.92040569352539        0.69033492849487       -2.74174651415529
33
 energy: -91.845082434746 gnorm: 0.069944439209 xtb: 6.7.1pre (5071a88)
Ti          -2.48569521508468       -2.85522061737644        2.35427995501938
Ti           0.20311483812445       -1.37584854170982        1.97388835686977
Ti           2.48098591321786       -3.02768195820829        0.87253077653753
Ti          -2.21857578939738        0.29044637719964        1.10246182428778
Ti           2.07965765371996        1.34973648473112        1.73393856838212
Ti          -0.42864142571161        1.41015828569159        3.22698216347274
Ti          -2.64337138052581       -2.51023012088891       -0.93678546781311
Ti          -0.19136712914158       -1.38164573679578       -2.09419876045924
Ti           2.70387781987237       -2.53495877272070       -2.51949379339726
Ti          -2.01527785145907        1.45985011776130       -1.79184812501390
Ti           2.25910066613091        0.15751883323949       -1.12225590522335
Ti           0.52801532862672        1.63138859409078       -3.17902362920516
C           -3.84524739168649        0.31860067761680       -0.17110561071247
C            3.91679871218302        0.60629100885766        0.00400259464840
C           -0.03275030859799        1.84742969527749        0.02901436141676
C           -3.93280509325413        0.97270870714971       -1.22604396427863
C            4.00763160637474        1.21539133906023        1.08971594175696
C           -1.35264104530463        1.92254279896365        0.08973294523240
C            1.26314101121016        1.87401578033475       -0.07163750479034
O           -4.11153707131848       -2.94431978568944        2.26897522433111
O           -0.69199405638892       -2.35579641357449        2.92989513612484
O            3.46730649340759       -2.94630312368014        2.08026848503406
O           -1.04611569314053       -0.96128278135544        0.73737479693056
O            1.54311741951544       -0.29704739848216        1.88046198122170
O           -1.91464692032737        0.66742530254561        2.76066462758118
O            1.11019451922879        2.17383262472724        2.93107314868883
O           -3.80008612088295       -2.81513365205596       -2.03006734523511
O            0.83351119220230       -2.32197193289828       -2.98922807372402
O            3.84638524987922       -3.13514302722004       -1.53604377205508
O           -1.38333584132871       -0.15213552302542       -1.99271375963090
O            0.99039168522464       -1.01127631420395       -0.74385316443600
O           -1.04668867684509        2.35570950092419       -2.92245202129019
O            1.90754690147707        0.67294957171216       -2.73850999026743
33
 energy: -91.850189443277 gnorm: 0.052057222318 xtb: 6.7.1pre (5071a88)
Ti          -2.48643267731117       -2.78986456685005        2.28420323917218
Ti           0.22101005339294       -1.39968781630128        1.95748813175221
Ti           2.47989471665569       -3.02256862985594        0.84445018071409
Ti          -2.21810819639295        0.27997047005776        1.10494763324662
Ti           2.08326567098360        1.34295150743807        1.72954408834264
Ti          -0.42897542567249        1.42013489139964        3.22852472578565
Ti          -2.62503023666317       -2.50580126054065       -0.93493012754814
Ti          -0.20346149345857       -1.39920551097575       -2.09137085333357
Ti           2.68107744766475       -2.51684105583300       -2.49783340622571
Ti          -2.01538057753011        1.45070518393727       -1.78718675996354
Ti           2.25964561777125        0.15216418624915       -1.12061557964545
Ti           0.52505056206868        1.61859547171256       -3.17631436645051
C           -3.84094459288365        0.32055133935095       -0.16715285717994
C            3.91439343132217        0.63056294324688       -0.00546210330003
C           -0.03202241306379        1.83994625774101        0.02448129333564
C           -3.92875798364227        0.97450988850852       -1.21878093382150
C            4.00697455975591        1.22024747423457        1.08045416453469
C           -1.35096938031475        1.91628600964386        0.09500905023433
C            1.26406396869242        1.86657009066198       -0.07430972681683
O           -4.10041476129825       -2.93033598664884        2.24994535324506
O           -0.69484444196310       -2.37634291644848        2.90080289585513
O            3.43946360273190       -2.91787119991058        2.10005902139490
O           -1.03179784632308       -0.95404880818731        0.73138756747190
O            1.55236538511586       -0.30723114709305        1.87200118564672
O           -1.90324191034707        0.65299111153466        2.76582208253727
O            1.11951516460420        2.16284714818455        2.93506697524837
O           -3.77992383441708       -2.83916069111422       -2.00925113126436
O            0.82684646353817       -2.32207776487912       -2.99903380283634
O            3.79461173052836       -3.08882700593450       -1.43901942782151
O           -1.38879653935835       -0.16563186235992       -1.97728004294607
O            0.99754556789722       -1.02803941235294       -0.75414225491212
O           -1.04340394376353        2.35144079264199       -2.91374367184679
O            1.90678231168012        0.66306086874045       -2.73776054260085
33
 energy: -91.851027815728 gnorm: 0.084955035758 xtb: 6.7.1pre (5071a88)
Ti          -2.50202362498131       -2.74575644821393        2.25736303840125
Ti           0.26016893772175       -1.43363331762999        1.94193498789005
Ti           2.50604830509301       -3.00757193817875        0.78009455154599
Ti          -2.21788332495673        0.28321980796372        1.11926504809947
Ti           2.09411180246959        1.34056094811509        1.73076535596033
Ti          -0.41797087726232        1.43210754192657        3.24338298525705
Ti          -2.72129510432717       -2.62213797548442       -0.94217938139508
Ti          -0.17850800056258       -1.39362485434958       -2.12402548581368
Ti           2.64465845884065       -2.48944412476906       -2.46751382318702
Ti          -2.01577140658927        1.43861173345076       -1.78405574618201
Ti           2.26483106027590        0.16028829301476       -1.11391553519645
Ti           0.52738368439544        1.60465517543654       -3.17269612015446
C           -3.82703778587737        0.33580788669764       -0.15389519897978
C            3.91086649298388        0.66981645000399       -0.01801182921731
C           -0.03005204010601        1.83301533619180        0.01648736460943
C           -3.91809362232400        0.96926620173450       -1.21040226340888
C            4.00613200434783        1.22268180488080        1.07113990883472
C           -1.34607255206945        1.91971586720732        0.10055025172442
C            1.26758263328423        1.85311899138218       -0.07665792882922
O           -4.07901413150459       -2.88797032535152        2.22903231014038
O           -0.70964893443684       -2.39330443684532        2.86770163853693
O            3.40116624444612       -2.88565146158943        2.16295068187649
O           -0.98946687997647       -0.90436131640373        0.73614532745422
O            1.57294069200017       -0.31512302107896        1.86464184324762
O           -1.89029200295181        0.64409623428672        2.78652930915072
O            1.13619908066677        2.15298786947255        2.94273783831542
O           -3.81886203227232       -2.89822229423641       -2.05294670450549
O            0.83165942873514       -2.31443106296615       -3.05366135116289
O            3.70243024528296       -3.03378304007174       -1.29749512476019
O           -1.37834939405784       -0.17616311611187       -1.96646206664025
O            1.03263002461586       -1.06271988892085       -0.78040961879685
O           -1.03366293900544        2.34883495920185       -2.90031690184168
O            1.91519555810213        0.65511352123330       -2.73607736096887
33
 energy: -91.857202295204 gnorm: 0.047764766541 xtb: 6.7.1pre (5071a88)
Ti          -2.50376638663810       -2.72741198222580        2.23973455517698
Ti           0.27069741669107       -1.44172561792503        1.94070403693970
Ti           2.47599508513901       -3.01578546265388        0.88157700045646
Ti          -2.20841140967478        0.27782280856080        1.12150589786781
Ti           2.09633047888310        1.34015246460716        1.72968354009105
Ti          -0.40321632594924        1.40857308416620        3.24108168236459
Ti          -2.65808162335402       -2.60635627438844       -0.96470088203660
Ti          -0.20367184642299       -1.41462121562494       -2.11790355527187
Ti           2.63624363294812       -2.49815158454998       -2.52303754483525
Ti          -2.01356210119827        1.43257334553023       -1.77811688369092
Ti           2.25521278655127        0.16805702148606       -1.10874922397272
Ti           0.52937142408115        1.60185002316885       -3.17593366536696
C           -3.82656688652186        0.33138662858887       -0.15096446091313
C            3.91434585571839        0.67592557105750       -0.02872689017995
C           -0.03274545995286        1.83718011677365        0.01804926091120
C           -3.91957063618912        0.97954127084977       -1.20287974042223
C            4.01174527050584        1.24564400896297        1.06439912403632
C           -1.34812092173378        1.92407072099143        0.10281786398263
C            1.26492877317176        1.85702338891267       -0.07627957130134
O           -4.09040897815876       -2.87493027017525        2.19697363171897
O           -0.71799118666099       -2.40326389993956        2.84665444475773
O            3.42312679355460       -2.90381747852461        2.18412585308646
O           -0.97904524565469       -0.90449622237879        0.73449999354235
O            1.57825363049504       -0.31600133532334        1.86241439439573
O           -1.88336345811201        0.63830498432032        2.78884493225171
O            1.13966334102705        2.15674137648625        2.93862092527162
O           -3.79337135265116       -2.89979587302157       -2.04030746472790
O            0.82058123312644       -2.31747231936143       -3.05819957457066
O            3.66284019267097       -2.98875487452527       -1.27424778325004
O           -1.39338011641601       -0.18973411814684       -1.96108510392350
O            1.01863523327955       -1.05459896605016       -0.78853246287463
O           -1.03507346711391        2.33688477632749       -2.90401092967199
O            1.91237625455915        0.64518590402312       -2.73801139983718
33
 energy: -91.860763039338 gnorm: 0.057683143635 xtb: 6.7.1pre (5071a88)
Ti          -2.50994392225692       -2.69881675525144        2.19685000074296
Ti           0.28255961579689       -1.45299644143739        1.93415314203078
Ti           2.53943884619137       -2.97624119616512        0.88769761977232
Ti          -2.19128388867750        0.26193386911846        1.12243616569815
Ti           2.10419382178182        1.33388239333173        1.72227539921922
Ti          -0.38691807475904        1.38987553592142        3.23220180635498
Ti          -2.59536831517655       -2.57822215960649       -0.94050008254350
Ti          -0.22860847687225       -1.43165963323689       -2.11158604401227
Ti           2.60092022129865       -2.49062727131499       -2.50227881726227
Ti          -2.00862501818600        1.42583776737856       -1.76835937352494
Ti           2.24049232364757        0.16599820378039       -1.08804770310970
Ti           0.52496073181735        1.57349197817902       -3.17660864600312
C           -3.82343150437596        0.32918902573734       -0.14751969907584
C            3.92390561978956        0.69601596791959       -0.04598570888776
C           -0.03651186979536        1.84147324014704        0.02243893047686
C           -3.91964530747499        1.00213402170874       -1.18986497989445
C            4.02385707912701        1.28766240961861        1.04858180736060
C           -1.35103762579099        1.92920365904396        0.10779942559660
C            1.26103054705411        1.85790412385125       -0.07812480008646
O           -4.11321590700786       -2.84878564991861        2.12009890387257
O           -0.73851254966802       -2.43011727650541        2.79321531226167
O            3.40382601356346       -2.94096342244758        2.20950234208932
O           -0.96159206704746       -0.90750750903389        0.71925735863287
O            1.58781845037893       -0.32331983354059        1.84603373854510
O           -1.86334065444233        0.61793439565535        2.79142918674744
O            1.15308091658039        2.15332208282523        2.93424410601367
O           -3.73990043427390       -2.90258848299591       -2.01924165118383
O            0.81034330591640       -2.32012308631444       -3.06438618110744
O            3.55421537098230       -2.94094429323064       -1.18076010668062
O           -1.41239765115161       -0.20704960709783       -1.95580311742586
O            0.99513454262604       -1.05183501630209       -0.78336535940837
O           -1.03172935391022        2.31857958519951       -2.90666805790349
O            1.90628521431527        0.61735937498162       -2.72911491730048
33
 energy: -91.865838790659 gnorm: 0.033723480579 xtb: 6.7.1pre (5071a88)
Ti          -2.52269150985249       -2.69500009941499        2.19816439225225
Ti           0.29167854535731       -1.45694760889257        1.93622783423524
Ti           2.60419422385319       -2.98083777017242        0.93727900124109
Ti          -2.18221697509647        0.26169641744244        1.12861469567260
Ti           2.11263061118642        1.33558422638399        1.72288950675837
Ti          -0.37613348982233        1.39385160344899        3.23435452828994
Ti          -2.60951120897543       -2.60404809238892       -0.93881710363026
Ti          -0.22561395370633       -1.42692213428340       -2.12820631510159
Ti           2.56671043020798       -2.47599766731690       -2.51568032497098
Ti          -2.00917132202958        1.42085611407070       -1.75995553829011
Ti           2.23233550049016        0.17966578704390       -1.07754880336980
Ti           0.52306325428968        1.55029762096081       -3.18268479335674
C           -3.81773631292100        0.34667369892958       -0.13520637364770
C            3.92638499411569        0.71780659883345       -0.05874651231835
C           -0.03559798588215        1.84518123906498        0.02031451890098
C           -3.91878910130353        1.00159820030139       -1.18529628832667
C            4.02743947394460        1.29480950819407        1.04185781436908
C           -1.34758859263759        1.94186384472256        0.11111465960770
C            1.26340661142134        1.85354776667532       -0.08084596038304
O           -4.11480084817079       -2.82242425561284        2.07773926639104
O           -0.75728992780070       -2.44363890126294        2.76406832039896
O            3.40537075371179       -2.97187036247199        2.31936614586349
O           -0.95134142199118       -0.89701383809524        0.71965551932936
O            1.59420015791109       -0.32228208608963        1.82728646285720
O           -1.85378240313393        0.61401627824885        2.80025594410549
O            1.16644855002647        2.15128127879228        2.93740914282099
O           -3.72625023295534       -2.92152271765670       -2.03922616482025
O            0.80009073332138       -2.31037712524315       -3.10744755528750
O            3.47053937948100       -2.91039510120568       -1.18383826721648
O           -1.41985725501095       -0.21563436761105       -1.94860659042900
O            1.00009615583829       -1.06077452633577       -0.79651230786156
O           -1.02859764018926        2.30123024739351       -2.90798329603854
O            1.91238080632292        0.60572622354597       -2.72999555804013
33
 energy: -91.869688145572 gnorm: 0.054294336388 xtb: 6.7.1pre (5071a88)
Ti          -2.53460687766076       -2.67796095711859        2.19795561353511
Ti           0.32078772990116       -1.47833410082242        1.93986780298271
Ti           2.67734776915163       -2.95138236172331        0.95943605714618
Ti          -2.17413251180395        0.25847028991928        1.14698453693378
Ti           2.12453188335223        1.34023052339813        1.72404549957856
Ti          -0.35722308327308        1.39220252734491        3.24222666959127
Ti          -2.61906202755664       -2.65718636537248       -0.94031236439873
Ti          -0.21544283040923       -1.42051910706529       -2.16124208024073
Ti           2.52450241754002       -2.51309377387961       -2.58254560106226
Ti          -2.00947623523210        1.40949915418105       -1.74752706914637
Ti           2.22568966086555        0.19073481936873       -1.07037636458252
Ti           0.52746889053396        1.53081871103549       -3.19216357845926
C           -3.80785646566568        0.37199291961593       -0.11593238790882
C            3.92996888615994        0.74992922319453       -0.07674934076241
C           -0.03252431244694        1.84474861489007        0.01536938980640
C           -3.91773840567220        1.00516475389522       -1.17358681757788
C            4.02970272736307        1.30425332848675        1.02925867388761
C           -1.34077662592488        1.95279656824876        0.11748330393890
C            1.26899637656413        1.84088783386815       -0.08632233424655
O           -4.11191920450718       -2.77975303807134        2.00608856142759
O           -0.77450184514249       -2.47894971859452        2.71207482315563
O            3.37831351819820       -3.00220383716844        2.43242275943647
O           -0.93557776447537       -0.87744325358021        0.73538157955512
O            1.61122660770113       -0.32259840850884        1.80289358023856
O           -1.84044077601473        0.60981713013604        2.82067046325625
O            1.18517607191002        2.14890383497987        2.94220613324628
O           -3.70392694905105       -2.95491880601516       -2.06626207932981
O            0.79355341089364       -2.29028319342169       -3.18403267919378
O            3.30251560960612       -2.79549957980476       -1.01119977842546
O           -1.42921424257329       -0.23169094391300       -1.94250736418810
O            1.01017835957179       -1.07707230582105       -0.82453710998642
O           -1.02592109284046        2.27217980796655       -2.91252131867479
O            1.92038133093784        0.58625971034999       -2.73654717952692
33
 energy: -91.874055214394 gnorm: 0.033575736694 xtb: 6.7.1pre (5071a88)
Ti          -2.53230309531204       -2.68715146382570        2.21231573669246
Ti           0.33807224121728       -1.48806385065454        1.94390897980430
Ti           2.69797257683333       -2.91151745989834        0.98668512356861
Ti          -2.16953401042145        0.25346356306694        1.16087187258479
Ti           2.12931445631726        1.34560649454465        1.72460499900225
Ti          -0.35168517763496        1.39760907118457        3.24658991791129
Ti          -2.60454619937924       -2.67366631610217       -0.94830969529871
Ti          -0.23067512058893       -1.42099365212569       -2.17292927683215
Ti           2.49733794396712       -2.50485977868813       -2.51933183318504
Ti          -2.01200592662778        1.40942279127127       -1.73904919216496
Ti           2.21637804598107        0.18571000548940       -1.06872322253865
Ti           0.52523252381879        1.50990569632387       -3.20079389196607
C           -3.80294576488232        0.38809184600971       -0.10086131341720
C            3.93088555287554        0.75016605004402       -0.08548644574319
C           -0.03006069708064        1.84336869288948        0.01357705814519
C           -3.92275037584547        1.01271615351763       -1.16459029180738
C            4.02987898284965        1.30259978898483        1.02063813091622
C           -1.33650378247849        1.95500703038494        0.12176401499285
C            1.27242590104853        1.83420116742253       -0.09098420051921
O           -4.10593725493738       -2.74979956191121        1.95170269245563
O           -0.76717625017973       -2.50225743398703        2.68678751711317
O            3.39586730312400       -3.03239355223157        2.43607500738392
O           -0.92888564507003       -0.87037852206149        0.74279686989211
O            1.62165982031336       -0.32049387670768        1.78746524547960
O           -1.83627598167430        0.61010671059390        2.83316714205599
O            1.19386881170941        2.14789978894344        2.94627395658287
O           -3.67699163771383       -2.96728572365251       -2.08625176775833
O            0.79423842488826       -2.26209781501574       -3.21466151685614
O            3.22944685715565       -2.78516768834088       -0.98902019265758
O           -1.44680533092040       -0.23662143584385       -1.94413890418932
O            0.97985598853601       -1.06453816080393       -0.83364668291815
O           -1.02471797407330        2.25404182636038       -2.91606245682585
O            1.92736479418561        0.57736961481777       -2.74038337989777
33
 energy: -91.876423948103 gnorm: 0.030916830479 xtb: 6.7.1pre (5071a88)
Ti          -2.51539604641084       -2.67247771395233        2.19513684637726
Ti           0.34503600432833       -1.48900042930624        1.95415836413020
Ti           2.76258923479958       -2.92505001916484        0.99426109435530
Ti          -2.17142502408677        0.24253387602556        1.17744167526948
Ti           2.13120415223918        1.35211289699664        1.71432169025186
Ti          -0.34431218982989        1.39715775052851        3.24608232199897
Ti          -2.62905386798610       -2.70140159523473       -0.87908411221307
Ti          -0.23451659954134       -1.40757015734168       -2.18716010267721
Ti           2.47909354629352       -2.52275668230643       -2.46929171908356
Ti          -2.01406316293069        1.40723649390139       -1.72680394299435
Ti           2.20293268658271        0.17786203989473       -1.06481101335450
Ti           0.51693335810103        1.47794570932930       -3.21013495148465
C           -3.80390540569309        0.41372592286713       -0.08280478442705
C            3.93653484315489        0.73375873411182       -0.09589250367018
C           -0.02830105960242        1.84616915020108        0.01359152847096
C           -3.93207942145151        1.03041176058090       -1.15292260677760
C            4.03265631117442        1.29874831189986        1.00737626950245
C           -1.33355959787342        1.95099232454365        0.12855251024270
C            1.27373817038211        1.84098699404124       -0.09956379005591
O           -4.09236816446774       -2.70108153977546        1.86130170400360
O           -0.74156600457651       -2.54504705656303        2.65315854839214
O            3.40497558760383       -3.03939722988327        2.44324631714633
O           -0.93675659448567       -0.87133527532697        0.74807825808943
O            1.62750841706494       -0.31588451295493        1.77115162409425
O           -1.83113699641125        0.61092614022192        2.84585990341713
O            1.20343483083460        2.14680258292894        2.94529028663984
O           -3.62848100380944       -2.99229863439871       -2.11050367141465
O            0.80419264850562       -2.22689844848587       -3.24472507738132
O            3.13683509970152       -2.74294401933166       -0.92856745702763
O           -1.46454752729985       -0.24128513264175       -1.95341417203815
O            0.93183565773769       -1.03687191040398       -0.83434343588329
O           -1.02494164411518        2.23182782683492       -2.91767533458744
O            1.93690976206854        0.57210184216334       -2.74131026730586
33
 energy: -91.878613584226 gnorm: 0.032326128614 xtb: 6.7.1pre (5071a88)
Ti          -2.49918711845542       -2.68958207355493        2.21784736151502
Ti           0.36386853830106       -1.49911547691017        1.95529390927735
Ti           2.79484178366565       -2.87699009955578        0.98778243653620
Ti          -2.17740306827850        0.24433320394145        1.19262780359727
Ti           2.13192231087806        1.35981034786530        1.70524153863190
Ti          -0.33431011418775        1.39050231401051        3.25149441492454
Ti          -2.54821410997087       -2.68267642352164       -0.95748411345191
Ti          -0.26857552382985       -1.42572947281450       -2.17825000977998
Ti           2.46205230970047       -2.56342182366914       -2.45173580783054
Ti          -2.01925720530896        1.39890763359186       -1.71327208222414
Ti           2.18534936934403        0.17113114795357       -1.06320623393900
Ti           0.51280486692716        1.45377928514726       -3.21674563022037
C           -3.80654515579964        0.44490906413130       -0.05987092369390
C            3.93351302775981        0.70128879061095       -0.10286699369318
C           -0.02359835916985        1.85224495028282        0.01296006654372
C           -3.94389219344515        1.04345407007186       -1.14022389782718
C            4.03178750078419        1.27814481480643        0.99483954370780
C           -1.32748315292179        1.95295128712590        0.13458761916204
C            1.27828793027522        1.85163881560590       -0.10769751911758
O           -4.06376125604212       -2.64424226958361        1.79649927657652
O           -0.70675167156016       -2.57440648158769        2.63304670798452
O            3.37644565496931       -3.06036469557811        2.47243557687385
O           -0.94207305015313       -0.85989305523637        0.76042715914919
O            1.63595715300169       -0.31118698758208        1.75836993584921
O           -1.83307820834217        0.61886265124046        2.85947199376163
O            1.20957240898394        2.14525360238136        2.94374950711177
O           -3.59116950456941       -3.02097067550367       -2.10985971867069
O            0.79572626251019       -2.20594995525615       -3.25174168921382
O            3.06323329641205       -2.69951620022909       -0.87599488450819
O           -1.49664379130814       -0.25797634038778       -1.94516578921615
O            0.88192248515818       -1.01741307892020       -0.84464741538749
O           -1.02737489074800        2.20648079793493       -2.91597872955266
O            1.95203347542078        0.57574233318814       -2.74193341287021
33
 energy: -91.881150409177 gnorm: 0.022399492687 xtb: 6.7.1pre (5071a88)
Ti          -2.47517426927872       -2.68609297605235        2.20169340981989
Ti           0.37665325976209       -1.50810167809155        1.94993515642553
Ti           2.73028337832482       -2.81817998821383        1.01128240026723
Ti          -2.18994495626050        0.24699772014588        1.19950434956790
Ti           2.12951644613716        1.36293413505172        1.69793996691107
Ti          -0.33010800296993        1.37569914003467        3.25653811921838
Ti          -2.55742802710503       -2.69408758092964       -0.94297443970478
Ti          -0.26672616459565       -1.42336101282867       -2.18276970858244
Ti           2.46351795336192       -2.58365562963965       -2.45744890578777
Ti          -2.02401175295977        1.38953509497723       -1.70850159879372
Ti           2.18903023680535        0.16749226807999       -1.07112602437060
Ti           0.51499098714338        1.45533270375672       -3.21400888819449
C           -3.81400173851382        0.46546651199006       -0.04743299770818
C            3.93321800936925        0.67132366609593       -0.10250382744243
C           -0.01870890392138        1.85297412469383        0.01269664864942
C           -3.95148903990571        1.05344612331829       -1.13245081066320
C            4.03168017645316        1.25702998281312        0.98931434429192
C           -1.32301415406261        1.94670235313929        0.13663609306613
C            1.28342231282164        1.86151687823596       -0.11249936301531
O           -4.02143355108134       -2.61215518124445        1.77664402442271
O           -0.66855072862564       -2.59290999290557        2.63063187589994
O            3.36155277479900       -3.06717328156499        2.44632373817071
O           -0.95629431969102       -0.86052777379555        0.77323567472214
O            1.63783314017282       -0.30909805144527        1.75727425889913
O           -1.83981464357561        0.62224409796335        2.86614301739205
O            1.20658264028792        2.14151408938347        2.94053166987573
O           -3.56904082254274       -3.05157815074945       -2.11127097502893
O            0.79006712446387       -2.21516130394386       -3.24594371304134
O            3.05439966520525       -2.65200614221297       -0.84506092773340
O           -1.50895852810070       -0.26695293017802       -1.95011075298616
O            0.87744364038269       -1.01639934384129       -0.86843621897814
O           -1.03134114574923        2.19680644605092       -2.91055863697093
O            1.96584900344991        0.59042568190578       -2.74322695859262
33
 energy: -91.883112500788 gnorm: 0.033492996474 xtb: 6.7.1pre (5071a88)
Ti          -2.43603082267354       -2.71775946296099        2.20733538361524
Ti           0.38705919340584       -1.51533998634485        1.94561569095295
Ti           2.70516875402084       -2.73644100734649        0.99226754532063
Ti          -2.20302577224564        0.24668053602974        1.20322456292050
Ti           2.12590619669683        1.36561790012737        1.68845029070775
Ti          -0.33545808702403        1.37230225533044        3.25966037040943
Ti          -2.58001344635506       -2.70571597439447       -0.87398789572955
Ti          -0.26881813071147       -1.41564636302303       -2.18375733816642
Ti           2.46593263279668       -2.59374903288124       -2.44502724748175
Ti          -2.03131231418514        1.37911705930440       -1.70405002924008
Ti           2.19173501129024        0.15416776542171       -1.07877763909483
Ti           0.51928102194730        1.45603300706455       -3.20773631394803
C           -3.82667878118843        0.49887777596830       -0.03177522151794
C            3.93364453308080        0.62552509726886       -0.10185365987421
C           -0.00959435873428        1.85071276703543        0.01155887639361
C           -3.96320185671406        1.07703818733536       -1.12198757440822
C            4.03348094469134        1.22487756567111        0.98290946499334
C           -1.31444684162828        1.93578761064754        0.13627216326429
C            1.29344137550326        1.87097988153129       -0.11963971039687
O           -3.96632161617454       -2.52984690816932        1.69832200966891
O           -0.62472367075378       -2.60893770889497        2.63213266644284
O            3.29921758000932       -3.10629125844847        2.44793057002683
O           -0.97339704534569       -0.86619218522558        0.77813667294767
O            1.63608254974695       -0.30659087406341        1.75172162917918
O           -1.84459262278182        0.61926169984660        2.87122102355144
O            1.20270636082622        2.13366466843317        2.93994557662085
O           -3.50977068331722       -3.09759256748467       -2.11641194321231
O            0.78258985930111       -2.23101134050831       -3.22233984281637
O            3.05225595140528       -2.58471212284889       -0.84263299035567
O           -1.53487682751237       -0.27878031138791       -1.96268109677809
O            0.84856434121578       -0.99801155297766       -0.88604010192861
O           -1.03561834159742        2.18257672658591       -2.90533951732748
O            1.98081491300576        0.59939815335750       -2.74266637473354
33
 energy: -91.884893327907 gnorm: 0.046519033288 xtb: 6.7.1pre (5071a88)
Ti          -2.40143118598714       -2.75221216388761        2.22723402460318
Ti           0.38731266169466       -1.51150363031937        1.94996589357719
Ti           2.68802392572954       -2.75948056008445        0.95420720864876
Ti          -2.21449974873583        0.24646974268813        1.20360585619861
Ti           2.12291963886755        1.36695864375846        1.68152970953192
Ti          -0.35030825836147        1.38434569710459        3.26130602058155
Ti          -2.56919257187345       -2.72239378374890       -0.85611826717084
Ti          -0.28091074099184       -1.41728971682707       -2.17650112952341
Ti           2.45776805207823       -2.57230709444524       -2.41368664898528
Ti          -2.03694861759526        1.36991086143876       -1.70367839381393
Ti           2.19502236013384        0.13139218599377       -1.08172011329288
Ti           0.51869438546756        1.44833201574003       -3.19710630183325
C           -3.84007601927625        0.52941180222941       -0.02124836908543
C            3.93287456442609        0.59615774809371       -0.10042001678517
C           -0.00147000500625        1.84195524254825        0.01001624069265
C           -3.97066890818962        1.10452835584742       -1.11273419681813
C            4.03545769610711        1.19991454469193        0.97981432608987
C           -1.30662424263812        1.92178999145624        0.13417792523883
C            1.30232739163881        1.87049939431687       -0.12548820700086
O           -3.91860417107311       -2.44232271223853        1.63255787248207
O           -0.59578882338197       -2.62340981062811        2.63852157914118
O            3.28390946874617       -3.06837171879590        2.39022934067408
O           -0.98142648140725       -0.86591105322112        0.77544773780318
O            1.63084329158414       -0.30360502472688        1.75430216981711
O           -1.84414281348113        0.60824499894550        2.87516372639073
O            1.19805980785642        2.12672044849281        2.94221088457527
O           -3.47096171230594       -3.15207559116820       -2.11236896028423
O            0.76967551667507       -2.25362906665121       -3.19207703861893
O            3.04980585594193       -2.49396160105132       -0.82030766276106
O           -1.56122119861894       -0.29121479630875       -1.96980771259475
O            0.82117693089631       -0.98729584700044       -0.89200975762203
O           -1.03635747682615        2.17523708886812       -2.89749349945433
O            1.98676142790701        0.59511540888826       -2.73752424039660
33
 energy: -91.887616201185 gnorm: 0.027749139557 xtb: 6.7.1pre (5071a88)
Ti          -2.37731427123565       -2.72729649976723        2.21334981590484
Ti           0.38234814222418       -1.49488380178267        1.96242735994740
Ti           2.71265978011877       -2.76714666617399        0.90666757305720
Ti          -2.22176215856868        0.24199755502379        1.19711550626759
Ti           2.12485236849610        1.36898568692031        1.68105286541352
Ti          -0.35948222773405        1.38562356973231        3.25995032657245
Ti          -2.56335412787268       -2.75225534569889       -0.87931885166272
Ti          -0.29961515059489       -1.42312278316275       -2.16487561380217
Ti           2.43838499704993       -2.54353794525786       -2.40647644981385
Ti          -2.03893865713336        1.36569087618969       -1.70858545281692
Ti           2.19550314638786        0.11496187375837       -1.06795543098278
Ti           0.52016883058115        1.43314828107365       -3.18315757005973
C           -3.85304061269823        0.56775225513229       -0.01515279704950
C            3.93320836577330        0.58985052344156       -0.09698367496730
C            0.00544542713185        1.82933761274512        0.00853769370636
C           -3.97202331318060        1.13888862771315       -1.11044861027368
C            4.04072118418442        1.18355659192759        0.98737018400800
C           -1.29920068666811        1.90815375500230        0.13068976920164
C            1.30982905485132        1.86355937681107       -0.12797740029585
O           -3.86235271662170       -2.40184006438534        1.64833982141297
O           -0.58154579416619       -2.63697185575836        2.64967734752520
O            3.26493552941377       -3.05659328583365        2.37196389100329
O           -0.98181199841935       -0.87183501950938        0.77053105963307
O            1.62363073580209       -0.29747324049323        1.75956572926968
O           -1.84300353857709        0.59469063772736        2.87289349984722
O            1.19160246701394        2.12559385115711        2.94124374463408
O           -3.46848016784023       -3.20759000404548       -2.11135361200575
O            0.74716562133093       -2.28345421285999       -3.16513955322233
O            3.06291570111477       -2.41431476414828       -0.85285751857389
O           -1.58768917369481       -0.30123924576960       -1.97286417710193
O            0.79787933872185       -0.97993388908175       -0.88274471842295
O           -1.02883248514530        2.17310969208883       -2.89150838688437
O            1.98719638995526        0.57458785728318       -2.72397636946388
33
 energy: -91.892593091546 gnorm: 0.039213525407 xtb: 6.7.1pre (5071a88)
Ti          -2.33362088051319       -2.74909592281533        2.24372536189225
Ti           0.38476797067417       -1.48415307326138        1.98144248507315
Ti           2.73769175333609       -2.71926531932316        0.87063239709667
Ti          -2.23299562748035        0.22868506207612        1.18996150411905
Ti           2.12920724286339        1.37087744442405        1.68339456188713
Ti          -0.36080533572272        1.36849410797609        3.25667889223160
Ti          -2.56164195164227       -2.77695010475025       -0.89033508799243
Ti          -0.33003775432266       -1.43432049528381       -2.15525411261376
Ti           2.39514144965673       -2.54781200821564       -2.43464268556397
Ti          -2.04000445175472        1.35668401768111       -1.70976541970437
Ti           2.19460358460368        0.10093351386193       -1.03905360688822
Ti           0.52723239810618        1.40275569018154       -3.16626246627478
C           -3.87161194032514        0.64092641280790       -0.00007876044239
C            3.93699664646963        0.59777517472713       -0.09358668967016
C            0.01694238103140        1.81292972333349        0.00638996891272
C           -3.97386953841406        1.19444268358963       -1.10757319913353
C            4.04802583615568        1.16282442483305        1.00519787715098
C           -1.28575731511468        1.89032753700812        0.12953825559032
C            1.32215597044352        1.85511826573383       -0.13188551855268
O           -3.77037316450738       -2.28232192986260        1.57957277728308
O           -0.55999562866958       -2.65895402300641        2.66862646721211
O            3.23019745611298       -3.06078579808724        2.36839343503977
O           -0.99227308161288       -0.89599500993804        0.77924696667445
O            1.61350200852373       -0.29126034566168        1.75326355583454
O           -1.84425730981461        0.57850033806334        2.86966648123381
O            1.18384711324695        2.12510588493844        2.93753175600746
O           -3.44058016182291       -3.29017473804018       -2.11106274041347
O            0.70632361876426       -2.32476424776153       -3.15208295373100
O            3.05525652906721       -2.26646062638096       -0.88518863755431
O           -1.63430510780026       -0.32296746724971       -1.97348546767152
O            0.77068598798930       -0.97574169302151       -0.88327541653104
O           -1.01432424920904        2.15704509675695       -2.88570595019225
O            1.99387555168195        0.53759742466608       -2.70402403030464
33
 energy: -91.898079170094 gnorm: 0.050199284087 xtb: 6.7.1pre (5071a88)
Ti          -2.27907457935157       -2.79645325936405        2.30349482555837
Ti           0.39348659060261       -1.47880883176334        2.00257672454826
Ti           2.73206959869322       -2.66431541741414        0.81775987996345
Ti          -2.25935382794513        0.20626430070637        1.17568622535513
Ti           2.13010698103790        1.37405516499701        1.69758207516698
Ti          -0.36988034811530        1.34649473704930        3.24967563186719
Ti          -2.59494793304426       -2.77651710214775       -0.89168402295566
Ti          -0.37333439275925       -1.44751807960252       -2.14304367549243
Ti           2.36174167721991       -2.59156506462748       -2.47338252765904
Ti          -2.03898832525251        1.35142355045983       -1.71128170780741
Ti           2.20004766473282        0.08729355419680       -1.00879503146750
Ti           0.54549057134480        1.37881208665250       -3.14719576796751
C           -3.89779216699588        0.74636524707616        0.01560194982466
C            3.93917792100788        0.62551339121259       -0.07981972419452
C            0.03362967746117        1.78967738133800        0.01070220692272
C           -3.97219184938044        1.26972544077182       -1.11152790619988
C            4.05023858913638        1.14265229187444        1.04620544319306
C           -1.26780119773484        1.85986873538374        0.13204230636988
C            1.33869175143644        1.84478397763759       -0.13139858709147
O           -3.63300209098114       -2.15003875777161        1.50459530625605
O           -0.52988579111404       -2.66757671193889        2.71896896164435
O            3.19415569741363       -3.03736060373075        2.31989720538878
O           -1.00984955001303       -0.93846940444925        0.80217363300571
O            1.59784098265633       -0.28525230892943        1.75919069846581
O           -1.85611464831486        0.56207012414599        2.85718241888948
O            1.16320696562274        2.13003307385306        2.93559794748701
O           -3.41538799326431       -3.39631712430127       -2.11140619547651
O            0.66755125739726       -2.37074372062074       -3.12827576473454
O            3.10709987861302       -2.14028923016348       -0.98346335488726
O           -1.69641880926787       -0.34541950691544       -1.97691437311759
O            0.73167837536060       -0.95502895500038       -0.88220873180040
O           -0.99274686232791        2.13978730300680       -2.88089164546200
O            2.00055618612577        0.48685371837809       -2.68764442358935
33
 energy: -91.902199005799 gnorm: 0.046520403082 xtb: 6.7.1pre (5071a88)
Ti          -2.25263011950842       -2.77654332282888        2.31886160889564
Ti           0.41591036810311       -1.49238283242999        2.01723700941365
Ti           2.74374350841168       -2.64118455622731        0.77842588281413
Ti          -2.28281445410147        0.17450621512599        1.17304730958460
Ti           2.12961730495710        1.37629721122140        1.71147444402339
Ti          -0.38451628819730        1.34309586730363        3.24146639998937
Ti          -2.63578221142395       -2.80150727538371       -0.88793562591508
Ti          -0.39619924016103       -1.44739441636294       -2.14888469669193
Ti           2.32706394323071       -2.61069986518966       -2.48904397575341
Ti          -2.03266277837316        1.34985599511185       -1.70294142378791
Ti           2.21559530838297        0.08498741623187       -1.00424196405999
Ti           0.55638270179381        1.34361221040663       -3.14538656501425
C           -3.90914387306340        0.82707870946917        0.02941139386742
C            3.94370329011284        0.67281250467389       -0.06974295732677
C            0.04560753857829        1.76995050301721        0.01878114689641
C           -3.96634305091450        1.34052326128075       -1.10328178081854
C            4.04786163999907        1.15367356214034        1.07686274070608
C           -1.25532321998887        1.82821455326586        0.14372595443764
C            1.35024297178105        1.83575087074107       -0.12999747809474
O           -3.53149098883925       -2.07939942873798        1.43912534504386
O           -0.51042288965059       -2.67947097933658        2.74994102189487
O            3.16179358947414       -3.02046273515992        2.29365091421376
O           -1.00443980788629       -0.96273582895471        0.82614651878207
O            1.59671086226329       -0.28722644807927        1.76671789144118
O           -1.86407845077645        0.54299300187686        2.85291225301505
O            1.14757056245029        2.13324084114253        2.93859951778285
O           -3.41513094486151       -3.48148098922089       -2.10903360686658
O            0.64222457842596       -2.39380673590598       -3.13767673537234
O            3.08454404374449       -2.06066493794359       -0.99889991355160
O           -1.73619385979454       -0.35970536243831       -1.97444038979103
O            0.72765932148959       -0.94774304212228       -0.90415051109145
O           -0.96986358727520        2.12104981946710       -2.87477933834109
O            2.01080423161750        0.44476621384553       -2.69595039032183
33
 energy: -91.906025265200 gnorm: 0.046952148800 xtb: 6.7.1pre (5071a88)
Ti          -2.26101933474372       -2.74693374451185        2.35064485685114
Ti           0.44025185245606       -1.51435651388583        2.02132879319888
Ti           2.71512721523944       -2.64123345544241        0.74102185513994
Ti          -2.30703409449331        0.12742135189096        1.15780808136298
Ti           2.12226039571179        1.37621116632239        1.73091047288576
Ti          -0.41012073977514        1.33904924018365        3.22038205711867
Ti          -2.67599905833374       -2.83300244669092       -0.92810251606405
Ti          -0.40667832545014       -1.43220927020838       -2.15150823019778
Ti           2.33053871072274       -2.62353476322225       -2.49149171251738
Ti          -2.02165547936597        1.36099614958605       -1.68604237054669
Ti           2.23601899103204        0.09563378716121       -1.01454868013147
Ti           0.56954651515275        1.31461261781779       -3.15266074181872
C           -3.90483214478771        0.88633320639328        0.03578532510783
C            3.94402707689670        0.73559478882222       -0.04012524924754
C            0.05297870534488        1.75808359942955        0.03292473634454
C           -3.94958358022635        1.40885297615428       -1.08919131184611
C            4.03582104361627        1.19354456424697        1.11692792701800
C           -1.24918401678766        1.79306006082495        0.16300610740994
C            1.35487924747118        1.83735380639561       -0.12193817402286
O           -3.44403734175705       -2.05526944908364        1.40496045178979
O           -0.49991352243540       -2.66840779994950        2.80444203214197
O            3.13043681966426       -2.98238584433811        2.24049244886024
O           -0.96769448555029       -0.98287915309033        0.83874792509871
O            1.60140654409052       -0.29888780833060        1.79152814217518
O           -1.88325698488700        0.52095233243115        2.83180846013584
O            1.11911142656944        2.14027383124651        2.93914028652929
O           -3.47576816760497       -3.51352876851981       -2.09920924380166
O            0.63826299122398       -2.40512247690268       -3.13500410721633
O            3.10897557901776       -2.10698952732096       -1.04281236292843
O           -1.75875030782398       -0.35701065161986       -1.96485531005780
O            0.74236546336733       -0.94022785035627       -0.91263562385922
O           -0.94411462521214        2.10605757468180       -2.86984791326789
O            2.01763363165719        0.40794846988470       -2.72188641164178
33
 energy: -91.909872091105 gnorm: 0.045216578658 xtb: 6.7.1pre (5071a88)
Ti          -2.25122634484267       -2.73243822232209        2.36314139637062
Ti           0.44732660815692       -1.51906756214374        2.02730335823266
Ti           2.72476164097844       -2.63889201120708        0.68600865950110
Ti          -2.31871497428748        0.09290819272561        1.14180155541466
Ti           2.11164351374166        1.37540015323277        1.72766126753754
Ti          -0.43881249354193        1.32943835517987        3.20292263397334
Ti          -2.71487392807760       -2.81288618838194       -0.91571270873167
Ti          -0.42041571244780       -1.42482707169420       -2.13732437143545
Ti           2.32630943584938       -2.58269353466306       -2.46412508306396
Ti          -2.01764412857756        1.35720181558791       -1.66830558002531
Ti           2.24698251550114        0.08504481924417       -1.02572832348797
Ti           0.57684018521080        1.28553430199639       -3.15154118083633
C           -3.90174157761672        0.93311384095684        0.05472801957081
C            3.94272975179218        0.72478223431202       -0.01465049958185
C            0.06058403947172        1.75019096512738        0.03562541955371
C           -3.94334780120341        1.47211684502272       -1.06105619759895
C            4.03192728094171        1.21407399533706        1.12141940631570
C           -1.24118633749612        1.76527587342453        0.17239193836037
C            1.36136927703065        1.84440942659520       -0.12543455853710
O           -3.35190175442677       -1.95382429020423        1.29877283054023
O           -0.47265852468210       -2.67487451894452        2.84298893264670
O            3.05931524552022       -2.96781426543676        2.22166576850184
O           -0.92874900091029       -0.98707468035566        0.82665155380412
O            1.60540203837250       -0.30726673795387        1.80574864903763
O           -1.90010360699923        0.48905983214061        2.81628371979040
O            1.09281042389013        2.13271007212962        2.93420993103657
O           -3.46079133806002       -3.61744141333190       -2.08938722926410
O            0.61648763948972       -2.43267923788448       -3.10325324216420
O            3.10829241282247       -2.07728089473263       -1.06146152667716
O           -1.78908821117264       -0.36877203839989       -1.94860283483458
O            0.73134794263670       -0.93416531222017       -0.91931683949474
O           -0.92965952800198        2.08118367924409       -2.86005648677286
O            2.03678531093759        0.39955357761912       -2.73336837767904
33
 energy: -91.912963320783 gnorm: 0.035786973118 xtb: 6.7.1pre (5071a88)
Ti          -2.25930039130827       -2.70552784242787        2.36597313139224
Ti           0.44938668165619       -1.52928559825966        2.02853897567327
Ti           2.72494637429983       -2.65332070312344        0.64704901761384
Ti          -2.30144943390545        0.07550285521085        1.12761233262572
Ti           2.10275804312521        1.37041374944855        1.72429317920839
Ti          -0.45975031971292        1.31834836972588        3.19391813008709
Ti          -2.70031478414773       -2.84976794701988       -0.94562433622160
Ti          -0.42964135464235       -1.42745020692992       -2.11716209123450
Ti           2.30658005406237       -2.59006803434693       -2.46431263798890
Ti          -2.01296282432292        1.35806403026731       -1.65922095401688
Ti           2.25390334766489        0.09198638906502       -1.02594280849326
Ti           0.58562502871611        1.28453876526277       -3.15305395871402
C           -3.88767267303193        0.94229576362875        0.06984446280791
C            3.94402409466666        0.71722103442421        0.00005537462613
C            0.06409030254827        1.74935539902918        0.03008033035918
C           -3.93264426922517        1.49683665256556       -1.04120807972634
C            4.03200689096280        1.23557568002061        1.12251035550214
C           -1.23433698473423        1.76070788615696        0.17290490768953
C            1.36534571120818        1.84500211302326       -0.12864331572769
O           -3.31690655087019       -1.91337150615049        1.26573154840552
O           -0.48923585226706       -2.64696085865227        2.87273917894722
O            3.00288863987405       -2.94864429690546        2.21399817941526
O           -0.89454210548436       -0.99748179453250        0.81796053143124
O            1.61191783676694       -0.31750469898633        1.80315740580536
O           -1.90956560702469        0.45676252901024        2.80691523345722
O            1.07408827647112        2.12010763019635        2.93101688296365
O           -3.48121645184926       -3.64466192940475       -2.07991259335297
O            0.58670018506525       -2.46258492209650       -3.07684083805796
O            3.13865858312185       -2.01358235321506       -1.05514968802586
O           -1.79750618814028       -0.37305625481523       -1.93047781957188
O            0.73644803466809       -0.92934255051982       -0.92174508231899
O           -0.92392621651418        2.06730561862679       -2.86085565976993
O            2.05160392230264        0.41258703172342       -2.73414929478736
33
 energy: -91.916010917552 gnorm: 0.043910039898 xtb: 6.7.1pre (5071a88)
Ti          -2.31782369523950       -2.67199054308865        2.36691495620866
Ti           0.44437579053269       -1.54651075758214        2.03430466413189
Ti           2.72129333942756       -2.69046156840938        0.63644081386891
Ti          -2.25259061366002        0.05917406197915        1.10456739196182
Ti           2.09060600352632        1.35957271904395        1.72473736913439
Ti          -0.47865758358131        1.28746137565426        3.17823891696225
Ti          -2.69774634525482       -2.82066654903446       -0.98289446928583
Ti          -0.42913646196231       -1.42807779921400       -2.09144712706501
Ti           2.29062318217115       -2.61948635117486       -2.48854980243204
Ti          -2.00379168617876        1.36699448706038       -1.64524713138414
Ti           2.27121992131780        0.14391194935292       -1.02783485080174
Ti           0.59212776256031        1.28916753296737       -3.17205405494931
C           -3.84600465108525        0.91618616980390        0.08985762338428
C            3.95235121295278        0.74063246841699        0.02345099512918
C            0.06475101436154        1.76369527140000        0.01665649652180
C           -3.90699211442693        1.49892734946553       -1.01226311187183
C            4.03204528208414        1.30376746242494        1.13218730684875
C           -1.22783309775588        1.77480753921347        0.16907192164624
C            1.36674333574852        1.84914750224492       -0.12890588974029
O           -3.31563514451752       -1.95384711376148        1.22225872176449
O           -0.57105868308074       -2.57058889161607        2.92543917012313
O            2.91857357664078       -2.91230318387360        2.24024381329833
O           -0.82711024760534       -1.01388484697033        0.82433217266441
O            1.63156030327842       -0.33893908255185        1.79563972001773
O           -1.92791177610308        0.41749196613974        2.78883756071222
O            1.04696014742525        2.10575636612498        2.92197895103552
O           -3.51935363673484       -3.66935572182293       -2.06422069690767
O            0.56433497049369       -2.46526805608740       -3.06728650243324
O            3.17220460726798       -2.07896142057849       -1.07702424987151
O           -1.78345086681610       -0.37089885360711       -1.88135943004231
O            0.79408444175360       -0.93107587340919       -0.93819155926426
O           -0.92203991500200        2.04664927918255       -2.87407227867318
O            2.07328162746102        0.45897311230630       -2.74380741068863
33
 energy: -91.919907349411 gnorm: 0.046161597824 xtb: 6.7.1pre (5071a88)
Ti          -2.31585457889327       -2.65984463828868        2.39753888980434
Ti           0.43908179339698       -1.54786234798606        2.05873195593275
Ti           2.68713225145272       -2.67123471125915        0.61239145573484
Ti          -2.23346242113932        0.03696616870367        1.09320281469269
Ti           2.08447894942262        1.35816286802178        1.72491632066347
Ti          -0.49174221637513        1.25339085370747        3.17014979882838
Ti          -2.67498299690588       -2.87248972343909       -1.04297384695414
Ti          -0.43756644045222       -1.41794255594184       -2.07261560499431
Ti           2.28139529473804       -2.62417440949830       -2.49259244528699
Ti          -2.00373243937660        1.37283925364561       -1.63664573112310
Ti           2.29470566224637        0.15744686686606       -1.02575563443140
Ti           0.59562656137400        1.26754961126782       -3.17872816303313
C           -3.83047011786470        0.94638320119725        0.11923582262339
C            3.96329139730690        0.75015672516014        0.04513342174436
C            0.08209502573982        1.76213037478342        0.00411597251933
C           -3.89902683937979        1.53085069204178       -0.98419882399147
C            4.03266913213272        1.33258658625448        1.14925546160033
C           -1.20820690701218        1.76405529900283        0.16820279522883
C            1.38532911390643        1.84740129267909       -0.13802929378647
O           -3.22571597901641       -1.89499256376365        1.10886682135596
O           -0.59054518945433       -2.53686683169602        2.99375006979951
O            2.80644253345291       -2.88344357746540        2.22796888960734
O           -0.80467912797158       -1.05760129847937        0.86456213409398
O            1.64250995221258       -0.34446868768224        1.77610191846142
O           -1.95068619413625        0.38960564616569        2.77761610271340
O            1.02036821155364        2.09305413614071        2.91288165042115
O           -3.55902074767259       -3.70745502872948       -2.05055030794886
O            0.54946697244590       -2.45394717944471       -3.05000274493332
O            3.17301356353635       -2.10722326459591       -1.10691000713264
O           -1.80105838353473       -0.37473046862007       -1.84878843282944
O            0.80368583512272       -0.91082761542919       -0.95294387918047
O           -0.91636332572822        2.01875468593985       -2.88059743797671
O            2.10182165487139        0.48377064074079       -2.74328994221999
33
 energy: -91.924466428460 gnorm: 0.039985509934 xtb: 6.7.1pre (5071a88)
Ti          -2.32606326615502       -2.64005735604116        2.40070524782519
Ti           0.44980832158460       -1.54362193950822        2.07376115933247
Ti           2.64352265005858       -2.67586923108122        0.59312063047330
Ti          -2.21627274048323        0.01473788457394        1.07855195198977
Ti           2.08757841083884        1.36302237930474        1.72580328071163
Ti          -0.49967905847929        1.23953626184498        3.16856307393897
Ti          -2.66787237132275       -2.90605998888066       -1.06199228010812
Ti          -0.43546092111005       -1.40031532072265       -2.07002227893600
Ti           2.28812474649102       -2.59081524441243       -2.49951904751054
Ti          -2.01079370509288        1.37357439598602       -1.63702584499893
Ti           2.31652942011282        0.13529229671678       -1.03298079933610
Ti           0.60011491400952        1.26008056661085       -3.17620308862927
C           -3.82411050607625        0.95922370161827        0.13600374410920
C            3.97223123766196        0.74776855900479        0.05694820799696
C            0.10448884232655        1.75906010472740       -0.00625416039513
C           -3.90415084723392        1.54850302134277       -0.95946619592851
C            4.03366303458297        1.34729186618954        1.14946052062974
C           -1.18754780307530        1.74762623088681        0.16516087876115
C            1.40897734132886        1.84713620055554       -0.14793835526743
O           -3.16791542743143       -1.87982248969832        1.05433813297898
O           -0.60424361735229       -2.51739879558230        3.02170971654425
O            2.66612570814729       -2.85447901304049        2.23094594585948
O           -0.74202647795092       -1.05562135085596        0.87380944771510
O            1.66480243587124       -0.33890279449065        1.77781067563617
O           -1.95711846859195        0.36626875077536        2.76286584836802
O            1.00623500038953        2.08213197354365        2.91115840093719
O           -3.57652015317185       -3.78361238778508       -2.02926668729087
O            0.54451929485375       -2.43646733657665       -3.04104401230582
O            3.16842817600220       -2.10407327252273       -1.10492507877693
O           -1.81684204657328       -0.37958079832877       -1.83162479500217
O            0.78055565945548       -0.88063015912867       -0.95421854063172
O           -0.92068428343623        1.99567210108351       -2.88769588132668
O            2.12159649981995        0.50040118388999       -2.74053981735993
33
 energy: -91.931134047613 gnorm: 0.050338542775 xtb: 6.7.1pre (5071a88)
Ti          -2.32896858000514       -2.63142556855288        2.38433435431439
Ti           0.46851880375910       -1.53211085675807        2.10861269560122
Ti           2.57546011991127       -2.71173372948506        0.57085240012041
Ti          -2.19491366618191        0.00352295692599        1.06162381667364
Ti           2.10008706192403        1.37168183395946        1.72074383806088
Ti          -0.49464287143014        1.23737576008029        3.17512409601375
Ti          -2.62742497446805       -2.96309709596479       -1.05152358912443
Ti          -0.43093003668091       -1.38717973326309       -2.07594535276348
Ti           2.29363937522065       -2.54197319418615       -2.52727450264175
Ti          -2.02189890233089        1.36772561178850       -1.64897472853610
Ti           2.34040389399592        0.11421038578651       -1.03410037334098
Ti           0.61117740928720        1.27044796820259       -3.16775567406818
C           -3.82252462609283        0.95376988831534        0.14583484466656
C            3.99155184359815        0.74575880692351        0.05863066518738
C            0.13020466970880        1.76729592775128       -0.01050706321861
C           -3.91454840163752        1.54368438098010       -0.94059860288438
C            4.04073885619607        1.34794766080544        1.14141226059362
C           -1.16589772390285        1.73227986068004        0.15299616957937
C            1.43449000527961        1.86370144235874       -0.15830535638146
O           -3.09924673551446       -1.89647481736142        1.00155239387093
O           -0.62559497812363       -2.49918902751942        3.05002630118696
O            2.43782304491213       -2.81473099013700        2.23758085216193
O           -0.66739497611087       -1.04849638896142        0.91391191706301
O            1.69700341095317       -0.31872277852801        1.78604595516596
O           -1.95553824736484        0.36129661892772        2.74335039198258
O            1.00509176875183        2.06800575805273        2.91215606975710
O           -3.58681915216216       -3.83262268049345       -1.97688467455033
O            0.53872417791729       -2.39968571007711       -3.05413072038591
O            3.14155532368627       -2.11899554044686       -1.10299734962921
O           -1.83582537692205       -0.39656500652919       -1.80651233152228
O            0.75987866832269       -0.84507182058916       -0.97371111430639
O           -0.93756074959010        1.96567146086954       -2.90523343523598
O            2.14338156509196        0.52369861644362       -2.73033415340604
33
 energy: -91.939052369956 gnorm: 0.066606569075 xtb: 6.7.1pre (5071a88)
Ti          -2.31262041338663       -2.63027068142666        2.37547132519367
Ti           0.49671790924722       -1.51624893499367        2.16427925627214
Ti           2.49103796842837       -2.75531665753827        0.53884861817764
Ti          -2.17143848393593       -0.00122786172314        1.04090088213691
Ti           2.11624878858204        1.38734074377108        1.71879618970656
Ti          -0.47825329271983        1.23372654129211        3.18729183143759
Ti          -2.59056236793340       -3.01113600275255       -1.05613639275100
Ti          -0.42728383847163       -1.37833234660331       -2.07653100706911
Ti           2.29026691422246       -2.51107407060455       -2.57617483825441
Ti          -2.02975842218046        1.36001776825603       -1.66441032799771
Ti           2.35256937340214        0.11066468695785       -1.01491513913993
Ti           0.62417055306120        1.27660885253992       -3.15441868496281
C           -3.82500171046847        0.94887351944495        0.14953088954520
C            4.01683931681727        0.74822013170565        0.05420332935947
C            0.15049218172764        1.78166958717078       -0.00766282537337
C           -3.92219452052036        1.53722043938052       -0.93255199477201
C            4.05155022145064        1.34232577262179        1.13560040961685
C           -1.14869260728539        1.71896423832346        0.13802557125416
C            1.45275804135680        1.89598284409986       -0.15903273936348
O           -3.00575000215138       -1.91539801260318        0.97137089289731
O           -0.64044132405689       -2.48499850595155        3.08848227349163
O            2.16912712810917       -2.77665249593411        2.20760134108707
O           -0.58926568271115       -1.04504594392038        0.96779840735377
O            1.73034890795225       -0.28391473564918        1.79703546774704
O           -1.94894746086515        0.36922449691798        2.71969742869113
O            1.00856312385054        2.05983011617233        2.91961535126196
O           -3.58649755783809       -3.90911193566504       -1.95301417100181
O            0.52602205696416       -2.36000008897886       -3.07839458823431
O            3.10173284176526       -2.13391796552777       -1.09983379863863
O           -1.85776666531231       -0.41978740607113       -1.77582110069410
O            0.74708487509225       -0.80754741835633       -0.99145133636619
O           -0.95426530724999        1.93466602153134       -2.92313234305939
O            2.16320945505466        0.53464530411157       -2.71106817754703
33
 energy: -91.946829406475 gnorm: 0.062330380413 xtb: 6.7.1pre (5071a88)
Ti          -2.29895692900789       -2.62323090147781        2.35486250636173
Ti           0.53483120826494       -1.51693830230263        2.22536840677097
Ti           2.43990787700281       -2.79807768335093        0.51883257207752
Ti          -2.14620860236838       -0.00233374783123        1.02496536854024
Ti           2.12798074095988        1.40355323270303        1.72439638035671
Ti          -0.45484163730813        1.23395650845758        3.20293780897208
Ti          -2.55358170856207       -3.08786455601530       -1.01444703051550
Ti          -0.42897505832271       -1.38498082273996       -2.07215880565710
Ti           2.28400983388497       -2.49140515460885       -2.62842421690123
Ti          -2.02985938985045        1.35012562859542       -1.67476735550474
Ti           2.34169136320837        0.12814912638476       -0.98996991129040
Ti           0.63618418045989        1.28764694093481       -3.14476987007356
C           -3.82403882357272        0.92124988851619        0.14000576186334
C            4.03677397606766        0.75275308633880        0.03602392787597
C            0.15533264633285        1.79587253756253       -0.00127664527494
C           -3.92074138406171        1.51666346897831       -0.93922340994293
C            4.05843688048451        1.33747419895849        1.12385871794015
C           -1.14376676801917        1.71261858760021        0.12680018278177
C            1.45452476429643        1.93267016785248       -0.14699036179619
O           -2.94270123047716       -1.94057693327545        0.93097243059414
O           -0.66907122287825       -2.46452880791354        3.12208740552846
O            1.93546925651084       -2.75186036076018        2.16347174016695
O           -0.51055948726298       -1.03199026673506        1.00100499303434
O            1.76189818423967       -0.24947884029133        1.81633356127542
O           -1.93282432358124        0.38245489660939        2.70211454584421
O            1.01827922486794        2.06105830036813        2.93862309402100
O           -3.56462195532490       -3.89704629054213       -1.94917733127388
O            0.51635912372445       -2.31831120468257       -3.11885343073266
O            3.03625173862001       -2.17535572580321       -1.08326214349547
O           -1.87052016618531       -0.44463567963925       -1.75190845151219
O            0.75070336175564       -0.78284930034247       -1.00572648863579
O           -0.96905747416255        1.91327221215668       -2.93454217973832
O            2.17169180026117        0.53194579629196       -2.69716177165487
33
 energy: -91.955767956151 gnorm: 0.041174229583 xtb: 6.7.1pre (5071a88)
Ti          -2.27019486961950       -2.61360554041404        2.35449643686379
Ti           0.50781187226325       -1.50985652967186        2.21655443299506
Ti           2.57073261247368       -2.81693005604540        0.53045894907291
Ti          -2.15066084682065        0.01624768570410        1.03312530732922
Ti           2.12359757694320        1.40202155128591        1.73253066541241
Ti          -0.45826123379613        1.23521251163730        3.19703665193549
Ti          -2.52158979693439       -3.06142666166405       -1.03445707342497
Ti          -0.44924499884616       -1.41146497443247       -2.05158550312789
Ti           2.27045708960332       -2.48185350826617       -2.63075783341490
Ti          -2.02697057359526        1.33828687434858       -1.66604783350687
Ti           2.32322321030417        0.14182382892433       -0.98762770895218
Ti           0.63629533327704        1.28784557165729       -3.14467310084707
C           -3.82627171554543        0.91893230513676        0.14268126739855
C            4.02874242784362        0.74476847381044        0.03226698369604
C            0.14922377373031        1.79425193457041       -0.00661211512903
C           -3.91091695317005        1.52230883856528       -0.94141720393401
C            4.06045204362399        1.33575037283745        1.12675359105031
C           -1.14649819050650        1.72127258293673        0.12380882024962
C            1.45024863898543        1.93211118382046       -0.13789639145648
O           -2.96202962487498       -1.92149063919470        0.94182736045046
O           -0.66766561251234       -2.43770095202499        3.15460311745123
O            1.85067078537892       -2.79910574827157        2.10020214238755
O           -0.55205689432819       -1.05013721939349        0.98329106312024
O            1.76128400356580       -0.25878722696419        1.82399189953175
O           -1.93626178674815        0.38696280546121        2.71137260449811
O            1.01880709867282        2.06946376919886        2.94934980760779
O           -3.54473274348720       -3.88687419589135       -1.94181220872728
O            0.50997320556800       -2.30356643789741       -3.13724938920766
O            3.07162813154466       -2.18222460969121       -1.10098002633993
O           -1.87583123904440       -0.45317522703249       -1.74411096211044
O            0.75742590510548       -0.80898589446165       -1.00543631635946
O           -0.96496689504855        1.91217121649559       -2.92659474558989
O            2.17358026599062        0.53775391492325       -2.69709268891723
33
 energy: -91.961299918438 gnorm: 0.049942362330 xtb: 6.7.1pre (5071a88)
Ti          -2.23710999262608       -2.61017597740015        2.38163199658264
Ti           0.47847133628934       -1.50636708714623        2.18555561334945
Ti           2.66651153528398       -2.78393537476423        0.51444444698506
Ti          -2.15640294952434        0.02162569448206        1.04859236791152
Ti           2.12062369931706        1.39733344928284        1.74604208331997
Ti          -0.47043714518990        1.25463436893222        3.18691442289207
Ti          -2.56393560543954       -3.15924493986009       -0.96030351755764
Ti          -0.42203214411832       -1.35826905860345       -2.08516581708373
Ti           2.26875385414242       -2.47629270224722       -2.63933448862053
Ti          -2.02700126914413        1.33485390399774       -1.65601295509223
Ti           2.32579046525825        0.16781440491322       -0.97392708281842
Ti           0.62194076771710        1.24576634577075       -3.14130966270922
C           -3.82037886059368        0.92175821074184        0.15124228607819
C            4.03387501595241        0.74056984321641        0.04102255346710
C            0.13731304191866        1.78161752853165       -0.00491276152455
C           -3.89764160567414        1.52658237957433       -0.94095306197173
C            4.07019701068912        1.33516082484202        1.14266377836869
C           -1.15474530740983        1.72084816129901        0.12222646090920
C            1.44089370582961        1.92037087185931       -0.12080852593019
O           -3.03083419176625       -1.90207202039706        0.99594416059568
O           -0.66446835587930       -2.37947433028379        3.20111733567675
O            1.72558282904247       -2.85975212550019        1.98978083041497
O           -0.59117586356225       -1.06198798357137        0.93213256594132
O            1.77184148504751       -0.27999203067672        1.83468322716867
O           -1.93119847771246        0.38592136211539        2.72487599542906
O            1.02557361748599        2.08120800487232        2.96971294437439
O           -3.56729008045058       -3.89985879615359       -1.95565766216960
O            0.52954190433312       -2.26283182725050       -3.18989800409431
O            3.14187469078537       -2.19505823781326       -1.13466985650304
O           -1.86076851112666       -0.44229694914232       -1.76647812404600
O            0.80359645905770       -0.83172114632717       -1.00483197895697
O           -0.95200833799918        1.91974245230116       -2.91004891564213
O            2.18504728006311        0.55352278040203       -2.68427065473925
33
 energy: -91.967366965911 gnorm: 0.047026713922 xtb: 6.7.1pre (5071a88)
Ti          -2.21401857187938       -2.62863853903197        2.39178419520763
Ti           0.46151453707901       -1.51322678098059        2.14634117435660
Ti           2.67249596031209       -2.71582652167685        0.47165975341786
Ti          -2.16458404092025        0.00856312695493        1.05442442915563
Ti           2.11583724567207        1.39196928067304        1.76535827737624
Ti          -0.48543983701939        1.27296963640089        3.17699090639027
Ti          -2.48416540159219       -3.07494456884346       -0.96934772175766
Ti          -0.45157647004999       -1.41724883683905       -2.02297653469129
Ti           2.26625616421431       -2.46334156074207       -2.65022824045543
Ti          -2.02504483591470        1.30701536315183       -1.65068943982923
Ti           2.31003626635598        0.16404188494550       -0.97410976781634
Ti           0.63208920002579        1.27910766133881       -3.14070958115698
C           -3.81281561859742        0.93363797771683        0.15787536959132
C            4.01772283176219        0.73544711905524        0.04564357843441
C            0.12879008405230        1.76165427358360        0.00238948991255
C           -3.88466412207287        1.52704768084401       -0.94095642630303
C            4.06844603500538        1.32781855982977        1.14813328352671
C           -1.16268468552252        1.71504795960319        0.11926336475792
C            1.43533564426056        1.89100780891300       -0.10436203240218
O           -3.08896636828340       -1.89693157224660        1.03266501999742
O           -0.66840673467257       -2.31904139924440        3.22926017858757
O            1.62296882475776       -2.89672768143163        1.87357078601156
O           -0.61243306299241       -1.05748312332021        0.87759844213131
O            1.78217366389278       -0.30262333742895        1.85009635489115
O           -1.92138440552775        0.37791781754371        2.72710676602192
O            1.02967836136149        2.09088646080354        2.99259529523840
O           -3.50400810335402       -3.85927689607053       -1.91061955676544
O            0.53253039752316       -2.23690750842732       -3.20182586536633
O            3.21564149773740       -2.21701177166271       -1.17206560866349
O           -1.86195321141465       -0.46161414904254       -1.75051588655363
O            0.82556772384699       -0.88306726012113       -0.98067529588266
O           -0.95209447675500        1.90857709931215       -2.91047664618980
O            2.17715550870588        0.55120179643699       -2.68319806116786
33
 energy: -91.972044490515 gnorm: 0.030884847313 xtb: 6.7.1pre (5071a88)
Ti          -2.23939188724888       -2.61658553729667        2.45139022367084
Ti           0.45409275376373       -1.52128684840088        2.13422184406449
Ti           2.67740863539677       -2.71687270857565        0.42675022893878
Ti          -2.19276170304462        0.00669852068830        1.06925395933156
Ti           2.11266241818990        1.38653834617779        1.78398802082187
Ti          -0.48867906157740        1.28002995656594        3.18588455918683
Ti          -2.46659981326931       -3.07671201444069       -0.95662545549757
Ti          -0.43113756734108       -1.40701921148970       -2.03088291197105
Ti           2.29224290144976       -2.48738832183590       -2.68771554499577
Ti          -2.02860011384024        1.29941787702945       -1.65476500967852
Ti           2.32916176631237        0.16323477735458       -0.98446031100100
Ti           0.63614590698456        1.29675206739305       -3.14603153271367
C           -3.82390263145684        0.94583272264051        0.15428557671197
C            4.01799024298417        0.74311260825950        0.06186302730091
C            0.12915492819521        1.74988317728754        0.00905569434195
C           -3.89331411791577        1.52546070537018       -0.94542659276684
C            4.06073118718823        1.32315856621142        1.16302806440513
C           -1.16502163596206        1.70798613787525        0.12105421414218
C            1.43670150548957        1.87398533382186       -0.08975866373443
O           -3.07409150945490       -1.90777862168984        1.06533320218863
O           -0.67235912440553       -2.29953668488995        3.24210687522174
O            1.58728804170346       -2.89779599268286        1.79170115981114
O           -0.64334084189800       -1.04429447365918        0.88853768042177
O            1.76888523574257       -0.30935221950727        1.86305213838483
O           -1.92079639207274        0.38259932340138        2.73617873613919
O            1.02762715149957        2.09515759726285        3.00175100752682
O           -3.50180802548014       -3.85130944569297       -1.89096724115114
O            0.55377101521256       -2.23320472766281       -3.20740476035893
O            3.23600776598223       -2.23165092219373       -1.20919682562700
O           -1.84924580754519       -0.46661905145290       -1.75971778110712
O            0.84812686127122       -0.87803591309587       -0.98371087011790
O           -0.95497403315612        1.90495865666085       -2.91387565347475
O            2.17802594829964        0.56063632056347       -2.68889705840984
33
 energy: -91.977015136415 gnorm: 0.030270278596 xtb: 6.7.1pre (5071a88)
Ti          -2.26560786833700       -2.58654735078035        2.51035174688494
Ti           0.44579147098528       -1.53597648706972        2.08863780393885
Ti           2.67855309910088       -2.72933499275091        0.35428163223126
Ti          -2.22140990469966       -0.00217383620808        1.08004671740658
Ti           2.10596777143954        1.37073161616573        1.80057822914171
Ti          -0.48960651418120        1.28022831736207        3.19080051422522
Ti          -2.43678228305315       -3.06326664083053       -0.89201812213157
Ti          -0.39385860147606       -1.37788427641782       -2.04244797913626
Ti           2.32490823108039       -2.46814024474037       -2.73979621427556
Ti          -2.03403737928282        1.28641014868517       -1.65041368566882
Ti           2.35155647393852        0.16126018001069       -0.97796315218557
Ti           0.62390400302999        1.25530890714941       -3.14466800399362
C           -3.84370086197077        0.94426023940287        0.14921594586502
C            4.02417065230706        0.74291855706276        0.09258743176282
C            0.12715570252849        1.74265815381354        0.01394062882325
C           -3.91010364307630        1.51588590988332       -0.94845886724787
C            4.05176698845197        1.30972792974674        1.19284205503989
C           -1.16886492884807        1.70905011417342        0.12752266908143
C            1.43504190691229        1.86118780527945       -0.07265622904904
O           -3.07047690309398       -1.90287282179338        1.10654927165868
O           -0.66641518037140       -2.26859354441119        3.23835250624032
O            1.51551160967188       -2.90289338511675        1.64476487616483
O           -0.68228247493287       -1.02788049712000        0.87580038352239
O            1.75164770001008       -0.32624222379663        1.88533047668372
O           -1.92275663853314        0.39190017191847        2.73850374282858
O            1.02642506062010        2.09360140764673        3.00434321504460
O           -3.48918703497142       -3.80810960784322       -1.83733975159925
O            0.57908069793654       -2.22605581262232       -3.20907773095043
O            3.26784820493688       -2.24585220916130       -1.25637106857075
O           -1.83381069296791       -0.47779817529037       -1.76893595455721
O            0.88420704283405       -0.88090099348281       -0.97289597836472
O           -0.95379393679373        1.89164519333304       -2.90435754132607
O            2.18915823080240        0.57374844779950       -2.67704956748228
33
 energy: -91.981567006819 gnorm: 0.031059930070 xtb: 6.7.1pre (5071a88)
Ti          -2.27996008600007       -2.54248814780097        2.58427669046745
Ti           0.43897767008827       -1.55262965316446        2.02254639212393
Ti           2.69772565406816       -2.74872677232505        0.27759495417858
Ti          -2.24221655955898       -0.01103292709576        1.09690995757291
Ti           2.09462588422420        1.34814905375010        1.81955360618956
Ti          -0.50293585720662        1.29313438168822        3.19648806124738
Ti          -2.39712460782701       -3.09697355997901       -0.82367259958805
Ti          -0.36836392783189       -1.38355529513283       -2.02603842089495
Ti           2.36071336827818       -2.43298179235919       -2.78998753014753
Ti          -2.03199027300699        1.27546362667418       -1.65278083710356
Ti           2.35661207570944        0.16263749617191       -0.96751445381578
Ti           0.64649665472553        1.29703093074159       -3.13603410090655
C           -3.85665928669469        0.93082538570534        0.14296618362165
C            4.02291629308879        0.73296640137825        0.12248863767854
C            0.11834160929147        1.74001820281298        0.01899321091460
C           -3.91699497483855        1.49690360695607       -0.95854635956795
C            4.04091053963018        1.28868115404446        1.22883418683417
C           -1.17859269845324        1.71651560187796        0.12628651068091
C            1.42799756543644        1.84936975840873       -0.05168948962862
O           -3.08769603366630       -1.88748176733612        1.17203719861094
O           -0.63955325454854       -2.23250971674964        3.23342554432797
O            1.40958495107534       -2.92290196342485        1.45938748978352
O           -0.71720577723581       -1.00259394391103        0.84530260722790
O            1.73835431904324       -0.35250180397268        1.91873008487414
O           -1.93287346397126        0.40540440269517        2.74632424337987
O            1.02538454647635        2.08690888792980        3.00973563291853
O           -3.48736894475079       -3.76616726494417       -1.79334522564881
O            0.60911896328004       -2.20801031403747       -3.20904473272366
O            3.31549889346393       -2.25859525182944       -1.30423598627423
O           -1.81467461764908       -0.48773062076843       -1.78323753518942
O            0.91199338943178       -0.89599658805893       -0.94893908068705
O           -0.95304407581724        1.87989463247611       -2.91056444366921
O            2.19200206174266        0.57897385957643       -2.66625039678221
33
 energy: -91.985777785104 gnorm: 0.023846906386 xtb: 6.7.1pre (5071a88)
Ti          -2.26690170086953       -2.52469016067995        2.63329507374733
Ti           0.43534805210472       -1.56706032621631        1.95959627444539
Ti           2.69703806233246       -2.78361705746999        0.21452074775688
Ti          -2.25669979070021       -0.00752641903542        1.10070478003600
Ti           2.08366618756459        1.31661502490525        1.83641631375927
Ti          -0.51947037571323        1.29764729998355        3.19843578849160
Ti          -2.34495217088793       -3.07414996120334       -0.77446343854876
Ti          -0.34895417031168       -1.39183653665898       -2.01291675819411
Ti           2.38607207494906       -2.40555999323983       -2.83092094034909
Ti          -2.03298757494896        1.26759301653519       -1.65110574503347
Ti           2.35696333793685        0.17408378969805       -0.95384340314357
Ti           0.64722412797733        1.28376239304254       -3.12866489111030
C           -3.87088956802755        0.91301227159494        0.13533482576803
C            4.02369355433206        0.71665882337700        0.14909247551072
C            0.11054654279360        1.75060774754229        0.02230176618987
C           -3.92500023524286        1.47514098124917       -0.97199859126544
C            4.03337482792665        1.26204861154033        1.26529804650494
C           -1.18636904165207        1.73922654261007        0.12040459958805
C            1.42444737096994        1.84665467676532       -0.03011190595159
O           -3.10097368197419       -1.86031722871386        1.24464216549512
O           -0.58891584008777       -2.22305561666469        3.21915095908611
O            1.31648354646390       -2.93100711450787        1.29205659706191
O           -0.75007055900240       -0.97460019561186        0.82790312195337
O            1.72399667077234       -0.38515312778853        1.94856413460160
O           -1.95792691052757        0.42635748194448        2.74481857437012
O            1.02418433949856        2.06608327038405        3.01187156498263
O           -3.46640840815449       -3.72190668407756       -1.72289699009604
O            0.63118036251333       -2.18769216387761       -3.21114745970167
O            3.34443312044784       -2.26997392121129       -1.33998131897314
O           -1.80095739044434       -0.49857505710186       -1.79727560312578
O            0.92715480214279       -0.89247671792073       -0.93878490124666
O           -0.95176955384200        1.86924414740571       -2.90692879871682
O            2.20343999165787        0.59446220339911       -2.65336706388758
33
 energy: -91.989087047452 gnorm: 0.019991412070 xtb: 6.7.1pre (5071a88)
Ti          -2.22725416136149       -2.51771043632851        2.64891531069541
Ti           0.43659556017267       -1.57486831610013        1.90567988898625
Ti           2.68054849550614       -2.83306904462506        0.16810836813609
Ti          -2.27046557310000        0.00120670184950        1.10978439514847
Ti           2.07402029617919        1.28060881158560        1.85989727723038
Ti          -0.54192489962386        1.29706890860683        3.20582853012444
Ti          -2.30179772415622       -3.06347397294849       -0.71547837021756
Ti          -0.33402678142059       -1.40436642208686       -2.01093226623052
Ti           2.40049239544477       -2.36584045839047       -2.85530059483621
Ti          -2.03147221014613        1.26205296210875       -1.65543591071145
Ti           2.35443778144566        0.18985652566609       -0.94780037888152
Ti           0.65758259205347        1.30036616143776       -3.12317498828982
C           -3.87740447609946        0.89230638053033        0.12179864832644
C            4.01965877632342        0.69252831929462        0.17411283673845
C            0.10259621518421        1.76465675739993        0.02794638540829
C           -3.92514163227676        1.45210200948544       -0.98965096290133
C            4.02689689960116        1.23583733580798        1.29468317203475
C           -1.19388505451647        1.76477425210612        0.10729720191131
C            1.42234563350591        1.84126769907684       -0.00265963008354
O           -3.11645933262072       -1.82349689698877        1.31136916989622
O           -0.51863052720899       -2.23693642094541        3.19241906705464
O            1.22786014306560       -2.94499395411257        1.14577724143816
O           -0.76856413997767       -0.93171614344674        0.82502816721005
O            1.71787811724575       -0.42237854503100        1.97708545398520
O           -1.99687458287370        0.44600149009208        2.75237819226014
O            1.01933401625848        2.03529265914019        3.01831707906161
O           -3.44911933291667       -3.68176073733599       -1.64853595626945
O            0.64391327061275       -2.17045235033332       -3.22058791714862
O            3.36498855005430       -2.27421978018270       -1.35880379685263
O           -1.78725015122901       -0.51075426491960       -1.81064754406762
O            0.92967221940195       -0.87736491938261       -0.94615939969229
O           -0.95381699924954        1.86228655241347       -2.91173503622436
O            2.21526661671913        0.61518913655416       -2.64952363323452
33
 energy: -91.990985435500 gnorm: 0.021302789603 xtb: 6.7.1pre (5071a88)
Ti          -2.18742941082371       -2.51917307917357        2.66455813362903
Ti           0.43355991993609       -1.58040245629089        1.85549148266182
Ti           2.65346265655589       -2.86055471264792        0.12051450354527
Ti          -2.29072138500072        0.01797013743765        1.12087443184470
Ti           2.06955803600743        1.24419201598209        1.88441952822672
Ti          -0.56251159571463        1.29632620499372        3.21378776797978
Ti          -2.24807239467388       -3.06308720031863       -0.68323129484795
Ti          -0.32231433955972       -1.41144917757223       -2.01407951177147
Ti           2.40969934951455       -2.34035668203660       -2.87884699229505
Ti          -2.02825447462415        1.25399759855207       -1.65470420675917
Ti           2.35081565018575        0.20794155604037       -0.93538587410873
Ti           0.65566932387574        1.29490296125069       -3.12141894643658
C           -3.88253056409310        0.88520114972356        0.10670152272218
C            4.01449995124464        0.67037559309269        0.19794243794033
C            0.09637123073345        1.78078933604065        0.03762291899688
C           -3.92472031292534        1.43583777241793       -1.00948796330031
C            4.02633488087744        1.21258420024964        1.31883985092448
C           -1.19918521368200        1.79449559547339        0.09877315672685
C            1.42045584731507        1.83521207799131        0.02961337252456
O           -3.11514840444439       -1.79654791099209        1.36909239993913
O           -0.45810621098686       -2.24741439085934        3.17558300390852
O            1.13142443077883       -2.97369185324566        1.00781463958424
O           -0.78156050782223       -0.88115445992102        0.82105396572984
O            1.72705713522779       -0.46512660328856        1.99617254235443
O           -2.03238873062464        0.46219188653953        2.76576820333394
O            1.01751942895112        2.00406832165879        3.03180273642885
O           -3.44101242254015       -3.64603320789065       -1.58296606560463
O            0.65085879409717       -2.14983522550679       -3.24124594099561
O            3.38487609597377       -2.27080575955624       -1.38372288137445
O           -1.77272635837318       -0.52338918535816       -1.80803268443638
O            0.93215018798151       -0.86960595341749       -0.95226024796379
O           -0.95660330153271        1.85587684073278       -2.91269749736741
O            2.22897270816261        0.64666460989653       -2.63834649173520
33
 energy: -91.992150697215 gnorm: 0.022630883582 xtb: 6.7.1pre (5071a88)
Ti          -2.14938976495434       -2.52703975748988        2.65407315834959
Ti           0.44001440144811       -1.59112928737154        1.81547608811645
Ti           2.60221906024248       -2.89697602246358        0.10215267974074
Ti          -2.30697521161550        0.03055203807416        1.12920145998776
Ti           2.06770884323419        1.20519015009772        1.90794102613936
Ti          -0.58031819827691        1.28754356678950        3.22708566439578
Ti          -2.20869440169189       -3.07536003354287       -0.65647515418308
Ti          -0.31805339309022       -1.41828465285678       -2.02505762122985
Ti           2.41517353889181       -2.31951030388161       -2.89123369744886
Ti          -2.02067805062329        1.25138985096032       -1.65693527576660
Ti           2.34824973289857        0.22685202306900       -0.93051692591999
Ti           0.66364662618663        1.32045719041286       -3.12362858513898
C           -3.88197250138877        0.88230899856147        0.08894976694697
C            4.00753486783014        0.65406134545761        0.21597643621219
C            0.09243807609763        1.80491246549918        0.05072995794458
C           -3.92334288708736        1.42350251291241       -1.03059220514364
C            4.02670272280985        1.18944241726149        1.33966724180991
C           -1.20272800709778        1.82929721536912        0.09200203478065
C            1.41888291174982        1.83278342270395        0.06325541168202
O           -3.09488004536620       -1.77690184611211        1.40070797524066
O           -0.39957050712186       -2.28592213508766        3.14083357338934
O            1.08516993418775       -2.98030238843575        0.93390922367870
O           -0.77238022235149       -0.83589184369289        0.83052470703250
O            1.74479084362685       -0.51124779587246        1.99281405454166
O           -2.07004584157817        0.47681358196005        2.77946590663844
O            1.01481306561085        1.96334409306895        3.04933591066103
O           -3.44565913922965       -3.61307664839459       -1.52794298540353
O            0.64923118705287       -2.13738480221567       -3.25823122726757
O            3.37051796987867       -2.26133425046845       -1.38617163379927
O           -1.76343016224288       -0.53297795620115       -1.79991532416567
O            0.91656097399980       -0.84301994419833       -0.96928258395938
O           -0.96339414137175        1.85141913573028       -2.92269183296326
O            2.23785771933956        0.67648966035480       -2.63542722489387
33
 energy: -91.993164055932 gnorm: 0.021380227236 xtb: 6.7.1pre (5071a88)
Ti          -2.12831340534226       -2.53786643513679        2.65160232188354
Ti           0.43415629116149       -1.60065362664201        1.78143883182792
Ti           2.61379535270186       -2.91311106009768        0.08150351071027
Ti          -2.33054302050475        0.03526783673344        1.13991402949043
Ti           2.06812094463346        1.17025949702097        1.93692448155121
Ti          -0.59289770264568        1.27806057797304        3.23810999416491
Ti          -2.17969815219203       -3.08092774284833       -0.63081296343032
Ti          -0.31276293411358       -1.41252372284001       -2.03735946181368
Ti           2.42235138171547       -2.30112710199152       -2.90988003776408
Ti          -2.01362741203685        1.24592098594770       -1.65290957582917
Ti           2.35524818272462        0.24324098295448       -0.93271032622654
Ti           0.66633550190917        1.34002241256219       -3.12957893978704
C           -3.88236036708119        0.89200632343143        0.07784084993108
C            4.00191222248277        0.65341339736423        0.23099624142450
C            0.09020086018418        1.81824675167767        0.06653243105913
C           -3.92318079412102        1.41988670493708       -1.04630867203820
C            4.02850985137682        1.17071542389615        1.36206116802869
C           -1.20514580877512        1.85667979799127        0.09141253299738
C            1.41770901472122        1.81901483092616        0.10087537074601
O           -3.08973355465294       -1.76700586308776        1.43043620979578
O           -0.37260311364886       -2.29878332631429        3.12456176599373
O            0.99813675669621       -3.01750450787385        0.83625578065929
O           -0.77248136808906       -0.79992488382067        0.83556737315287
O            1.76972332419243       -0.55988861501361        1.98526135043877
O           -2.09460461292880        0.48722866818977        2.79306682692689
O            1.01486262096984        1.92977654240152        3.07819977209870
O           -3.44400730988640       -3.58164238951937       -1.48237381813157
O            0.64779949704204       -2.12279891625880       -3.27992385898257
O            3.37721233371038       -2.24845647529216       -1.40515388936794
O           -1.75522607746335       -0.53948454251374       -1.78586058643978
O            0.91815840467323       -0.82769552713490       -0.98451293011077
O           -0.97017597296090        1.84511305614508       -2.92896367908826
O            2.24312906554522        0.70454094623087       -2.63621210386642
33
 energy: -91.994323955131 gnorm: 0.015918280287 xtb: 6.7.1pre (5071a88)
Ti          -2.12558675630179       -2.53903245259473        2.64915708939310
Ti           0.43242055961381       -1.60921259496883        1.77380293802985
Ti           2.58572807053882       -2.89957408070458        0.06879934765485
Ti          -2.34038939458402        0.03240372882178        1.14484111589722
Ti           2.07002461625824        1.14986705638688        1.94829204524709
Ti          -0.59390824035360        1.26507784892948        3.24359914355415
Ti          -2.16244466974957       -3.09001638536709       -0.65146969774609
Ti          -0.31625717639170       -1.40489736324035       -2.04118654568172
Ti           2.42170750962072       -2.28105785241877       -2.92078330253086
Ti          -2.00639053853304        1.24810931779730       -1.64200234683484
Ti           2.36207869017521        0.25035414602080       -0.93100073599808
Ti           0.66224467571832        1.33397901666568       -3.13296731081907
C           -3.88079906137720        0.90143328108676        0.07666842416647
C            4.00341203070222        0.66429548017260        0.23499846811461
C            0.09412779500791        1.82735435719304        0.07298337515377
C           -3.92298582756065        1.42641579423104       -1.04813554905405
C            4.03276676618648        1.16312621271652        1.37393955277248
C           -1.20022603545255        1.87360749431900        0.09696401307378
C            1.41931166708922        1.81335124360997        0.12020951509637
O           -3.07813418252227       -1.77314507018792        1.42975622220346
O           -0.37390235879241       -2.30804326760412        3.12197911564042
O            0.97230585454018       -3.02571679005570        0.80743105100270
O           -0.77031024189662       -0.80032486649256        0.85012842710729
O            1.79402412249463       -0.59275101887062        1.95387879412053
O           -2.10089125828965        0.48995808527379        2.79925928464151
O            1.01850459671053        1.90355271510497        3.10259549821387
O           -3.45124975829238       -3.56438698602535       -1.48019624440465
O            0.63962682506364       -2.10984663203045       -3.29571081472973
O            3.37052253265042       -2.23811383852537       -1.41324516520457
O           -1.75430769776049       -0.53514000394561       -1.76334915975675
O            0.92416081289761       -0.83148922792164       -0.98960584387376
O           -0.97110929062487        1.84058010311204       -2.92732059529830
O            2.24592536321252        0.71928254950956       -2.63231010914632
33
 energy: -91.995486150412 gnorm: 0.015307599694 xtb: 6.7.1pre (5071a88)
Ti          -2.12947116881274       -2.55814718735400        2.63127009170972
Ti           0.43591789847536       -1.62586216972273        1.75942691452504
Ti           2.55905286497448       -2.90231128130170        0.05531250621412
Ti          -2.35200539795342        0.01862970644535        1.14465598404953
Ti           2.07459379376910        1.11607960642113        1.95892939089485
Ti          -0.59396320428580        1.23495252624137        3.24840197228069
Ti          -2.14925116434477       -3.10342501446223       -0.66483144731993
Ti          -0.32442704293847       -1.38293754787580       -2.04386166472561
Ti           2.42556507605877       -2.26018468025116       -2.93644313323675
Ti          -2.00081293445407        1.26047813353450       -1.62782511087495
Ti           2.37060441087959        0.26312788100409       -0.91993303971658
Ti           0.66375687332068        1.33749285337522       -3.13113597051005
C           -3.87919242925897        0.91114091883318        0.07837746710876
C            4.01411015897571        0.68504014532512        0.24064402414498
C            0.10149351929964        1.84097660831022        0.08059433315537
C           -3.92458414329970        1.44395400224676       -1.04218300699389
C            4.04068220706614        1.15710410864732        1.39037318696687
C           -1.19207266085608        1.89286295283383        0.10177016405616
C            1.42271839489538        1.80995897256521        0.14596523216683
O           -3.08357518031331       -1.77935597469988        1.42954820743240
O           -0.38205419223804       -2.33148996747710        3.09980731330395
O            0.95001887134400       -3.03289416074785        0.77307783770110
O           -0.75324307281100       -0.79229547859306        0.86936075806425
O            1.83561477345286       -0.64341365636443        1.89997830414516
O           -2.11020853816521        0.48933102976985        2.79857419099283
O            1.02459065328402        1.85011420294224        3.13647999021262
O           -3.45753195992620       -3.52998143326420       -1.48298578878183
O            0.62961179756829       -2.08707154301574       -3.30449518048862
O            3.35131628254956       -2.22481026914145       -1.41945723281704
O           -1.76245437326902       -0.51988702902475       -1.73483156629655
O            0.91717112952346       -0.81165986520101       -0.99032986374222
O           -0.97117242481516        1.83483968703743       -2.92532434410544
O            2.24920118230256        0.73964392296168       -2.61891051951100
33
 energy: -91.996374094763 gnorm: 0.021881362941 xtb: 6.7.1pre (5071a88)
Ti          -2.12342977029356       -2.57641787522344        2.61090989061184
Ti           0.43772982920412       -1.64944670070084        1.72910341635906
Ti           2.52643073488724       -2.92546518521694        0.02029853638110
Ti          -2.37184182528392        0.00978114931587        1.14781245851717
Ti           2.07838958805812        1.06652137373109        1.97924772142033
Ti          -0.60113407013391        1.19586178166688        3.25765247486282
Ti          -2.11029358663188       -3.12864317753603       -0.66201038340994
Ti          -0.32846477325990       -1.36206529466967       -2.04153259698186
Ti           2.43157475629663       -2.21688673619923       -2.95602493029565
Ti          -1.99972948056809        1.27265073439383       -1.61337166007118
Ti           2.38257580839473        0.27646237857831       -0.91212993504304
Ti           0.67275698966660        1.35849026397173       -3.12394269173433
C           -3.88362657155248        0.91859635606475        0.08141635837056
C            4.02871711804391        0.70679368233071        0.24902840709750
C            0.10966569110356        1.85901408250214        0.09348653219021
C           -3.92769485759875        1.46639301600707       -1.03249845858406
C            4.04551062372560        1.14864905639612        1.41167875349563
C           -1.18452502059277        1.92128590393080        0.10199784998904
C            1.43076281996110        1.80194638336541        0.18314601732358
O           -3.08489318989847       -1.77132879029710        1.43587520742599
O           -0.37651250339435       -2.36286398576982        3.06984847490607
O            0.89663782354713       -3.04824626597935        0.68744108277603
O           -0.75266019784831       -0.77227034480422        0.89205685808765
O            1.87410954076546       -0.70804498172739        1.85313422063194
O           -2.13187232650907        0.49043469190083        2.79929256338363
O            1.02984327960378        1.77427695138550        3.17625021490377
O           -3.46441374099804       -3.47069205862776       -1.47032408332470
O            0.62265171380176       -2.05696586378173       -3.31080296395861
O            3.34367163535335       -2.21376857061113       -1.42921851874374
O           -1.76876108518738       -0.50676349093963       -1.70431089389624
O            0.91592220280279       -0.79031621088511       -0.99313283973285
O           -0.97296018522194        1.82532368262564       -2.92349715380965
O            2.25586302975459        0.76770404480004       -2.60687992914337
33
 energy: -91.997352446361 gnorm: 0.022494794482 xtb: 6.7.1pre (5071a88)
Ti          -2.12477946149870       -2.60601229588594        2.58187776170839
Ti           0.44255764356249       -1.68001956227051        1.69795612104030
Ti           2.49890409516685       -2.96223624151970       -0.02071693661231
Ti          -2.39024868357935       -0.00793797717742        1.15278045630554
Ti           2.08494456827560        1.00954450064243        1.99510263782965
Ti          -0.61326673147018        1.15787140109058        3.26890637546134
Ti          -2.10555244940756       -3.12122818617238       -0.68167438229464
Ti          -0.33497125280189       -1.33137206650383       -2.03309467001327
Ti           2.43212581383464       -2.16685755325431       -2.97026047932862
Ti          -2.00564328204281        1.29173415183862       -1.59377414166816
Ti           2.39757525211468        0.29041791085705       -0.90250391652463
Ti           0.68419134931016        1.38504486265685       -3.10899658858499
C           -3.88678098371621        0.93192793459954        0.10036604470968
C            4.05541823325677        0.73712337651559        0.25110294272504
C            0.12305335266411        1.87886447737527        0.11004622205109
C           -3.92951213313899        1.50916775036849       -1.00122744182453
C            4.05038523829917        1.14862226959289        1.42560541932872
C           -1.17077316105073        1.94642057501874        0.10225061601607
C            1.44335689950105        1.79740254452096        0.22016714648298
O           -3.10399679876388       -1.75722444625737        1.44083783168656
O           -0.37747662382640       -2.41641997036211        3.02501199382805
O            0.84966550080566       -3.06236285686546        0.60139172635350
O           -0.75116221768083       -0.75695330031395        0.91697569882840
O            1.91543513743310       -0.77721491379821        1.79439428346057
O           -2.15145627775243        0.48668646391183        2.79743846907145
O            1.03852813249355        1.67650692692124        3.21964588159021
O           -3.44091071588742       -3.44071697247444       -1.48221034721941
O            0.61276062306740       -2.01931431586790       -3.30853591482009
O            3.33444921850392       -2.20299878281584       -1.43416165113821
O           -1.78167350319797       -0.48671780494264       -1.66364600300234
O            0.91550041635935       -0.76496171648650       -0.99308969824484
O           -0.97434443254011        1.81335682194236       -2.91705796122559
O            2.26369723370474        0.79985699511331       -2.59090749597121
33
 energy: -91.998412524607 gnorm: 0.018736496352 xtb: 6.7.1pre (5071a88)
Ti          -2.12849715079351       -2.62189429871379        2.56429595514342
Ti           0.44285175422604       -1.69674210948971        1.66805908276176
Ti           2.48558438941690       -2.99994571794472       -0.05401582167787
Ti          -2.40383524925317       -0.02671454025417        1.15548308585987
Ti           2.08985847000775        0.96969123449263        2.00198395262750
Ti          -0.61836990313295        1.11869932765511        3.27841514981554
Ti          -2.06965554952917       -3.13932710167620       -0.68969581507516
Ti          -0.33659985880712       -1.30900557433999       -2.02200014893208
Ti           2.42920019392959       -2.14435969369750       -2.97603054671079
Ti          -2.01276470631657        1.30642340514909       -1.57851630037969
Ti           2.40496033917279        0.30672902221874       -0.89012238380374
Ti           0.68710419440689        1.39528636366779       -3.09462182433503
C           -3.88781558494815        0.94725764563245        0.11846687913204
C            4.07675352465321        0.74809177850963        0.25352208377933
C            0.13274578333577        1.89612317428030        0.12538580880106
C           -3.92908648744074        1.54600457876556       -0.97265237405121
C            4.05159836464981        1.14578940830765        1.43093501583985
C           -1.15767091601816        1.96296528014356        0.10375736073323
C            1.45155660167380        1.80324545623353        0.24426100805593
O           -3.11166722802433       -1.74969625665659        1.43772883100733
O           -0.37099789385657       -2.46427972689013        2.98191722254573
O            0.80517115919991       -3.06662812890970        0.53023190991843
O           -0.75270553481993       -0.74514795493072        0.91991349242835
O            1.92870517103242       -0.81706240318964        1.76357268503634
O           -2.17221993183423        0.48846920934828        2.79243605058451
O            1.04208463578401        1.60030609819106        3.24035522963319
O           -3.43955937278534       -3.39255337073127       -1.48417245525846
O            0.61010161071165       -1.98584431484984       -3.30247983782144
O            3.32869781361159       -2.19904612733054       -1.43636526662231
O           -1.78990852638742       -0.47480027259310       -1.63726178846084
O            0.91465961711227       -0.74153189396326       -0.99053819719411
O           -0.97428053687632        1.80694476866230       -2.90826180754331
O            2.27400080789708        0.83255273490030       -2.57398623583274
33
 energy: -91.999458396161 gnorm: 0.020014378923 xtb: 6.7.1pre (5071a88)
Ti          -2.12636755918978       -2.65572361869865        2.54563599282967
Ti           0.43712766664207       -1.70813699088591        1.64393813537299
Ti           2.45939243151708       -3.02981958364531       -0.09311858233866
Ti          -2.41319940849649       -0.04568562711442        1.15406610328765
Ti           2.09842409334436        0.93740585688502        2.01772613693156
Ti          -0.62656970146269        1.08269104272318        3.29100945099704
Ti          -2.04453606718762       -3.15503172418428       -0.69919147729590
Ti          -0.33570729846253       -1.28347511617434       -2.01169661959149
Ti           2.41920337509096       -2.12811368936494       -2.98128667793927
Ti          -2.02098214867892        1.31930292391086       -1.55607481521915
Ti           2.41518695811082        0.32594631623458       -0.89125427083360
Ti           0.68726525724722        1.42266678764371       -3.07975261889646
C           -3.88747866475831        0.97063570391653        0.14400612076286
C            4.09425120233323        0.75796732869393        0.24691582266016
C            0.15145234475655        1.91021637865431        0.14058347645832
C           -3.92657334315906        1.58840857496097       -0.93576883589639
C            4.05043116989224        1.12980568858618        1.43545502319072
C           -1.13473496744765        1.98578017625387        0.10650797359950
C            1.47226375628254        1.80635578246142        0.27443556455719
O           -3.11501102151488       -1.74581781224612        1.43451830439834
O           -0.36419229476081       -2.52307070541178        2.94310557203928
O            0.76040470603871       -3.06246361592780        0.46820160050648
O           -0.76007280732389       -0.74619103722185        0.91296020815460
O            1.92460704551651       -0.84039838147869        1.75206036151718
O           -2.19058657600676        0.48782964492450        2.78321976315588
O            1.04160741931218        1.52611723178921        3.26143636556751
O           -3.42809458242461       -3.36223001249752       -1.49424226405787
O            0.60934408856605       -1.94685107411087       -3.30054249410394
O            3.32562531004695       -2.20524292422558       -1.43976057317906
O           -1.79734718560562       -0.46720700594216       -1.61480403500016
O            0.92229799904400       -0.72027228193849       -0.99435757041001
O           -0.97880135798358        1.80432082794080       -2.89580675664576
O            2.28137016071963        0.87028093548665       -2.56812438457464
33
 energy: -92.000492502123 gnorm: 0.018601962136 xtb: 6.7.1pre (5071a88)
Ti          -2.12332821036661       -2.69375330657185        2.52534836897799
Ti           0.43320806807750       -1.72093590933948        1.62648115591225
Ti           2.42215364532998       -3.04964916421284       -0.13633167928298
Ti          -2.42899381827032       -0.07522767923816        1.16392642699991
Ti           2.11295214665560        0.90138945263777        2.02927819019382
Ti          -0.63389074793849        1.04863033270078        3.30372206956326
Ti          -2.01934710947105       -3.16161869151536       -0.73304495341745
Ti          -0.33894088103339       -1.24858786183930       -2.00302722781717
Ti           2.40387814496988       -2.10160734505786       -2.99565963451166
Ti          -2.02541364865454        1.33825605096144       -1.52989395368320
Ti           2.42353598818054        0.35557030989928       -0.88871707159297
Ti           0.68378231020815        1.45438694767642       -3.06573573587587
C           -3.88309026494065        0.99825397703288        0.17371606991776
C            4.11382240658378        0.74246804254043        0.24707182710220
C            0.17083628709675        1.92462487871881        0.16891536164729
C           -3.91877014241119        1.63694893419213       -0.89283991764020
C            4.05587994492976        1.11028541719762        1.42979226719509
C           -1.11087180700234        2.00753661386215        0.11253488438343
C            1.49069644662669        1.81249493987910        0.30847089068642
O           -3.11196017044641       -1.75684288716984        1.42198230195285
O           -0.36215489851900       -2.58789152122483        2.90666632951370
O            0.71240636184576       -3.06465205320291        0.41365502353477
O           -0.76455699266154       -0.74921648307905        0.91109658439682
O            1.92178368695739       -0.86499330647793        1.74311811512477
O           -2.20262075522993        0.47707248184985        2.78337738521284
O            1.04429458391093        1.44381912633418        3.28153850041458
O           -3.41079324423145       -3.34224228377675       -1.51401626893936
O            0.60467798445849       -1.89822282025142       -3.30371914274883
O            3.31677683279356       -2.21432319643351       -1.44756132483479
O           -1.80881457738571       -0.45559183166432       -1.59803276134821
O            0.92770548844783       -0.68974245064768       -1.00070973244618
O           -0.98237041087179        1.80858627016465       -2.88243417319926
O            2.28752735235982        0.91477501605244       -2.55896817538709
33
 energy: -92.001631088273 gnorm: 0.024637796840 xtb: 6.7.1pre (5071a88)
Ti          -2.11470642549646       -2.74465569584227        2.49932765091779
Ti           0.42783530074615       -1.73861835925702        1.60498000057058
Ti           2.37360238947855       -3.05698327431416       -0.18558857167720
Ti          -2.45255719896825       -0.10692959304528        1.17346443904965
Ti           2.13084689860738        0.85341840470209        2.05154225828731
Ti          -0.64092070315441        1.00185233779365        3.31549874070933
Ti          -1.99273686897770       -3.17073971525282       -0.77437642672520
Ti          -0.34266039314295       -1.20168773521215       -1.99746636370203
Ti           2.38503556601104       -2.06055530818546       -3.02706501770446
Ti          -2.02216209864493        1.36215134503864       -1.49319061390064
Ti           2.43707928821316        0.39272182364976       -0.88797728846192
Ti           0.67802096610631        1.49683689213512       -3.05366350191342
C           -3.87953855324886        1.01950136690514        0.20029793117972
C            4.13227501207168        0.74426909111531        0.23847261640758
C            0.19709683475185        1.94264666462798        0.20196336389539
C           -3.90876375161865        1.68671492238831       -0.84853814068767
C            4.07065358068802        1.05072999088864        1.44960869000992
C           -1.08020152075858        2.04512640600229        0.12058547454735
C            1.51615370417724        1.81413219035870        0.35807054389326
O           -3.11135625294160       -1.77698619748729        1.41353812681138
O           -0.36237848462371       -2.65430517996777        2.86938826402410
O            0.65365354519829       -3.06731032417564        0.35016200325398
O           -0.76555891153123       -0.74628114993127        0.91364060336023
O            1.92585209331537       -0.90570202650713        1.72449619924895
O           -2.21611370275554        0.45747263935681        2.78572037752941
O            1.04678408375295        1.34605221753516        3.31569533301668
O           -3.39794154182905       -3.31424204417251       -1.53456754102856
O            0.59296448051014       -1.83809442618008       -3.31840168216686
O            3.29828283739181       -2.22516638390683       -1.46655365675896
O           -1.81885621508262       -0.43989829201398       -1.57503568360495
O            0.93588794475778       -0.65379320563416       -1.00709073652758
O           -0.98862893154224        1.81642085743088       -2.86745783834741
O            2.29305702853718        0.97190176115398       -2.54947955350131
33
 energy: -92.002836877045 gnorm: 0.018153177022 xtb: 6.7.1pre (5071a88)
Ti          -2.10673418302730       -2.79454778397447        2.47728965125017
Ti           0.42095422455789       -1.75130402088291        1.59498104544170
Ti           2.33468506527655       -3.03961864623015       -0.22653720195594
Ti          -2.47111294057468       -0.13613491052932        1.17569863233334
Ti           2.14859914106485        0.81911872170291        2.07308829198739
Ti          -0.63904135281551        0.95292239825690        3.31827997491766
Ti          -1.98264133155381       -3.17714648491643       -0.81871247391435
Ti          -0.34726141979150       -1.15579499510429       -1.99440680910503
Ti           2.36012545228096       -2.02099596188255       -3.06917563757187
Ti          -2.01023334652617        1.38672858469531       -1.45248945675809
Ti           2.44514707447366        0.42410495216586       -0.88693207202149
Ti           0.67445080085762        1.54999391787632       -3.04146199521860
C           -3.87597245076147        1.01993538511165        0.21926811987159
C            4.13963411021045        0.70473528183111        0.24874425246594
C            0.22820693125883        1.95817713749361        0.22945278521012
C           -3.89670719918288        1.72153720579992       -0.80717013367029
C            4.08926340299381        1.00116691826145        1.45424539549800
C           -1.04456343852733        2.09136264323808        0.12889107307000
C            1.54681974026794        1.81649939120410        0.40379993174698
O           -3.11502368884158       -1.81162684037587        1.40452939807047
O           -0.37202273920091       -2.69790018332948        2.84781241216738
O            0.62165297365090       -3.05435055940846        0.32140608431167
O           -0.76614076116550       -0.75212776867820        0.91213708915453
O            1.91829275653814       -0.93041187119529        1.72175839693891
O           -2.21872909379626        0.42590978448326        2.78550782974534
O            1.04310018561120        1.27441020025095        3.33936165886373
O           -3.39161970785539       -3.29936802123038       -1.56363226940040
O            0.57618706220055       -1.78210786279628       -3.34013289600340
O            3.27159243183181       -2.24176734117644       -1.49539588808043
O           -1.82458171207871       -0.42450989788308       -1.56218907332891
O            0.94407063933604       -0.62935006165871       -1.00643744590031
O           -0.99505309040967        1.83055274390195       -2.85199288919303
O            2.29465646369573        1.02190794497540       -2.53958578091835
33
 energy: -92.004020582769 gnorm: 0.020694524386 xtb: 6.7.1pre (5071a88)
Ti          -2.10152480372910       -2.82363651037626        2.45568948446828
Ti           0.41970527061488       -1.78340183523104        1.55728827467298
Ti           2.29439799732015       -3.04994787944633       -0.28941204225101
Ti          -2.50150701784355       -0.17418424201239        1.18948731850267
Ti           2.15873928139484        0.75482808183790        2.09724019380181
Ti          -0.64815355311609        0.90376602811350        3.32778264535720
Ti          -1.94747916610754       -3.18541576884859       -0.85411123824547
Ti          -0.35335672920958       -1.10955063235658       -1.99101128494039
Ti           2.34351486095618       -1.95878802265519       -3.11883736837438
Ti          -1.99865596124043        1.41816209683675       -1.41534749101748
Ti           2.45550499338698        0.45859223535533       -0.87756111029580
Ti           0.67744717734676        1.59552906156325       -3.02607146521239
C           -3.87104354921967        1.01836719111250        0.23504827675737
C            4.15221676173058        0.67999348633801        0.26694796494025
C            0.25380180096398        1.98779476962659        0.26445694830124
C           -3.88896037989010        1.75237147375929       -0.76969633394434
C            4.10873858884890        0.93934483329572        1.48124934649278
C           -1.01340204477222        2.14567242818666        0.13448430948528
C            1.56808490010490        1.82003174242780        0.45791309721955
O           -3.12571876950195       -1.83544400744627        1.40783897526950
O           -0.36761920050282       -2.74553840281011        2.80612912297512
O            0.56457810885626       -3.05722083387073        0.22976306074669
O           -0.76615162463253       -0.73720242647083        0.92359170514616
O            1.93490158395411       -0.99740176879689        1.70079475627285
O           -2.23709697963736        0.39834682816984        2.79546340860255
O            1.04661490901900        1.17190536801223        3.38038299215593
O           -3.37998874361101       -3.25907296585062       -1.56999492590450
O            0.55654687857626       -1.71762958572215       -3.36197310355407
O            3.24486902732187       -2.24046397367968       -1.53336759285948
O           -1.82919448934160       -0.40123527271464       -1.53705937982261
O            0.94420038737277       -0.58884096270764       -1.00861576827903
O           -0.99853983085971        1.83842336662217       -2.83799447157117
O            2.30453031544528        1.08184609973470       -2.52049830489173
33
 energy: -92.004797224717 gnorm: 0.030689671606 xtb: 6.7.1pre (5071a88)
Ti          -2.11693174481431       -2.82552577997758        2.44551304363610
Ti           0.41719102124971       -1.80929694969042        1.54140373841829
Ti           2.29882680070142       -3.03347660510832       -0.33255510461732
Ti          -2.51824842540162       -0.22394739166322        1.20091036324387
Ti           2.15570616178900        0.72060223556898        2.09406467823450
Ti          -0.64351269947809        0.86802827650030        3.32542638300826
Ti          -1.94216029152922       -3.17795482487144       -0.90537185455307
Ti          -0.36336136997872       -1.06983040044974       -1.98805616201403
Ti           2.31397150879166       -1.90780935924010       -3.16255125097001
Ti          -1.98008227041946        1.45863989950540       -1.38476219342735
Ti           2.45875950975363        0.47391334975837       -0.86790382985611
Ti           0.68263972207890        1.62734863118390       -3.00812792952051
C           -3.85524032140907        0.99493099332443        0.24807433589113
C            4.15117532798082        0.64401191232436        0.28241588655710
C            0.28189880146753        2.01344292388724        0.29200074015079
C           -3.88027356073128        1.75431192372602       -0.73312317343280
C            4.13269007091063        0.84640669597986        1.51672151513762
C           -0.97613944626779        2.19345019904601        0.13724111346377
C            1.58462763613221        1.83205125663162        0.47395488397925
O           -3.15133881882845       -1.88943931213171        1.39924804469709
O           -0.38433646355234       -2.74711797203022        2.78647739775079
O            0.58168653015832       -3.03411073245895        0.21934647508278
O           -0.76798289039010       -0.74993609639199        0.92627105800060
O            1.91997445347670       -1.02732316875220        1.69996324972727
O           -2.23290919780831        0.34846540609772        2.80750461247295
O            1.04481542403379        1.12389839263155        3.38979863801086
O           -3.37716441984618       -3.25280643253854       -1.59488168481908
O            0.52724173640522       -1.66914398125090       -3.37787268647660
O            3.21116378293143       -2.23284255883915       -1.58070809431497
O           -1.82849873483417       -0.36967041523466       -1.52956988822902
O            0.93761138610291       -0.55639291310709       -1.00093088590120
O           -0.99405381275707        1.85872360411119       -2.81996869001571
O            2.31225459408087        1.11839919345540       -2.49995272931091
33
 energy: -92.006301640183 gnorm: 0.018669590246 xtb: 6.7.1pre (5071a88)
Ti          -2.10878978819655       -2.87010944284194        2.42685943806493
Ti           0.40658876889820       -1.82518632536283        1.50967036864353
Ti           2.28011743493740       -3.04379977155102       -0.37753964682614
Ti          -2.53163536676899       -0.24190024427543        1.19909242061600
Ti           2.15736449410978        0.68003049498801        2.11349216125245
Ti          -0.64793376577597        0.82805609095672        3.33404277242878
Ti          -1.92128895852931       -3.18438728682779       -0.91549514863950
Ti          -0.36600933230367       -1.04526888147096       -1.98705495190951
Ti           2.30191583828490       -1.87090157570142       -3.17961664857182
Ti          -1.97788639229300        1.47751756891842       -1.36429406669654
Ti           2.46696130235077        0.48505614113225       -0.86288044029697
Ti           0.69015393069352        1.65282766886391       -2.99281759357847
C           -3.85076935903399        1.00240576150714        0.26202046891622
C            4.15735168346044        0.61964635015225        0.30232825974622
C            0.30273184258136        2.03777307807041        0.30061903364608
C           -3.87808981446840        1.77959484691314       -0.70621774286970
C            4.13593503406226        0.82146041455609        1.52885038007402
C           -0.95016313951210        2.24564747311007        0.13122508184075
C            1.60644238430047        1.82568071666482        0.50987815771621
O           -3.16740806697576       -1.90246445631838        1.41888650260504
O           -0.37369391797962       -2.78042436900231        2.75380761503202
O            0.54493955070560       -3.02982751276294        0.15632920396769
O           -0.77701732963601       -0.74538435380729        0.92435999162475
O            1.92572631954982       -1.07013949160297        1.68296650360939
O           -2.25165724353744        0.33598358268247        2.80575221821150
O            1.04277131518555        1.06441725114497        3.41302332463964
O           -3.37078225142238       -3.22677949778280       -1.59040071108339
O            0.51547618997371       -1.62708627046259       -3.38943028972562
O            3.20359452798400       -2.21662485333760       -1.60654642395417
O           -1.83020950822906       -0.35532518405945       -1.50214498154622
O            0.93753402126894       -0.53309085755861       -1.00504406057565
O           -0.99489998407306        1.85836650956037       -2.80736164525110
O            2.32262958038731        1.15423642550129       -2.48635955110609
33
 energy: -92.007584658857 gnorm: 0.018790834736 xtb: 6.7.1pre (5071a88)
Ti          -2.10857569811872       -2.92149745908690        2.40345254977987
Ti           0.39072248596031       -1.83843371027934        1.48465891802335
Ti           2.26493070827872       -3.04654064813149       -0.43336600951907
Ti          -2.54584570342535       -0.27319917436290        1.20303894634155
Ti           2.15807545426211        0.64377092427158        2.12571386897274
Ti          -0.65605017456165        0.79218923214243        3.34472100172160
Ti          -1.90582266689517       -3.19122143681086       -0.93193123656327
Ti          -0.37136296880362       -1.01671003616775       -1.98822827525676
Ti           2.28697904026071       -1.82967794009548       -3.19487121559926
Ti          -1.97297060983258        1.50336927312383       -1.34087668543934
Ti           2.47201131282782        0.48996894628307       -0.85544648416350
Ti           0.70466492480889        1.69122692805469       -2.97259351744035
C           -3.84074729423466        1.01648181990336        0.28495785647867
C            4.16175378461345        0.59422137753298        0.31548419032758
C            0.33005920854959        2.05970720924697        0.31030374509008
C           -3.86735397294185        1.82191960332979       -0.66402838511001
C            4.13668187927615        0.78072384172335        1.54113671589806
C           -0.91278295826263        2.29525453782814        0.12391130221191
C            1.63069788754121        1.81877576525365        0.54100602700682
O           -3.18596479429697       -1.93013436691562        1.43026883520499
O           -0.37045656279525       -2.81317522117756        2.71991173007515
O            0.52377392717497       -3.02667007360460        0.11063726234584
O           -0.79575635265947       -0.75376373978713        0.92144684522083
O            1.91722077139698       -1.10294172946447        1.66070356168379
O           -2.26394795317878        0.30688290343753        2.80805676644792
O            1.04024203140893        1.00671654025603        3.42882703963004
O           -3.36138614859352       -3.21451428809114       -1.59509188568570
O            0.50319896446768       -1.57792177901919       -3.39802321783637
O            3.19886575607624       -2.18685709041557       -1.64207837617291
O           -1.83623537980403       -0.33511053669616       -1.47805834283307
O            0.93577279270564       -0.51426815241913       -1.00623640293306
O           -0.99164393213377        1.86346919895242       -2.78928711153435
O            2.33125224092747        1.18795928118132       -2.46812001636949
33
 energy: -92.008710304526 gnorm: 0.027333833275 xtb: 6.7.1pre (5071a88)
Ti          -2.11387070683998       -2.96755308013807        2.37966489032725
Ti           0.37187643777675       -1.84222319521143        1.47226625393807
Ti           2.26403631777735       -3.03592542380607       -0.48411832196480
Ti          -2.55755618557241       -0.30325228888822        1.20902184488840
Ti           2.15701529443734        0.62336375658365        2.13482326922367
Ti          -0.65529480872185        0.74674613506182        3.35475824264126
Ti          -1.90512990934467       -3.19015443149659       -0.96310858591078
Ti          -0.38347024748156       -0.99423899800188       -1.99728838173204
Ti           2.27222004016899       -1.77697973109499       -3.20736766105427
Ti          -1.96186755661014        1.53081974799887       -1.32204694064877
Ti           2.47113705395215        0.47561805562814       -0.84760402163292
Ti           0.71890786846633        1.71143998947104       -2.95549500524129
C           -3.81836097487356        1.04300146955959        0.31144600785773
C            4.15633900529399        0.55683550342999        0.32872981474425
C            0.35938335801949        2.07841036249729        0.32036167294690
C           -3.85240444204366        1.84533615991576       -0.62900884719485
C            4.13431603437755        0.73240692914210        1.55157413870145
C           -0.87189918110983        2.34941484986753        0.10984473860589
C            1.65410599904138        1.80156099323749        0.56415103114079
O           -3.20320507713790       -1.97240910526099        1.43648929140793
O           -0.36901623152933       -2.82540088794672        2.69488178227845
O            0.53695138864605       -3.03392420433401        0.11035088545151
O           -0.81798626498705       -0.75950485336344        0.91869508126224
O            1.90484038469017       -1.11816487822275        1.64945331595639
O           -2.27354268559404        0.26670711617261        2.81640555159958
O            1.03126652528131        0.98072459311075        3.42664694563244
O           -3.36696115750760       -3.22503738437337       -1.60376299476113
O            0.48775444132574       -1.52848207915001       -3.40754211775668
O            3.19608489778613       -2.13577619685705       -1.68815133631325
O           -1.84617914224257       -0.31276063403069       -1.46169765293324
O            0.92300714632689       -0.50207883037597       -1.00653919072919
O           -0.98178442811140        1.87244845370695       -2.76814598984478
O            2.33928680633894        1.20903208716438       -2.44768771088195
33
 energy: -92.009700856388 gnorm: 0.029235133452 xtb: 6.7.1pre (5071a88)
Ti          -2.11799723531347       -3.01773939377820        2.34956460060616
Ti           0.35560273641381       -1.85642587859112        1.45172681930955
Ti           2.24131530693976       -3.03016842133812       -0.55054516661045
Ti          -2.57969313663403       -0.34768702693487        1.22206129586336
Ti           2.16551021274084        0.58084814092906        2.14735813686483
Ti          -0.66594076555200        0.69515160322594        3.36735871914955
Ti          -1.88508867923716       -3.19269795739648       -1.01070933432841
Ti          -0.39680096494618       -0.94792299891727       -1.99964417085881
Ti           2.25274238113299       -1.71168872716366       -3.24917786652587
Ti          -1.94632493466769        1.56586964058616       -1.28427157360453
Ti           2.47446605656755        0.48603325457761       -0.83177572582723
Ti           0.72942502192305        1.75285445549353       -2.93469881627246
C           -3.80367050026618        1.04134494556154        0.33786053736414
C            4.16666954390173        0.53158184256249        0.33486219124373
C            0.39611087388710        2.10239308944727        0.35118495364075
C           -3.82355638097247        1.91190679715501       -0.56222602624781
C            4.14391997705851        0.65849755640436        1.57318255784347
C           -0.82162010692625        2.40216334169535        0.10734117404137
C            1.68070454550015        1.79937898872882        0.60206869260503
O           -3.21661841865053       -2.01481016788196        1.43063915982396
O           -0.37399623762691       -2.86238432258721        2.66164512461696
O            0.52313949256614       -3.03907426624174        0.07813704704592
O           -0.83919868309123       -0.76907713454248        0.91656529471837
O            1.89195273223321       -1.15055754461503        1.61917922315434
O           -2.28463294120812        0.21722083600641        2.82662344014132
O            1.02840786697265        0.90261723999364        3.44350630508783
O           -3.36084729910828       -3.21513651702882       -1.62397041745254
O            0.46763494606369       -1.45362123875499       -3.42410712450066
O            3.17387750976889       -2.10845112750125       -1.74087023013122
O           -1.86209650366985       -0.28541268797681       -1.44182467270278
O            0.91594780458288       -0.47823909945659       -1.00179852001353
O           -0.97558633534261        1.88176453237740       -2.74635683237691
O            2.34624211495923        1.25146824595752       -2.41888879566322
33
 energy: -92.010255362485 gnorm: 0.020844735359 xtb: 6.7.1pre (5071a88)
Ti          -2.11545170188255       -3.03744194146875        2.33500303281931
Ti           0.34373285227743       -1.86525477683162        1.43004156136400
Ti           2.22483153271501       -3.02122773233929       -0.59689066162684
Ti          -2.59900153870086       -0.37135340304834        1.24002335832627
Ti           2.16760810620006        0.55197903570670        2.15612294282887
Ti          -0.68048879000744        0.67150345480577        3.37898139389702
Ti          -1.86428681529620       -3.18257774780542       -1.03125273435765
Ti          -0.40334218052484       -0.92066852355013       -2.00545501109396
Ti           2.24423173863115       -1.66471560947494       -3.29607301427619
Ti          -1.92636965646481        1.58135780064820       -1.25556293727565
Ti           2.47361755937968        0.49522698072601       -0.81373625399778
Ti           0.73946152144293        1.78468415056305       -2.92242216654985
C           -3.78195435667108        1.06612255462424        0.36514975551117
C            4.17258936161398        0.50165479272450        0.34845452985795
C            0.41474817353388        2.11503075784090        0.37163110122651
C           -3.80587853155861        1.90887710527134       -0.53962373290117
C            4.14898703584750        0.60920442833800        1.59118552600029
C           -0.78963486850269        2.42965995266999        0.11072783735014
C            1.68913096771150        1.80210349614146        0.62550498000829
O           -3.22602107041985       -2.03340482167045        1.43541082921941
O           -0.36948806282844       -2.87474849310610        2.64651728863414
O            0.50518371706673       -3.04836699853229        0.04263275175757
O           -0.85934417480483       -0.77047884304380        0.90851181684496
O            1.88016872306511       -1.17258066693455        1.60197974554262
O           -2.29151071464970        0.18026925595215        2.84515160572889
O            1.02676269938884        0.85647843028885        3.45418252588969
O           -3.34687231318030       -3.20664471493080       -1.62566187666910
O            0.45445570964761       -1.40195375068954       -3.44577456420572
O            3.15257843773044       -2.09509166200178       -1.78768161423265
O           -1.86806150560741       -0.27401633707612       -1.43765125451633
O            0.91190044778170       -0.46995433486070       -0.99644113365178
O           -0.97249765376969        1.88041854418468       -2.73870119308731
O            2.35021535083516        1.27590961687419       -2.39428443436097
33
 energy: -92.010900893054 gnorm: 0.018582565497 xtb: 6.7.1pre (5071a88)
Ti          -2.12008180319123       -3.04678438701285        2.31639295202803
Ti           0.34088431654177       -1.86730968592461        1.42837508699001
Ti           2.22391209681756       -3.00953272047660       -0.61220872885936
Ti          -2.60289491445304       -0.38520313215538        1.24745524298649
Ti           2.17030031641553        0.54241143923411        2.16683243834864
Ti          -0.67555221262749        0.62622499905883        3.39012324175078
Ti          -1.86504753206201       -3.16876305165905       -1.06286357070144
Ti          -0.41569175242715       -0.89706916018183       -2.01581310906967
Ti           2.22892457476725       -1.63039310847641       -3.31828683853373
Ti          -1.91519137305428        1.59522071553927       -1.24121762604285
Ti           2.47712917875148        0.48876484419397       -0.80884372160941
Ti           0.74402255245605        1.79174927722017       -2.91492017647649
C           -3.76979096688264        1.06042649612621        0.38133598283189
C            4.17648368960065        0.47500992012236        0.35889037736163
C            0.42627477478726        2.11661596466385        0.38600360910917
C           -3.78702433304587        1.92659913424271       -0.50715138362629
C            4.14819306936538        0.59952305762979        1.58986252814867
C           -0.77154664488383        2.44765133941822        0.10824397922839
C            1.69633797667353        1.78955522440598        0.64142530079617
O           -3.23413841863665       -2.04566917494576        1.42415985193081
O           -0.37648078333865       -2.87909616921465        2.63824726681183
O            0.52071682571432       -3.05235173825476        0.05577145002465
O           -0.86121468861622       -0.77168420120610        0.90394764159549
O            1.88163684353357       -1.17633261537120        1.60105180996862
O           -2.29366868492622        0.15116070532924        2.85639272349733
O            1.01800672364628        0.83526133133908        3.45799526890882
O           -3.34807662241408       -3.20661493097864       -1.64417187968018
O            0.43692866802242       -1.36886365891363       -3.45928325187918
O            3.13232942562752       -2.08615406484261       -1.81237950941705
O           -1.88001269049833       -0.26134868031070       -1.44131657022047
O            0.90256066545225       -0.46148873784740       -1.00003889700689
O           -0.96431063168505        1.88227291325362       -2.73219449630823
O            2.35608235456939        1.28621185599007       -2.38181699288203
33
 energy: -92.011252371936 gnorm: 0.020174645715 xtb: 6.7.1pre (5071a88)
Ti          -2.12191792420572       -3.07885651980450        2.28857339346519
Ti           0.33476765849727       -1.87504046572003        1.41510463939724
Ti           2.21300055622592       -3.00110490780498       -0.63917783341126
Ti          -2.60791849741365       -0.39895542448885        1.24786406185463
Ti           2.17442399269381        0.51449320904101        2.18610117838924
Ti          -0.67223462257335        0.56302811974609        3.40758775593269
Ti          -1.85541174494075       -3.15696171314075       -1.09634138178276
Ti          -0.42801689037073       -0.86489754830481       -2.02719756272376
Ti           2.20697433059059       -1.59027590871770       -3.33915039785465
Ti          -1.90828177696837        1.61006950187858       -1.22312766750416
Ti           2.48559130851914        0.48828299722817       -0.80267943329987
Ti           0.75322331362335        1.81442506167407       -2.90010933653468
C           -3.75737639569310        1.06884319170784        0.40759839570332
C            4.18206302468936        0.47063312613298        0.36170352233200
C            0.44355883305736        2.12692655464282        0.40619360833417
C           -3.77031513729013        1.95269625746145       -0.46485525899126
C            4.15076219296138        0.56785038345580        1.60247499209228
C           -0.74745671782394        2.48522618945293        0.10057215202181
C            1.71073275277358        1.77062042568052        0.67319217094225
O           -3.24409320965441       -2.05785336521665        1.41861420790693
O           -0.38184467751828       -2.90054969382354        2.61694171393170
O            0.51874293500793       -3.05307502831761        0.04374516508693
O           -0.86382749108508       -0.77262692015944        0.89735803024400
O            1.88557067782726       -1.19696337141501        1.58753577397874
O           -2.29972709156178        0.11874044104807        2.86296359822064
O            1.01185217815531        0.78294621130527        3.47669678349281
O           -3.34918985093329       -3.18834239229591       -1.66022523266369
O            0.41605071643974       -1.32125097444739       -3.47850560496293
O            3.10911167959853       -2.07254893090549       -1.83933276541086
O           -1.89267355802124       -0.24803139440451       -1.43326934531126
O            0.89478225530576       -0.44662705966932       -1.00842226540732
O           -0.95714432607090        1.87931173836631       -2.72380008631160
O            2.36622150615796        1.30986820980974       -2.36462697115235
33
 energy: -92.011636858384 gnorm: 0.020748348417 xtb: 6.7.1pre (5071a88)
Ti          -2.12865783903257       -3.09094208222030        2.27034720140180
Ti           0.33127251761116       -1.87153509468314        1.41414766509809
Ti           2.21648464293600       -2.98737129697480       -0.64521880454815
Ti          -2.60156790226505       -0.39581414021868        1.24490765115123
Ti           2.16877012286924        0.50884208868463        2.18784731881306
Ti          -0.67602803402934        0.52805943334587        3.42574671058093
Ti          -1.85697236336170       -3.14062851490330       -1.10436480834800
Ti          -0.43845918625336       -0.85084586912527       -2.04382774503362
Ti           2.19419092586256       -1.57550456301142       -3.34553168581105
Ti          -1.90231160327433        1.60862807642447       -1.21833957017983
Ti           2.48602283800163        0.47559868144464       -0.79068497034460
Ti           0.77041671554678        1.82595661202274       -2.88686735015283
C           -3.74998319615646        1.07199584003445        0.42895282018733
C            4.18669995876820        0.47268768535822        0.36190571753829
C            0.44471737756414        2.12013619972840        0.40188470720309
C           -3.74934198771998        1.97338608841414       -0.43038885804833
C            4.14196362443962        0.57089018414018        1.60334121538622
C           -0.73375025649875        2.48150141738088        0.09657796793188
C            1.70614202470110        1.76153685354759        0.67448991631366
O           -3.24899506966606       -2.05413567600627        1.41061603861048
O           -0.39139593083597       -2.89091246952658        2.61859643926056
O            0.53819204130531       -3.06011054035938        0.05708379848476
O           -0.87031644381549       -0.77957298521422        0.88481435283820
O            1.88358389870107       -1.19245255459859        1.57363241262213
O           -2.29414764510003        0.08692130895146        2.87101619844413
O            1.01186811348213        0.76137150758216        3.48574028110544
O           -3.35029186994095       -3.18118341223202       -1.67278484857898
O            0.40397677331063       -1.29445571193298       -3.49400176424576
O            3.09521593488610       -2.05591607770291       -1.85641961118449
O           -1.90407465293998       -0.24542598801296       -1.44030440504873
O            0.88383969405205       -0.45275914140956       -1.01489040071524
O           -0.94237923087748        1.86811536965672       -2.72144282316406
O            2.37531600772934        1.30393877141086       -2.34658076756344
33
 energy: -92.012873467807 gnorm: 0.025424313677 xtb: 6.7.1pre (5071a88)
Ti          -2.13667756620987       -3.06816733734349        2.27194701615375
Ti           0.32872844932775       -1.86407572373005        1.40859443357547
Ti           2.20305205324377       -2.98897539872750       -0.63753270394674
Ti          -2.60393934964846       -0.38652635483979        1.23896144460633
Ti           2.17496787102871        0.50188348205728        2.18064901793277
Ti          -0.66127621645351        0.46997041038451        3.43933463559579
Ti          -1.82940679736057       -3.16006677219698       -1.04651878075358
Ti          -0.44399079393364       -0.84309123174985       -2.04375958186515
Ti           2.18946977105541       -1.58049519999565       -3.33920671323138
Ti          -1.90964746604721        1.62045588420798       -1.22818840406344
Ti           2.48313527149204        0.48034809072735       -0.79476176438412
Ti           0.77445889922562        1.85202135918577       -2.88195702242233
C           -3.75599151780389        1.08682157079413        0.42252873938859
C            4.18995491756957        0.46195991076110        0.35581529791308
C            0.43979141167967        2.12103700497293        0.40233010358805
C           -3.75520228796748        1.98185947290200       -0.43666167935671
C            4.15097842373929        0.56843517310818        1.59366068810764
C           -0.74032551901798        2.48380561300570        0.09313002268360
C            1.70034196118974        1.76200891026915        0.67500468788724
O           -3.25252559123949       -2.04458589728968        1.39490780004561
O           -0.39951443185799       -2.86845900368249        2.62301667019732
O            0.51627923495347       -3.04771844610716        0.04392765196157
O           -0.87144347731686       -0.76893236680008        0.88067194831658
O            1.88413477343899       -1.19067909593071        1.55688839999619
O           -2.28872085019909        0.08500709690780        2.86940638633904
O            1.02381413263117        0.73728425772459        3.48561739801424
O           -3.30494992471975       -3.25979238824572       -1.65634029474106
O            0.40094880656652       -1.28734161007129       -3.49296954885941
O            3.08950191313185       -2.06068426592474       -1.84777519455934
O           -1.90849519354509       -0.23487648725034       -1.44073599600920
O            0.87416019499214       -0.44115654484400       -1.01451224145398
O           -0.93880528910774        1.87032762926695       -2.72759782664055
O            2.37719418716243        1.31239825844943       -2.34787459001154
33
 energy: -92.012803640019 gnorm: 0.033500541525 xtb: 6.7.1pre (5071a88)
Ti          -2.15736175273220       -3.01080366904079        2.32318600116776
Ti           0.33059244431804       -1.84545532537765        1.41446763227773
Ti           2.19371517694540       -2.99343730843340       -0.62121609085943
Ti          -2.60622581877963       -0.36710948717534        1.23187952572973
Ti           2.18873861413370        0.49341694286103        2.17499110522785
Ti          -0.63401612767950        0.36988290052925        3.46971715653979
Ti          -1.81202458145172       -3.27745804777040       -1.05493101995788
Ti          -0.44838132355596       -0.80318861369773       -2.05916487470731
Ti           2.18132139078365       -1.58662868626037       -3.32941603588543
Ti          -1.92356756648150        1.64685503336228       -1.24604809649815
Ti           2.48072361544513        0.49237631520695       -0.80150586019226
Ti           0.78094701313358        1.88439782079648       -2.87899660931684
C           -3.76739627844788        1.11506146864253        0.41189515555412
C            4.19683363429264        0.44426100778511        0.34802227195613
C            0.43202138842062        2.12222803956362        0.40530659302310
C           -3.76712716805599        1.99753692354878       -0.44832134222272
C            4.16929672542321        0.56450487028095        1.57956578741723
C           -0.75023260219748        2.48913408536489        0.08684642012236
C            1.69035096134088        1.76300626801658        0.68016137193800
O           -3.25325986834363       -2.02604644389977        1.38017573958162
O           -0.41237341342503       -2.81810357712004        2.64965174304941
O            0.50114794992159       -3.02938493032498        0.04499088248888
O           -0.87039151201751       -0.75127955308341        0.87923606429463
O            1.89089934738580       -1.18227923583088        1.53666675299898
O           -2.27689623858979        0.08437885391930        2.87118496012538
O            1.04796528068348        0.68742316477185        3.49434238942969
O           -3.28617861815876       -3.41512722704391       -1.65361092283238
O            0.39817318867299       -1.26545605086440       -3.50250030321510
O            3.08206156838444       -2.06497154220768       -1.83394735354694
O           -1.91420728469711       -0.20951116437475       -1.44512800614815
O            0.86223916931320       -0.41849033243453       -1.02229552836412
O           -0.93151336328434        1.87663675409582       -2.73850925528042
O            2.38412604929918        1.33363074619036       -2.34669625389082
33
 energy: -92.013207893145 gnorm: 0.045549904851 xtb: 6.7.1pre (5071a88)
Ti          -2.16652102561348       -2.98604853628683        2.34871630355363
Ti           0.33228423810596       -1.83385343715659        1.42028366203001
Ti           2.19608835740183       -2.99736393176804       -0.61844140748772
Ti          -2.60564212315081       -0.35314487860179        1.22817813670136
Ti           2.19306057395982        0.48851567448108        2.17864951280188
Ti          -0.62705750732659        0.34918128230227        3.48310934066619
Ti          -1.74510158623960       -3.15061001837802       -1.16545327507559
Ti          -0.47730046791840       -0.86241267244816       -2.03399461773557
Ti           2.16506570916979       -1.57105517921421       -3.31612365543505
Ti          -1.92374343475814        1.64014566097148       -1.24932089054456
Ti           2.46266938459953        0.48837477507075       -0.80946464261498
Ti           0.78046046338024        1.88873775114051       -2.88393329358779
C           -3.77347623993999        1.12931426075334        0.41088061015707
C            4.18519359325621        0.44494566940816        0.33822228559754
C            0.43118157832017        2.12354502595038        0.40817839137280
C           -3.76764596089389        2.00571129690590       -0.45758944376577
C            4.17123623524630        0.56481600127189        1.57119629803366
C           -0.74918341321488        2.48833562807830        0.07890334640605
C            1.68677837402428        1.76024247189033        0.68590396071074
O           -3.24994865489383       -2.01421068171056        1.37474256270856
O           -0.41839752806806       -2.78945817850696        2.66638587842033
O            0.50970323296475       -3.03253676806469        0.06234515122538
O           -0.86953537163195       -0.74320952274156        0.87593565411834
O            1.89541713755203       -1.17765482331524        1.53111682792402
O           -2.26929468221336        0.07772816197621        2.87644618908965
O            1.05955482437428        0.64431620046300        3.51050185596973
O           -3.25400523909461       -3.50916413195991       -1.65068991172164
O            0.37897264054529       -1.27197040145435       -3.49005125802820
O            3.07753874864571       -2.05963252701364       -1.82990891600063
O           -1.92966441485660       -0.22202135179950       -1.42933219409443
O            0.84678132309023       -0.43808811864178       -1.02875586182920
O           -0.93008437426557        1.87321018885086       -2.74286482827315
O            2.38461560944288        1.34531510954304       -2.34377177128819
33
 energy: -92.015956220331 gnorm: 0.015707381524 xtb: 6.7.1pre (5071a88)
Ti          -2.15669940448235       -3.00293608988472        2.31592000728170
Ti           0.32727114439136       -1.83556422247900        1.41329358005361
Ti           2.19185399786202       -2.99620202347667       -0.62876379161096
Ti          -2.60274725238309       -0.34641507909219        1.22906183501929
Ti           2.18863496349698        0.48490437409796        2.18362200333386
Ti          -0.63856002240450        0.39949505679734        3.47893572299016
Ti          -1.77547986155903       -3.18956294872945       -1.08564454246492
Ti          -0.46444215757442       -0.81566655190013       -2.05945674710187
Ti           2.16781240186245       -1.56321199190529       -3.32509727895966
Ti          -1.91927739301108        1.63295390238304       -1.23890516336604
Ti           2.46827893886100        0.49436523264518       -0.79911365912433
Ti           0.77053295847542        1.83541196414029       -2.89463766295441
C           -3.77251973709826        1.12701319596579        0.42002163398006
C            4.18381602926826        0.46160286356816        0.34255240461291
C            0.43285407464981        2.12176819489428        0.40911852047117
C           -3.76674446934041        2.00696725994065       -0.45849817405840
C            4.16434700514158        0.56601991906545        1.58231157452369
C           -0.74030972549213        2.49004552733937        0.07718100726588
C            1.68806687602062        1.76240615397521        0.69609034245725
O           -3.24473547426909       -2.00955649518722        1.36891174733702
O           -0.41628233836460       -2.79080819874732        2.66149513345615
O            0.51184172035125       -3.04904005255311        0.06900609411333
O           -0.87122321061917       -0.74412594994641        0.86774434058318
O            1.89199826403042       -1.18184779424729        1.52923016197715
O           -2.26826941336966        0.07043717589241        2.88225080507539
O            1.05702678747951        0.62226033792209        3.52242839519753
O           -3.24316806587485       -3.48632463635661       -1.66500484222616
O            0.38432185723388       -1.26092140491514       -3.50768259601077
O            3.07143671644150       -2.05399785713077       -1.83594732020672
O           -1.93137512914817       -0.22617483543321       -1.43941202924943
O            0.86334910722411       -0.43961691539562       -1.04036836174471
O           -0.93726433298242        1.86739806222042       -2.73846515722192
O            2.38565514518264        1.34892382652779       -2.33217798342469
33
 energy: -92.016728159757 gnorm: 0.013328798435 xtb: 6.7.1pre (5071a88)
Ti          -2.15961975568727       -2.98712605079231        2.31507359549986
Ti           0.32698307216690       -1.82701295387937        1.41948556907174
Ti           2.18661854175016       -3.00430750751123       -0.62982671029462
Ti          -2.59725798930204       -0.32964364722401        1.22625233746050
Ti           2.19363053386342        0.47868590847307        2.18548652349396
Ti          -0.63160265039070        0.37026435438937        3.49538913137094
Ti          -1.76377524258460       -3.21330238292273       -1.05948515398052
Ti          -0.47610238264788       -0.81904911201790       -2.06048044236032
Ti           2.16606767668513       -1.57778318696138       -3.33644649266082
Ti          -1.92310937775523        1.63774151253986       -1.25268524848004
Ti           2.46222784715436        0.49576927627990       -0.80431140638185
Ti           0.77645646464317        1.88832811961631       -2.88264793373976
C           -3.76983322865085        1.14296357739582        0.42076000511958
C            4.17847594506117        0.46530558109594        0.33652523148613
C            0.42761096755326        2.11853035967248        0.40924695797739
C           -3.76509012481531        2.01821464978640       -0.46048587325412
C            4.16592557466666        0.56655190930762        1.57592792775876
C           -0.74274223939163        2.48787287853933        0.06664517138946
C            1.68072523675078        1.75476223001106        0.70145412156946
O           -3.23850602430806       -1.99430211034775        1.35329597306834
O           -0.42201007758362       -2.76788291149663        2.67520483866467
O            0.50986408845671       -3.04992954305843        0.08140350081014
O           -0.86518024070661       -0.73074348583742        0.86984826142812
O            1.89648775046366       -1.18254918222484        1.52296416028260
O           -2.26396769384646        0.07264840257746        2.88558521802526
O            1.06624810880824        0.58649974383024        3.53283282290943
O           -3.21163329672848       -3.54904408449438       -1.66359816091836
O            0.38391579627963       -1.25461559541052       -3.50783180334822
O            3.06301016841228       -2.06187452847063       -1.84040656962886
O           -1.94658893918413       -0.22436883064748       -1.45048711251337
O            0.84490633925563       -0.42580304530064       -1.03778060227134
O           -0.93452282991071        1.86238071484679       -2.75200247286606
O            2.38238798152194        1.35281894023168       -2.33490536468358
33
 energy: -92.017543489170 gnorm: 0.024354524148 xtb: 6.7.1pre (5071a88)
Ti          -2.16462764553803       -2.96256744878036        2.31606665893091
Ti           0.32712655421928       -1.81040894896554        1.42394205765868
Ti           2.17504057801653       -2.99878771746370       -0.62929273240094
Ti          -2.58926639233319       -0.30467641744425        1.21927240605815
Ti           2.19953281626231        0.46846866675172        2.18524881086689
Ti          -0.62405352994782        0.32960574731718        3.51625937689315
Ti          -1.73756809199839       -3.21231899930859       -1.05224957923601
Ti          -0.48889232530116       -0.81624337437746       -2.06737809235286
Ti           2.15611084632058       -1.56599092197821       -3.33913310121477
Ti          -1.92870132299778        1.64034077794072       -1.26337384621809
Ti           2.45296812591501        0.49342553863091       -0.79791537353234
Ti           0.77438581677149        1.88511597533994       -2.88435640693415
C           -3.76868880343886        1.16704770856439        0.42414712146765
C            4.17446828507210        0.47452528865714        0.33399659251484
C            0.41967112157507        2.11707503073914        0.41222236444027
C           -3.76485623790489        2.03395121779769       -0.46236079199671
C            4.16989084877467        0.56814155001664        1.57266349527666
C           -0.74551583413411        2.48908463766535        0.05220506690945
C            1.66910427060618        1.74962340190701        0.71465234628199
O           -3.22779481076589       -1.97262484740817        1.32690432537365
O           -0.42921543908876       -2.73254091876596        2.68992662976625
O            0.50385531887035       -3.04917319828208        0.09828146949964
O           -0.85686758334408       -0.70855722461505        0.86878771919148
O            1.90509336166791       -1.18351663140972        1.50661969055481
O           -2.25933018331824        0.07519151101318        2.88817724869531
O            1.07818895964211        0.52813460263290        3.54587359256561
O           -3.16542021343096       -3.64746754160510       -1.66004268308587
O            0.37552158627104       -1.24170856976406       -3.51708294727518
O            3.04898698482276       -2.05757585056425       -1.84259709078564
O           -1.96145189614073       -0.22712479412172       -1.45005200608869
O            0.83810363576965       -0.43745604490971       -1.04529361735865
O           -0.93649076147362        1.84722501444864       -2.76532010345712
O            2.38069196057903        1.36178278033696       -2.31879860100384
33
 energy: -92.018493917268 gnorm: 0.016508301366 xtb: 6.7.1pre (5071a88)
Ti          -2.16727955735819       -2.94080690040416        2.30701616225575
Ti           0.33180304943719       -1.79075661544715        1.43495052610335
Ti           2.16808330396804       -2.99988942030694       -0.63764109615964
Ti          -2.57197591107317       -0.27451077362230        1.21064357706659
Ti           2.20378722113583        0.45694878285347        2.19542162461208
Ti          -0.62527669987933        0.30243181817417        3.54020230659734
Ti          -1.71587448483378       -3.21081053437738       -1.06800679436759
Ti          -0.51038676160159       -0.82723873797771       -2.07036793249944
Ti           2.14156106863201       -1.54181900359633       -3.34409704746044
Ti          -1.93358849820161        1.63827585529096       -1.27603550434192
Ti           2.44289304445335        0.48673769444750       -0.79320631366181
Ti           0.77038377222819        1.87553964671600       -2.88875779425825
C           -3.76063788759398        1.19622400990084        0.43316820478241
C            4.16622284830742        0.49129023241323        0.33466922825611
C            0.41142667683593        2.11044459693796        0.41467569322880
C           -3.76074056281974        2.05206159023040       -0.46328802574108
C            4.16958625271576        0.57817687748930        1.57343078984414
C           -0.74355898286743        2.48962358248460        0.02792824987463
C            1.65362259809744        1.73363774121194        0.73411425679714
O           -3.20742181019539       -1.94672688135961        1.28664065631377
O           -0.43590601582126       -2.69688287193223        2.70516817948824
O            0.51059711217208       -3.05242958648928        0.13024562835630
O           -0.83920483087811       -0.68036044935008        0.87180114750286
O            1.92063479855103       -1.18716109731007        1.49601570462259
O           -2.25741664504214        0.08068676040332        2.89078507974450
O            1.08447724999582        0.45703373707490        3.56586481126706
O           -3.11941381881036       -3.71975519414429       -1.65258141826361
O            0.36100345883721       -1.22876930139896       -3.52649333955420
O            3.03248092464874       -2.05365344237627       -1.85257673449985
O           -1.98294798627921       -0.23936920472029       -1.44073969413758
O            0.82638114554019       -0.44954184634122       -1.05608879324295
O           -0.94106543906949        1.81742556071884       -2.78491931188985
O            2.37775136676813        1.37394337480228       -2.29794202663088
33
 energy: -92.019122216489 gnorm: 0.021881531973 xtb: 6.7.1pre (5071a88)
Ti          -2.16801601589336       -2.92694559816973        2.29686401261516
Ti           0.33886679469113       -1.77813754834263        1.44588070850391
Ti           2.15942956126993       -3.00285707228977       -0.64798967835294
Ti          -2.55246236403677       -0.24808893091299        1.21051567718470
Ti           2.20450221594304        0.44605961972382        2.20762467912560
Ti          -0.63116358215587        0.28764287682931        3.56468110796383
Ti          -1.71196434514919       -3.20077798834511       -1.06761265395118
Ti          -0.52556203605334       -0.81852577816962       -2.08165314723218
Ti           2.12926254972103       -1.53236931137586       -3.35879337617884
Ti          -1.93893929898653        1.64101776241003       -1.29037756431808
Ti           2.43826180897276        0.48612852177253       -0.78464487253936
Ti           0.76766612519112        1.86625161123934       -2.89129342504661
C           -3.74787319364544        1.22389959246518        0.44501545543851
C            4.16239234667759        0.50511170798119        0.34089509006401
C            0.40266444877141        2.10412736026103        0.41450004006141
C           -3.75690323334071        2.06723999577988       -0.46629212379461
C            4.16823747777131        0.59413810796817        1.58012375263146
C           -0.73883445795019        2.49493880619681       -0.00049621827457
C            1.63550739744139        1.71901964917532        0.75546486390486
O           -3.18422015888672       -1.92408374984402        1.25143337177914
O           -0.43942065051536       -2.67658085341226        2.71386705003943
O            0.51217057182436       -3.05021701354059        0.15226329311485
O           -0.81925386774757       -0.65442942768781        0.88600275652156
O            1.93794277575415       -1.19491315304931        1.48769115686731
O           -2.25823439916229        0.08906494105725        2.89829158093355
O            1.08479537529829        0.39705926292606        3.58141824473817
O           -3.07909677181487       -3.81752224800100       -1.65326736555485
O            0.34993213686409       -1.21630470843837       -3.54007120191032
O            3.01468386691598       -2.05419839321517       -1.86618397006542
O           -2.00029185887041       -0.24679752466115       -1.43247873906068
O            0.81565128470353       -0.44527178507073       -1.06795391067990
O           -0.94564154312193        1.78003229397113       -2.80733437105755
O            2.37591103951906        1.38628897476425       -2.27609022346581
33
 energy: -92.019768343502 gnorm: 0.013591011834 xtb: 6.7.1pre (5071a88)
Ti          -2.16289495357563       -2.92094644260873        2.27552761541132
Ti           0.35021316499206       -1.76959337772734        1.45114420576899
Ti           2.14319471825082       -2.99809142117648       -0.66312976406827
Ti          -2.52486369269421       -0.22222629229569        1.21526627955329
Ti           2.19870083272398        0.43591664156389        2.21924543642840
Ti          -0.64468769946537        0.27856021965937        3.58988737199891
Ti          -1.71934169769574       -3.21510826475187       -1.06521012198515
Ti          -0.54267480729041       -0.81948851689339       -2.08688675094482
Ti           2.11194534418926       -1.51946822845951       -3.37625048652837
Ti          -1.94084675968644        1.64470769767276       -1.30669101813988
Ti           2.43190443592553        0.47936219844719       -0.76699224379325
Ti           0.76950649818100        1.86369044188936       -2.88839582421965
C           -3.72413372721015        1.25390251973104        0.45977297166048
C            4.15902829328002        0.52238666415475        0.35487894678550
C            0.39347621803344        2.10506758739644        0.41225231733158
C           -3.74674330270350        2.08331738326895       -0.46800119026720
C            4.16225520185659        0.62133510594385        1.59444883599148
C           -0.72883639252896        2.51001127338446       -0.03957861042543
C            1.61187646218861        1.70491755415582        0.77894016069382
O           -3.15218783264419       -1.90130158937492        1.21179382496592
O           -0.43731481213019       -2.67026841784441        2.70950405927547
O            0.50319920348616       -3.03928084791707        0.16118026492043
O           -0.79222392175773       -0.62470247737442        0.90837453853467
O            1.96104028728071       -1.20805216538610        1.47330918821410
O           -2.26481836474521        0.10452767120442        2.90642473585619
O            1.07447122407389        0.34489038901799        3.58636734021680
O           -3.03431488371711       -3.88283806064278       -1.64953598908549
O            0.33256305709262       -1.21082880044951       -3.55166075527598
O            2.99326175523301       -2.05225973838560       -1.88360304993354
O           -2.01256255623639       -0.25885234429474       -1.40548424481839
O            0.80756103311292       -0.45642872992733       -1.07581446810843
O           -0.94847003988881        1.72287155003383       -2.83665669467213
O            2.37271771406912        1.39427081798073       -2.24442688133684
33
 energy: -92.020370052850 gnorm: 0.016642196543 xtb: 6.7.1pre (5071a88)
Ti          -2.15789582254158       -2.90938294989728        2.27173470725996
Ti           0.36067924422699       -1.76585193666275        1.45037281499268
Ti           2.13163631645229       -3.00633513432642       -0.67699096519440
Ti          -2.50715419396665       -0.20888434599111        1.21942876332062
Ti           2.19254413951712        0.43464564270714        2.22701291203138
Ti          -0.65107981418078        0.25371015034698        3.60954833743965
Ti          -1.74410859006576       -3.21417312039720       -1.06737611787129
Ti          -0.55371453043996       -0.81245709648878       -2.08801727987025
Ti           2.09905422000804       -1.50869177933154       -3.37991894052565
Ti          -1.93911383583120        1.65463386952626       -1.31477809112602
Ti           2.42897492779557        0.47616792072542       -0.75853200637906
Ti           0.77455385825655        1.86394998602390       -2.89104578157310
C           -3.70791526641339        1.27313495490197        0.46274372499974
C            4.15686047244586        0.53115535407098        0.36818575248340
C            0.39172034833287        2.11579853182971        0.40976135636954
C           -3.73693315238140        2.09781901929972       -0.46588673918771
C            4.15688743369885        0.64372655323645        1.60645665912817
C           -0.71717333346779        2.53119991221322       -0.06677008132464
C            1.59839426884409        1.69990834937694        0.78987948221112
O           -3.13135085155117       -1.88801690377267        1.19252344358888
O           -0.43320161469724       -2.66530622322535        2.70697992869828
O            0.49338722459206       -3.02611843021834        0.15580713138820
O           -0.77439990246800       -0.60629080814205        0.92412393946797
O            1.97658500801689       -1.21268764508280        1.46386241235101
O           -2.27004369364986        0.11374085656422        2.91127312766726
O            1.06485107999127        0.31859735528402        3.58493070619693
O           -3.01395894002404       -3.99896248053994       -1.66272571800916
O            0.31965842726009       -1.20867416917716       -3.55467004647886
O            2.98294536396460       -2.05623584331185       -1.89093541894602
O           -2.01634058444045       -0.25863201353454       -1.38148495879674
O            0.79671714580384       -0.45240861391088       -1.07660315816108
O           -0.94522458878579        1.68480094321506       -2.85409988215751
O            2.37415923569782        1.40612009468340       -2.22479001398872
33
 energy: -92.020826962507 gnorm: 0.013450837289 xtb: 6.7.1pre (5071a88)
Ti          -2.14773633120462       -2.91972248402572        2.26439448575664
Ti           0.36436271869934       -1.77557278659651        1.44074535228966
Ti           2.12432442558544       -3.02107898147171       -0.69080572496036
Ti          -2.50637501233772       -0.21743760960854        1.23007356615338
Ti           2.18272449413116        0.44408620220990        2.22866991167213
Ti          -0.65826466763468        0.25521713540428        3.60954971129371
Ti          -1.76396582815551       -3.20730046435429       -1.07385396976981
Ti          -0.55464326807391       -0.81597125911019       -2.08320774525759
Ti           2.09857984323996       -1.51136478277314       -3.37826043241340
Ti          -1.93005122221249        1.65973885389220       -1.30795672574958
Ti           2.43024956496427        0.47852493340151       -0.75713050388310
Ti           0.77889695090840        1.85090214163313       -2.90153914205682
C           -3.69901057394269        1.26952017466549        0.46043711725893
C            4.15414099908132        0.53555635078825        0.38074912424308
C            0.39791336466129        2.13170686107843        0.40426605882168
C           -3.72779875191369        2.09961755140028       -0.46009261791311
C            4.14766060763588        0.65462264921200        1.61840468518625
C           -0.70505337604676        2.55315277384959       -0.07505658679217
C            1.59986371590510        1.70857088085737        0.78539292119936
O           -3.12723068630199       -1.89579309080127        1.20279286676807
O           -0.42518110446726       -2.68380651103179        2.69618841462179
O            0.48190830452036       -3.01962299419798        0.13338075713357
O           -0.77329069123580       -0.60691438560753        0.93760655982564
O            1.97604067721231       -1.21212252783822        1.46657254509289
O           -2.27696467598090        0.11041989426418        2.91758414023098
O            1.05199927633943        0.33437836498294        3.57553592970373
O           -3.01589109039621       -4.01368163947444       -1.66528785578429
O            0.31843162093130       -1.22036792546750       -3.54743563611475
O            2.98595011079083       -2.06311282343686       -1.89001073952639
O           -2.00984243036884       -0.25401045670919       -1.37468242037035
O            0.78872338609427       -0.43488895586297       -1.07307651752804
O           -0.93857960056458        1.67435017621936       -2.85157379952870
O            2.37810925013671        1.41240473450345       -2.22237372959856
33
 energy: -92.021314429747 gnorm: 0.013844585144 xtb: 6.7.1pre (5071a88)
Ti          -2.13469393830465       -2.92348056578568        2.25314584610300
Ti           0.36669086415183       -1.77761803242719        1.42491843446327
Ti           2.10769125915586       -3.02184234051526       -0.70207025424694
Ti          -2.50311033312453       -0.21501834545836        1.24433792699834
Ti           2.17186146779579        0.45135491542716        2.22913209776017
Ti          -0.66434786480677        0.24069779339194        3.62383920338037
Ti          -1.78481042934018       -3.20568611270114       -1.08210984883384
Ti          -0.56145791376515       -0.82612681954746       -2.07700892990497
Ti           2.08867826882667       -1.51570828722651       -3.38144886787390
Ti          -1.91753829667710        1.66490812890234       -1.30661488521701
Ti           2.42486804893240        0.48359841812340       -0.74908092109785
Ti           0.79016624707979        1.85478139219624       -2.90607639286843
C           -3.68309403644110        1.28011577387510        0.46441161091083
C            4.14708903242334        0.54839259476723        0.39675605796576
C            0.40122961440731        2.15708333280132        0.39447674884788
C           -3.71461904059590        2.10858429131863       -0.45854416051909
C            4.13715041740559        0.66819993561002        1.63412241131936
C           -0.68960035714432        2.59228891176077       -0.10271773942750
C            1.59482258666325        1.72198567665102        0.78800625323512
O           -3.11491901341695       -1.89704177377477        1.20142493326826
O           -0.41696872713410       -2.68933469653074        2.68718407946214
O            0.46120703814150       -3.01255594366732        0.11173547504124
O           -0.77037560106762       -0.59258262159255        0.95193969095282
O            1.97742293860544       -1.21045578035586        1.45316340242601
O           -2.28401324498250        0.10296670641479        2.93325497563417
O            1.04365382522533        0.31457846635611        3.57416430017181
O           -2.99853508816018       -4.07547972150901       -1.66318782919548
O            0.30873219452019       -1.23666153715816       -3.54169060653811
O            2.97996628577402       -2.06047262982986       -1.88874249942104
O           -2.00484327549854       -0.25398041233061       -1.35806670452255
O            0.78484332831974       -0.43632643021094       -1.07467880414929
O           -0.92621689755411        1.64574424402095       -2.85793490833951
O            2.38307064058539        1.41509146899871       -2.21604009578059
33
 energy: -92.021721254153 gnorm: 0.009199664800 xtb: 6.7.1pre (5071a88)
Ti          -2.12601366366729       -2.92570539131757        2.24530709705641
Ti           0.36474064574111       -1.77254860160929        1.40910455916014
Ti           2.09486776864944       -3.02271401023609       -0.71147669976966
Ti          -2.50276947157105       -0.21322855755335        1.25300572657462
Ti           2.16178293470548        0.46019134104864        2.22854022635338
Ti          -0.66659398396049        0.20353943749776        3.64470943395057
Ti          -1.80208787391512       -3.20564687022627       -1.09076952658623
Ti          -0.56807438648920       -0.82707100108595       -2.07117391864751
Ti           2.07878988874013       -1.51907981745655       -3.38490994833468
Ti          -1.90496270474145        1.66765790754610       -1.30567452638769
Ti           2.42305108201719        0.49095768044981       -0.74292934068213
Ti           0.80047980142418        1.84525173273100       -2.91690421175159
C           -3.66724387497889        1.29224248940915        0.47050710650428
C            4.14107865391222        0.56108920604085        0.41274150675934
C            0.40221648222054        2.18334791185889        0.38196410988708
C           -3.70137576306241        2.11894154199689       -0.45459602075162
C            4.12874824130778        0.67957629308067        1.64960444414806
C           -0.67659163361154        2.63371148630700       -0.13243456688237
C            1.58798770382802        1.73557993690461        0.78787007303028
O           -3.10589924761365       -1.90094694227013        1.19430904233448
O           -0.41306209561220       -2.68773883671531        2.67997715207389
O            0.44525829786368       -3.00598970687505        0.09640332115874
O           -0.76851217437425       -0.57082747832316        0.95831396407073
O            1.97420018789133       -1.20463222919540        1.43816554788850
O           -2.29175749229937        0.08914163704594        2.94744641879730
O            1.03940298600678        0.28563787796195        3.57754663912032
O           -2.97689614752811       -4.12997877362106       -1.65025800344484
O            0.29911983283011       -1.25403799078958       -3.53344122573309
O            2.97600186509899       -2.05763759167183       -1.88679284808840
O           -2.00406150924111       -0.25525963783520       -1.34413117575293
O            0.78001509393083       -0.42908907499959       -1.07334505002041
O           -0.91271172186729        1.61819148304451       -2.86346912038715
O            2.39087227836536        1.41707454885163       -2.21321018564339
33
 energy: -92.022015286487 gnorm: 0.016850941070 xtb: 6.7.1pre (5071a88)
Ti          -2.11900692148399       -2.93312302070427        2.23339377632429
Ti           0.36072948817898       -1.76121072242716        1.40175520231658
Ti           2.08080117264297       -3.02316980550919       -0.72564080570825
Ti          -2.50010996171246       -0.20840943489192        1.26653440576013
Ti           2.14844509066077        0.46860620835139        2.23277074082897
Ti          -0.67429091460781        0.17016339971792        3.67096656125058
Ti          -1.82893086201021       -3.19247278788207       -1.09661933683441
Ti          -0.57919116183191       -0.82858987045883       -2.07172270423810
Ti           2.06561261817148       -1.51651000159454       -3.39346612104073
Ti          -1.88959529497847        1.67375209441653       -1.30790149875043
Ti           2.42351310673600        0.49613118865716       -0.74167254336026
Ti           0.81307148763942        1.83621955497723       -2.93197998670131
C           -3.64340825034441        1.31017648742131        0.48438127257984
C            4.13230850401934        0.58020469259556        0.43039007462031
C            0.40405278723213        2.20933404747469        0.36644648327950
C           -3.68258980215355        2.13183737046253       -0.44623300638370
C            4.11709377648434        0.69720262368407        1.66774895289432
C           -0.65799007089769        2.67688580191928       -0.16906279939888
C            1.57800804049643        1.74324857846560        0.78787891460334
O           -3.09217179893848       -1.90484882701242        1.17683521216392
O           -0.41205579325332       -2.68706160257306        2.67434984747161
O            0.43193558726230       -2.99315906014163        0.09085985703138
O           -0.76261181713688       -0.53667339051662        0.97442112019451
O            1.97075114243878       -1.19975901654639        1.42685084098907
O           -2.30223389641665        0.06630867650494        2.97078835577765
O            1.03353563024818        0.24220447887982        3.58657478467052
O           -2.94343428055513       -4.21475675909089       -1.63445678571208
O            0.28631407254219       -1.27318134381993       -3.53100039490307
O            2.96855190676420       -2.05225952260707       -1.88805903297669
O           -2.00823022636288       -0.25576372374779       -1.33620861964972
O            0.77687412680623       -0.42573431013258       -1.08160329662098
O           -0.89709012853420        1.58345701973360       -2.87527298361784
O            2.40134264289410        1.42095097638841       -2.21204648685571
33
 energy: -92.022211244766 gnorm: 0.010821062537 xtb: 6.7.1pre (5071a88)
Ti          -2.12062474520196       -2.94832321110237        2.23443334557385
Ti           0.34750130320654       -1.75175318955976        1.39921386455485
Ti           2.08306848225692       -3.01258044715267       -0.72137101704015
Ti          -2.51247101146928       -0.22218370898307        1.27293106720051
Ti           2.13951871821639        0.47887035234488        2.22730664042811
Ti          -0.67529784141799        0.15344826648891        3.67458630656266
Ti          -1.84948742559163       -3.18184271328018       -1.09987108853035
Ti          -0.57802937980566       -0.82885139724095       -2.06997405011859
Ti           2.06317148369773       -1.52250847408781       -3.39704684663371
Ti          -1.87737929513958        1.67736783212047       -1.30395615939055
Ti           2.43048697125387        0.50002072636046       -0.74893230609740
Ti           0.82311227958033        1.83285442556417       -2.94180730716232
C           -3.63346963198146        1.30768878581681        0.49510031493142
C            4.13006959996304        0.58453213706145        0.43511111716148
C            0.40974922250119        2.22383616262279        0.35240839155170
C           -3.67161153307446        2.13072014591377       -0.43410797670815
C            4.11233828495389        0.69708416690284        1.67313517901687
C           -0.64919896397300        2.69521991581453       -0.17704070325092
C            1.58127656623671        1.75455591061666        0.77341639191946
O           -3.10054299207498       -1.92360189595738        1.17762982837935
O           -0.41599142040870       -2.69213995296735        2.67072929833045
O            0.43086142863392       -2.98435584064940        0.09055952502747
O           -0.77201411282150       -0.52185415276748        0.97191102887418
O            1.95308931582551       -1.19032048213678        1.42573103433070
O           -2.30800801171023        0.03113560279053        2.98502567765354
O            1.03456948432307        0.23850683079653        3.58841690042509
O           -2.93809904336168       -4.21542026208359       -1.61691293162009
O            0.28449067136444       -1.29039909610652       -3.52526264776488
O            2.97333140875747       -2.04375647176710       -1.88189298070822
O           -2.00637631775207       -0.25078756391754       -1.34516125429192
O            0.78384433131984       -0.42506801644642       -1.08310695189084
O           -0.88380717401627        1.58836519958402       -2.87157792177451
O            2.41192934770935        1.41154041540117       -2.22962376893472
33
 energy: -92.022475001573 gnorm: 0.008535551734 xtb: 6.7.1pre (5071a88)
Ti          -2.12105892396170       -2.94754979523865        2.22815218533451
Ti           0.34636841200425       -1.74410121889363        1.40105019215238
Ti           2.07894340874265       -3.00937464871796       -0.72167628535088
Ti          -2.50648257224702       -0.21989144805797        1.27294398102798
Ti           2.13586053933176        0.47720507086199        2.22746002765496
Ti          -0.67701989190058        0.13860651231845        3.68193084573634
Ti          -1.85516016596987       -3.18117568368071       -1.10389183839766
Ti          -0.58521198876981       -0.82424305855915       -2.06790940749102
Ti           2.05672401117333       -1.52102167387077       -3.40268473432787
Ti          -1.87707960339803        1.68410370754015       -1.30905204869349
Ti           2.43104954996938        0.49681791509344       -0.74410574063120
Ti           0.82580182858450        1.82360878475374       -2.94602921694513
C           -3.62460658861835        1.31563890272415        0.50467173422167
C            4.13047192011961        0.58617813874423        0.43928164172540
C            0.41134993844136        2.22809917798360        0.34658875341915
C           -3.66550259060954        2.13548347215844       -0.42605730061171
C            4.11076907592765        0.70399921223350        1.67672008204425
C           -0.64196631007469        2.70479539576093       -0.19416421437100
C            1.57675308180999        1.75313342266909        0.77709783532408
O           -3.09475502525991       -1.92120228620578        1.16088508452376
O           -0.41890576060268       -2.68484058608355        2.67064175168180
O            0.42589144557193       -2.97575424302167        0.09391145674474
O           -0.76704199298218       -0.50954246078680        0.97084382335394
O            1.95448593900619       -1.19106280666603        1.42099016549677
O           -2.30935939529936        0.01768583335169        2.98991883483382
O            1.03323786888156        0.22813393637947        3.58668265299229
O           -2.91485565612284       -4.26333011988324       -1.60808320320668
O            0.27919037436707       -1.28402459869002       -3.52477858221647
O            2.96878428973904       -2.04351894496578       -1.88363748338676
O           -2.01411739847030       -0.24933946937921       -1.33850438181582
O            0.77352856752649       -0.41392129544386       -1.07742924035451
O           -0.88170823885905        1.57773242441720       -2.87983045705898
O            2.41562185194894        1.41267243114817       -2.22193691340431
33
 energy: -92.022712336672 gnorm: 0.010692128464 xtb: 6.7.1pre (5071a88)
Ti          -2.12324390674207       -2.95212248770404        2.21956017259707
Ti           0.34432364427086       -1.73896801253048        1.40929541586943
Ti           2.07404331563698       -3.00914474593823       -0.72171181463126
Ti          -2.50265450269494       -0.22245142424265        1.27352761247118
Ti           2.13360962562912        0.47631848500307        2.22997534543900
Ti          -0.67885512509435        0.13480206306668        3.68417161553151
Ti          -1.85846547447802       -3.18051358538898       -1.10523526778727
Ti          -0.58999907336635       -0.82161050852898       -2.06989272899989
Ti           2.05075617065289       -1.51440674086526       -3.40393856224384
Ti          -1.87789627389746        1.69110194068847       -1.31402931608857
Ti           2.43286245693543        0.49265917897274       -0.74598335723366
Ti           0.82745634952069        1.82294805788427       -2.94746975011375
C           -3.61911984106597        1.31915265104262        0.51765119012569
C            4.13120678245236        0.58186827443761        0.43840121024574
C            0.41751984120407        2.23182178678831        0.34350280603345
C           -3.65960752521080        2.13608930866249       -0.41469290316954
C            4.10912655705865        0.70374368322482        1.67546234444767
C           -0.63442234847318        2.70687272107782       -0.20592765749792
C            1.57725936657110        1.74872138298883        0.77952856390719
O           -3.09336469970960       -1.92061462765215        1.14703481427428
O           -0.42424160070918       -2.68005129675163        2.67292577943700
O            0.41976420245028       -2.96547836509732        0.09897213918541
O           -0.76607308554769       -0.50509369828252        0.97174119676704
O            1.95416210766239       -1.19194108885360        1.42785343475658
O           -2.30928021852493       -0.00017844235388        2.99370263476587
O            1.03093996135841        0.23959315927742        3.58284724763617
O           -2.88946772840587       -4.29959728988384       -1.60054497299000
O            0.27459534205417       -1.27456566495562       -3.53009831805088
O            2.96356047212871       -2.04087826032721       -1.88056240050397
O           -2.01998649139804       -0.24701030209339       -1.33655402848305
O            0.76923928106608       -0.40888089325459       -1.08001861555472
O           -0.88272186048729        1.57708491822856       -2.88725423621287
O            2.41897427915332        1.41072982335406       -2.22223959392475
33
 energy: -92.023011414906 gnorm: 0.012820677435 xtb: 6.7.1pre (5071a88)
Ti          -2.12642431838878       -2.96368271612719        2.20785940949306
Ti           0.33887839008673       -1.73307991763121        1.41682207942176
Ti           2.07091901093907       -3.00327794529022       -0.71356207697983
Ti          -2.50278243267863       -0.23344189388420        1.27455278657947
Ti           2.13116180639381        0.48034519351678        2.22547219016082
Ti          -0.68012178120292        0.14259004407507        3.67878594070881
Ti          -1.86481844565703       -3.17318884785583       -1.11247913186172
Ti          -0.59259770655965       -0.81634941579736       -2.07070279682568
Ti           2.04597953149409       -1.51200547497475       -3.40488012372887
Ti          -1.87812476189921        1.70029105056933       -1.31592593038564
Ti           2.43389631922165        0.48572782854951       -0.74552324815848
Ti           0.82916437849036        1.82269502907716       -2.94680421736267
C           -3.61655754709907        1.31768260292703        0.53920386830668
C            4.13408574726294        0.56812139633723        0.43397745334130
C            0.42814651027643        2.23556011124760        0.33675440597229
C           -3.65143878012198        2.13253135164050       -0.39440947252487
C            4.10898820483752        0.69229286452176        1.67065075540476
C           -0.62590409372910        2.70472807524211       -0.21104490116547
C            1.58369717832804        1.75327890399522        0.77643192340974
O           -3.09795707356076       -1.92487498948479        1.13476597708751
O           -0.43167002830296       -2.67324403704657        2.67412519636571
O            0.41124204099192       -2.95465585382834        0.10407779883085
O           -0.77202485103918       -0.50532443320646        0.96668155159566
O            1.94865099306792       -1.18863220044556        1.43765327459670
O           -2.30733031329311       -0.03408050742295        2.99827090061226
O            1.02997092878062        0.27221137589053        3.57389715625325
O           -2.85416800309260       -4.33696919624149       -1.59426677270380
O            0.27241034976947       -1.26137875446698       -3.53515367378987
O            2.95968708649393       -2.03548974257904       -1.87111311986335
O           -2.02684452717929       -0.24159208465643       -1.34051830984701
O            0.76427841204257       -0.40508694904219       -1.07686226465399
O           -0.88521019792709        1.58905312041641       -2.89121964332293
O            2.42281797325406        1.39924601196872       -2.22551698496210
33
 energy: -92.023299172897 gnorm: 0.011591111108 xtb: 6.7.1pre (5071a88)
Ti          -2.12991420802719       -2.97588742961264        2.19743255248370
Ti           0.33140064259125       -1.72832491132436        1.41964953422167
Ti           2.06782334333803       -2.99938123617703       -0.70489527901683
Ti          -2.50761527566589       -0.24528779091675        1.27744146945326
Ti           2.13080857508684        0.48638580489005        2.22490218673551
Ti          -0.68050304496821        0.14636869507424        3.67770235567035
Ti          -1.87012609748414       -3.16677787623120       -1.12115971744368
Ti          -0.59429891985089       -0.81109062812280       -2.07169262884714
Ti           2.04130331055934       -1.51123602610445       -3.40355607452445
Ti          -1.87629137812417        1.70791147424606       -1.31356172139374
Ti           2.43477329597744        0.48085625212872       -0.75124312497769
Ti           0.82976072783022        1.82512619737014       -2.94938978462006
C           -3.61848684882723        1.31428181227436        0.56010847753152
C            4.13476639735877        0.55442034318094        0.42804194548369
C            0.44064187551396        2.24391846585678        0.32960315048692
C           -3.64263092200745        2.12921836045976       -0.37325783148720
C            4.10915301042998        0.67875339754383        1.66462867127493
C           -0.61648170927631        2.71052798860312       -0.21586068169727
C            1.59359222549435        1.75699065696540        0.77152719590775
O           -3.10430323431738       -1.93140356477052        1.12444208506125
O           -0.43946260531511       -2.66512283177497        2.67510189361958
O            0.40214347370199       -2.94848754259050        0.10710831248476
O           -0.78194684478641       -0.50408798777620        0.96268052848295
O            1.93954688434432       -1.18227612869621        1.44893953017849
O           -2.30659836170218       -0.06951787517219        3.00470255414316
O            1.02929426198336        0.30654274844304        3.57284156598267
O           -2.81175781102659       -4.36954412525741       -1.59246472355217
O            0.27027809844147       -1.25357332268905       -3.53898317831565
O            2.95635006899131       -2.03015259569060       -1.85866318005406
O           -2.03187700212310       -0.23586839709178       -1.34689228117877
O            0.76266074478092       -0.40448814632119       -1.07756400724184
O           -0.88795595100129        1.60297947697567       -2.89188555392254
O            2.42595327807973        1.38822674230108       -2.23578424092472
33
 energy: -92.023623002475 gnorm: 0.016536282860 xtb: 6.7.1pre (5071a88)
Ti          -2.13140227449087       -2.99462162786084        2.18073574843547
Ti           0.31959354680265       -1.72091723910424        1.41554905832470
Ti           2.06129480617422       -2.99602580624534       -0.69788732227208
Ti          -2.51579622124439       -0.25994829644518        1.28626996351570
Ti           2.12702097912776        0.50017409419541        2.21940804381529
Ti          -0.68259777141205        0.14401515720101        3.68009234234314
Ti          -1.88962923092047       -3.15126549083005       -1.13892671739353
Ti          -0.59822698599860       -0.80282827594115       -2.06931532539141
Ti           2.03257339598861       -1.51467770529503       -3.40474421317274
Ti          -1.86765006873044        1.71827544284400       -1.30409391359238
Ti           2.43490101643003        0.47601710665685       -0.75459164026924
Ti           0.83352068363861        1.82456418445043       -2.95603957510022
C           -3.61878061399201        1.31201751676230        0.58933697327259
C            4.13450840758025        0.54047703419953        0.42568474769901
C            0.45505307253209        2.26201153957385        0.31538679938489
C           -3.62559767514949        2.12888720999589       -0.34293168849801
C            4.10812069542565        0.66447147409518        1.66221101008076
C           -0.60241599166108        2.73216623782458       -0.22260943097300
C            1.60482674353002        1.77120656911388        0.75909802655184
O           -3.10760667123744       -1.94322307695377        1.10655368239910
O           -0.44769483189295       -2.65663295992270        2.67196135641158
O            0.38772407220651       -2.94042734843545        0.10649177221777
O           -0.79435381751031       -0.49023750366355        0.96349483705485
O            1.92507985962300       -1.17174972502788        1.45834168002259
O           -2.31054522144948       -0.11725563953130        3.01789164182346
O            1.02554653585879        0.34611982348603        3.57261262349447
O           -2.74156088743775       -4.43268864186296       -1.59533016293813
O            0.26517675871294       -1.25166827637617       -3.53860294518265
O            2.95169731721891       -2.02559234561049       -1.84367094514412
O           -2.03668575928589       -0.22843445570001       -1.34941678064652
O            0.75982866740402       -0.40410842632452       -1.07580616867213
O           -0.88689805637080        1.61019640687164       -2.89021631816606
O            2.43097552052971        1.37170304385320       -2.24693715943066
33
 energy: -92.023885804941 gnorm: 0.014874365694 xtb: 6.7.1pre (5071a88)
Ti          -2.13773876583647       -3.01084055563671        2.16652495436906
Ti           0.30783827937539       -1.72237216177538        1.41069238507006
Ti           2.06297050374323       -2.99808019814512       -0.68346828429936
Ti          -2.52875021310557       -0.27459190475079        1.28968525622956
Ti           2.13606710489150        0.50958998290765        2.21245041188517
Ti          -0.67966049414163        0.17046860576881        3.66724402911318
Ti          -1.89145683624968       -3.14066015988507       -1.15794099262552
Ti          -0.59606889612614       -0.79044212257687       -2.06492441203953
Ti           2.03169671635510       -1.52207472050042       -3.40010104061897
Ti          -1.86831641408217        1.72177028795253       -1.28357702238178
Ti           2.43271192003267        0.46622227246532       -0.76197716216048
Ti           0.82488060141069        1.82883422844999       -2.95451930135131
C           -3.64567672875224        1.29460830544348        0.61163413597015
C            4.13883342514750        0.51089645904056        0.40788977002680
C            0.46835492110881        2.26341082383170        0.31297227579032
C           -3.62063570207875        2.12037619245003       -0.31450141786761
C            4.11736014781157        0.63447788546827        1.64440565923516
C           -0.60345389199814        2.73131757381484       -0.19653203694210
C            1.62728886292635        1.77919173825517        0.74214445515356
O           -3.11572013802398       -1.95235054906450        1.09184768225215
O           -0.45756364099943       -2.64643382022015        2.67131237572612
O            0.38190557511525       -2.94703011683108        0.10988286787036
O           -0.81197162187832       -0.49073239601466        0.95871838616530
O            1.91052296805037       -1.16380415214597        1.47863040592475
O           -2.30995588053228       -0.14555259345954        3.01626799644472
O            1.02413582659252        0.42582426482972        3.57707268027650
O           -2.66183148869701       -4.44217400420482       -1.62539221405471
O            0.26860471155604       -1.23649865759557       -3.53790192259891
O            2.95072350058465       -2.03079394524801       -1.82774464513383
O           -2.03938593246584       -0.22232963282816       -1.35588351863991
O            0.75882278970852       -0.40869659084422       -1.06943926606818
O           -0.90016793695541        1.63689938838571       -2.87493276274745
O            2.42563672751265        1.35157027265634       -2.26053972796901
33
 energy: -92.024257703377 gnorm: 0.016582515583 xtb: 6.7.1pre (5071a88)
Ti          -2.13661931301792       -3.02174761185240        2.15016099265147
Ti           0.29908546697345       -1.71361975483735        1.40508949201293
Ti           2.05155319289098       -2.99727711132569       -0.68608027170750
Ti          -2.52879204852737       -0.27552978041155        1.30122820132098
Ti           2.13038059753735        0.51588134750803        2.21388745131361
Ti          -0.68384480757705        0.15849563272594        3.68083556512779
Ti          -1.91432145057589       -3.13284847130444       -1.17060884651578
Ti          -0.60611615736707       -0.78641661480973       -2.06198472851564
Ti           2.01937506794201       -1.52510493901246       -3.40625422945870
Ti          -1.85986874024692        1.73156263348824       -1.27374561404980
Ti           2.43274729613064        0.46100368221935       -0.76608480885179
Ti           0.82888223928864        1.82232328315564       -2.96430459969797
C           -3.64298868216608        1.29828492404557        0.63096980464836
C            4.13479629925689        0.50955278074948        0.41131784807378
C            0.47643248680333        2.27985679094019        0.30427123816212
C           -3.60695567337571        2.12613376274244       -0.29195213372543
C            4.11236161006948        0.63780373229485        1.64753157281828
C           -0.59079150013775        2.75959146682397       -0.20754766248451
C            1.63095737665901        1.78068656931109        0.73336520994771
O           -3.10464261836112       -1.95781107881563        1.06506044130967
O           -0.46253735567237       -2.64133768472823        2.66735173606184
O            0.36819406251308       -2.93546287353042        0.10892144269873
O           -0.81088573142189       -0.46195356192954        0.96722845618986
O            1.90253471912630       -1.15979611812664        1.47933082090941
O           -2.31741177839925       -0.17022493636032        3.03085203529035
O            1.01620907458409        0.43879688522221        3.58415171224368
O           -2.58227076853003       -4.51567958200395       -1.63725923492210
O            0.25966478578608       -1.23873203664053       -3.53586629781246
O            2.94275129809273       -2.03304136562231       -1.82438764637500
O           -2.04379096729588       -0.21820863196205       -1.34765967241698
O            0.75169158810747       -0.40567064881014       -1.07046032442290
O           -0.89533056913401        1.62397773750680       -2.87420755259242
O            2.42955100004455        1.34651157334237       -2.26315039722736
33
 energy: -92.024534664462 gnorm: 0.009928883431 xtb: 6.7.1pre (5071a88)
Ti          -2.13368964354962       -3.01026542244558        2.15566144796581
Ti           0.30368868966221       -1.71369739125843        1.40648880716407
Ti           2.04722175894304       -3.00074263333579       -0.69587882247242
Ti          -2.52125906139108       -0.26172195986345        1.30133211542660
Ti           2.12871239126869        0.50862105096350        2.21590441339993
Ti          -0.68358631108740        0.15092449681266        3.68696191176853
Ti          -1.91077989366277       -3.14158915276378       -1.16613430786483
Ti          -0.60885288925085       -0.79096050133959       -2.06402752420545
Ti           2.01822668704541       -1.52589577949227       -3.40982909320176
Ti          -1.86182471598752        1.72870566220911       -1.27458796895612
Ti           2.43246060007397        0.46379971044914       -0.76410303253555
Ti           0.82995889885150        1.82030690884313       -2.96217695340371
C           -3.64102586651197        1.30318185879555        0.61483572890195
C            4.13302642105313        0.52086165828970        0.41671015904243
C            0.46583900842725        2.27315868368492        0.31258389235261
C           -3.61598463718409        2.12997110672805       -0.30703472066950
C            4.10958566447557        0.65254827284451        1.65254076298017
C           -0.59818748748121        2.75676222926379       -0.20316705085005
C            1.62161095974892        1.77225390854317        0.73619571249332
O           -3.09261638079846       -1.95111711911530        1.06506401979559
O           -0.45792593717391       -2.64658893888960        2.66935414294040
O            0.37124858791230       -2.93261909602482        0.10938054721622
O           -0.79722906469381       -0.45401052583363        0.97347780398061
O            1.91016131219209       -1.16656357820629        1.46977983887194
O           -2.31881508324509       -0.13917954180359        3.02828079531857
O            1.01417936419571        0.40890729670818        3.58639807106187
O           -2.59193880902230       -4.50863269652447       -1.63984552126837
O            0.25792189636262       -1.24441912640132       -3.53593186528864
O            2.94034762257649       -2.03949089262751       -1.83699678358209
O           -2.04031910928959       -0.22206711496791       -1.33905722320025
O            0.75159694349580       -0.40566964463602       -1.07516004593750
O           -0.89001217902172        1.60824511369826       -2.87245336653175
O            2.42826026306648        1.35698315768844       -2.25456589070836
33
 energy: -92.024815555601 gnorm: 0.009873530935 xtb: 6.7.1pre (5071a88)
Ti          -2.13290483395793       -3.00751194642705        2.14843388163241
Ti           0.30085889516414       -1.70968965421999        1.40996606347413
Ti           2.03594878386084       -3.00641701257149       -0.70088375062916
Ti          -2.51599010017045       -0.25423043527678        1.30395346785299
Ti           2.12902854629011        0.50529819124485        2.21211673063289
Ti          -0.68219763934232        0.15613201554472        3.68826727144556
Ti          -1.91447690203598       -3.14122277331379       -1.17427066784258
Ti          -0.61527071450060       -0.78808117765467       -2.06617054838943
Ti           2.01076825088963       -1.52893073185341       -3.41394928037257
Ti          -1.86356606216542        1.73136591905666       -1.26539349544656
Ti           2.42982120135210        0.46018528860382       -0.76401311153934
Ti           0.82974154348313        1.82056425659178       -2.95750365062961
C           -3.64938490831856        1.30270062816207        0.61627015605016
C            4.13355706956283        0.51541608394436        0.41371997679373
C            0.46198744497704        2.26903339755276        0.32049542925416
C           -3.62305924198371        2.12930207338660       -0.30638866255919
C            4.10944316040582        0.65272593270786        1.64888765543949
C           -0.60503999427798        2.75520747964095       -0.18682682279282
C            1.62189396148220        1.76835470708729        0.73025034169561
O           -3.07899714638317       -1.94850964396226        1.05086961609597
O           -0.46049897461851       -2.64277135926451        2.67488717262108
O            0.36663009043870       -2.92608172514495        0.11703807400143
O           -0.78783928713574       -0.44023590313971        0.97774433433708
O            1.91070790487249       -1.17030745462673        1.47031747318258
O           -2.31966732025729       -0.12859984308020        3.02712524694878
O            1.00981223876175        0.42067142532282        3.58774584005575
O           -2.53141088436548       -4.53591278065864       -1.65783830633969
O            0.25381520511698       -1.23909881931417       -3.53918488291584
O            2.93120074240074       -2.05072364184798       -1.84351797541018
O           -2.04101635951505       -0.22239246418690       -1.33034111624255
O            0.74702266131363       -0.40634453293731       -1.07796334402980
O           -0.88756494845275        1.60458014225094       -2.86312468711465
O            2.42664761710859        1.35552435837577       -2.25071842925559
33
 energy: -92.025114969553 gnorm: 0.009547655705 xtb: 6.7.1pre (5071a88)
Ti          -2.13400206761643       -3.00582503941599        2.14130863507803
Ti           0.29620374810894       -1.70597396515573        1.41620632207858
Ti           2.02089747523709       -3.01149211005873       -0.69993884499857
Ti          -2.51263238363081       -0.25093000882693        1.30377223065027
Ti           2.13325103760732        0.50070415705366        2.20837108782650
Ti          -0.67881844360816        0.17686590159298        3.68336202359206
Ti          -1.91523857742886       -3.13724721240760       -1.18431474245379
Ti          -0.62030192710395       -0.78201399580259       -2.07243651166780
Ti           2.00302832216616       -1.53377734718013       -3.41646534217623
Ti          -1.86771231776520        1.73479074270584       -1.25344795787898
Ti           2.42598854848733        0.45360258292813       -0.76810484904790
Ti           0.82744753683060        1.82677406112819       -2.94850921005740
C           -3.66417396381091        1.29581601376507        0.61841822117101
C            4.13543851229883        0.50117307112941        0.40362204217430
C            0.46095102002178        2.26189455865868        0.33276882585624
C           -3.63562433563622        2.12326528811805       -0.30449645534076
C            4.11109685435423        0.64287128673016        1.63829405560033
C           -0.61489092471058        2.74626571512815       -0.15865167055252
C            1.62853065428788        1.76299605052809        0.72301879444080
O           -3.06805297521064       -1.94854063929151        1.04055849353378
O           -0.46626842415335       -2.63451999225739        2.68507361449035
O            0.35976909044177       -2.92207534223257        0.12968735772314
O           -0.78173708534778       -0.43521597060282        0.97608701444739
O            1.90862709349948       -1.17216650552718        1.47636924199058
O           -2.31648355395989       -0.12459904317774        3.02287224078007
O            1.00730600708977        0.45179647291169        3.58827900315016
O           -2.44932127603457       -4.56185915978264       -1.67588172374175
O            0.25136756300151       -1.22620493513928       -3.54763146703951
O            2.91831722211494       -2.06434918437528       -1.84783337767496
O           -2.04259252087963       -0.22058832892015       -1.32898978445051
O            0.74277840591924       -0.41025779146755       -1.08092955684550
O           -0.88735636419259        1.61749421227215       -2.84840312365041
O            2.42420804962246        1.35132645696427       -2.25203458700275
33
 energy: -92.025373351359 gnorm: 0.009939904682 xtb: 6.7.1pre (5071a88)
Ti          -2.13674421761557       -3.00367511661912        2.13863547996602
Ti           0.29150840795017       -1.70231570561398        1.42351206637267
Ti           2.00478544518965       -3.01777274306316       -0.69646125762919
Ti          -2.51238591897330       -0.25136845673732        1.30038892721257
Ti           2.13935505531231        0.49804802909160        2.20419002119021
Ti          -0.67423189393544        0.19639766712921        3.67596604439402
Ti          -1.91534911242841       -3.13115683567793       -1.18881732412153
Ti          -0.62315951513753       -0.77471907649756       -2.08029748518092
Ti           1.99601019123616       -1.53759773052949       -3.41638393961253
Ti          -1.87192175129930        1.73810907516929       -1.24409748950543
Ti           2.42279492842122        0.44831355938897       -0.77322802482809
Ti           0.82534058035160        1.83675711413949       -2.93820781449038
C           -3.67661201614896        1.28708566729080        0.61831363824999
C            4.13831941056359        0.48512885551860        0.39179305791999
C            0.46064530326582        2.25427046299789        0.34328702291518
C           -3.64843036677466        2.11631908748505       -0.30335720626516
C            4.11426499902195        0.62800569623133        1.62626063400401
C           -0.62485312891053        2.73570687733353       -0.13008121741652
C            1.63629676146785        1.76122705009086        0.71724638112215
O           -3.06167735449923       -1.95239544458375        1.03400455660027
O           -0.47353717111551       -2.62366068808305        2.69719110528499
O            0.35294013317623       -2.92198725333797        0.14385727473784
O           -0.78031532993173       -0.43762598398674        0.97141217847220
O            1.90505785933147       -1.17036678795399        1.48386750690847
O           -2.31194180416281       -0.12759753014821        3.01763889602565
O            1.00838405806714        0.48259343530163        3.58558070520883
O           -2.36860870424751       -4.58234049428357       -1.68321615239629
O            0.24975583827340       -1.20986988709753       -3.55808160972241
O            2.90429602555581       -2.07731523704244       -1.85016276199819
O           -2.04540562703006       -0.21747852208577       -1.33449915988471
O            0.74041878196058       -0.41352183529231       -1.08382553421208
O           -0.88797029476932        1.63783055903340       -2.83543089823465
O            2.42297042783470        1.34697219242508       -2.25699762108271
33
 energy: -92.025617158086 gnorm: 0.009109178736 xtb: 6.7.1pre (5071a88)
Ti          -2.13963749456388       -3.00016325147846        2.14274012679628
Ti           0.28931397735892       -1.70120478275374        1.42966477491324
Ti           1.98908193908549       -3.02444249888686       -0.69358953556426
Ti          -2.51352329179221       -0.25285262840203        1.29402492489232
Ti           2.14625825410572        0.49532452306003        2.20237326101389
Ti          -0.67066261429676        0.21600856900711        3.66658748546875
Ti          -1.91501430033940       -3.12356415484345       -1.18752268231965
Ti          -0.62328993853318       -0.76905250323331       -2.08722905224980
Ti           1.99070628689463       -1.54158490568176       -3.41498880261036
Ti          -1.87570283316031        1.74020105699882       -1.23820484259703
Ti           2.42067787739933        0.44437478360142       -0.77807248107648
Ti           0.82288377459693        1.84692648992138       -2.92847756460475
C           -3.68366687578028        1.27865602684937        0.61139498773171
C            4.14090844136058        0.47304468369657        0.38136200697490
C            0.45938070730551        2.24717493437013        0.35428248617988
C           -3.66235507176707        2.10986259352143       -0.30920127270396
C            4.11767550916528        0.61565231776200        1.61598675492562
C           -0.63493683270437        2.72399756249050       -0.10293574676432
C            1.64222135624560        1.76001615888100        0.71565950604059
O           -3.05861683672463       -1.95879644710408        1.03514433634317
O           -0.47911911748587       -2.61590969446455        2.70749959593522
O            0.34882634702096       -2.92615125132117        0.15535087763364
O           -0.78144486024421       -0.44782322194789        0.96515104492153
O            1.90257455812188       -1.16688361490776        1.48874885560478
O           -2.30800203550244       -0.12625691314223        3.01022104651952
O            1.01190807064607        0.50104085792423        3.57949217928532
O           -2.30067537133087       -4.59041778281701       -1.67777557342818
O            0.24870285703847       -1.19290749983578       -3.56781377709251
O            2.89046878660403       -2.09006481600534       -1.85524460294455
O           -2.04761369171045       -0.21416771892105       -1.34275351682373
O            0.74028417777273       -0.41664342635075       -1.08429152502078
O           -0.88935029535183        1.66088028190241       -2.82536667370993
O            2.42173854056539        1.34572627210379       -2.26221660166575
33
 energy: -92.025499251664 gnorm: 0.026887066876 xtb: 6.7.1pre (5071a88)
Ti          -2.14347835459436       -3.00064496813052        2.14308645399518
Ti           0.28303264450778       -1.69681566930320        1.43513377843680
Ti           1.96189405104919       -3.03466939269753       -0.69180360021997
Ti          -2.51644778329093       -0.25635370867349        1.28995643520614
Ti           2.15316106781478        0.49634779729618        2.19979614270028
Ti          -0.66887270174626        0.23159578804062        3.65957856008873
Ti          -1.92972651175349       -3.10902380110427       -1.18862298928415
Ti          -0.62732790374589       -0.75945350063045       -2.09261282303470
Ti           1.97666840733269       -1.54860684639654       -3.41455624115373
Ti          -1.87673649082844        1.74897187807032       -1.22663604388617
Ti           2.41826933514386        0.43764555038285       -0.78469352071087
Ti           0.82071178331502        1.85710413913193       -2.92048063697619
C           -3.68897415134989        1.27004099031831        0.60979861137330
C            4.14267781033613        0.45697504116979        0.36967030559552
C            0.46148379690668        2.24574958161091        0.36233216202663
C           -3.67218442274631        2.10710084718511       -0.30462982909433
C            4.12138088366414        0.60123513639827        1.60421597123628
C           -0.64185955479277        2.72264199037234       -0.07384042834125
C            1.65069626390627        1.76248067781728        0.71118062757901
O           -3.05213206929563       -1.97173175210044        1.02396217485262
O           -0.48885055136948       -2.60311310657979        2.71861407035445
O            0.33799248724000       -2.92758452521302        0.16901033271955
O           -0.78571442758063       -0.44946302623091        0.96228211831068
O            1.89569508252460       -1.15886562017181        1.49456183964467
O           -2.30890654538647       -0.13475433043310        3.00614347097446
O            1.01423961910831        0.52600837828786        3.57069405625255
O           -2.15908005130694       -4.63663607084967       -1.67389648560839
O            0.24123636229805       -1.16986701196809       -3.57829157157726
O            2.86692596226479       -2.10890467866588       -1.86151489724942
O           -2.05357544582365       -0.20647890049840       -1.35022189498427
O            0.73794008752727       -0.41777580571937       -1.08392617993315
O           -0.89148021437208        1.68637130169917       -2.81386892122085
O            2.42134153504340        1.34047361757856       -2.27042104806780
33
 energy: -92.026005185946 gnorm: 0.008413612888 xtb: 6.7.1pre (5071a88)
Ti          -2.14301451231564       -2.99416696520153        2.15363665152504
Ti           0.29011386933108       -1.70253809205317        1.43456246479879
Ti           1.96821704760464       -3.03622150166126       -0.69465629185122
Ti          -2.51677662438526       -0.25402177795511        1.28475722739802
Ti           2.15408800963744        0.49469841887275        2.20177179293329
Ti          -0.67000144764945        0.22439248775135        3.65777405367207
Ti          -1.92112455524145       -3.11397249073426       -1.17953945212123
Ti          -0.62199051885873       -0.76333186688879       -2.09009882844743
Ti           1.98230604021609       -1.54632229396260       -3.41044879002568
Ti          -1.87872306617400        1.74569253363754       -1.23564251832732
Ti           2.41902844669999        0.44297125638327       -0.78019974770305
Ti           0.81915858873703        1.85690264575624       -2.92039172390296
C           -3.68130431026113        1.27474214853485        0.59658410759702
C            4.14223161110438        0.46667727880927        0.37352500445201
C            0.45698383416824        2.24227654511473        0.36201548708307
C           -3.67378189738405        2.11191577562702       -0.31809124138621
C            4.12319170165494        0.60799395088928        1.60827306277339
C           -0.64357948045640        2.71613221401781       -0.08079821171805
C            1.64384601060145        1.76395696733505        0.72080769375095
O           -3.06027741766806       -1.96941578417139        1.03754815439469
O           -0.48406844781405       -2.60747622272696        2.71654157417554
O            0.34718238290670       -2.93469811043352        0.16384785990974
O           -0.78832613616332       -0.46250597400186        0.96111812512865
O            1.90182561510940       -1.15983982652346        1.48767656919094
O           -2.30985948415201       -0.11840465368644        3.00162657361964
O            1.01943439354703        0.49504554508439        3.56503106558560
O           -2.20382605149120       -4.60910857782487       -1.65352028980667
O            0.24283853614219       -1.17301165233926       -3.57467941032599
O            2.87144654574108       -2.10698643099957       -1.86661864627031
O           -2.05199622507597       -0.20708402396287       -1.35321964755682
O            0.74220939974483       -0.41645996556781       -1.08143943685632
O           -0.89463819065015        1.68649690790495       -2.82074932726822
O            2.41918633279409        1.34567153496936       -2.26700390441661
33
 energy: -92.026165016403 gnorm: 0.007326844865 xtb: 6.7.1pre (5071a88)
Ti          -2.14217819861233       -2.99255083333233        2.15435408682074
Ti           0.29266049044303       -1.70453135995767        1.43386489618479
Ti           1.96510289840442       -3.04002419838275       -0.69900689743790
Ti          -2.51643758694608       -0.25178506792083        1.28335940622123
Ti           2.15467034221601        0.49353315064143        2.20331748682832
Ti          -0.67253805465783        0.22434737937105        3.65779473670025
Ti          -1.92509447571491       -3.11185497214920       -1.17899817251157
Ti          -0.62119691752733       -0.76334328858612       -2.08683821531470
Ti           1.98053147290595       -1.54876692007373       -3.40959187291359
Ti          -1.87954484834238        1.74667948556273       -1.23588712281500
Ti           2.41836418448774        0.44324641483311       -0.77885358227471
Ti           0.81704122645870        1.85624499643266       -2.92058061596609
C           -3.67919921809270        1.27716150342279        0.59089010935951
C            4.14065168301757        0.47051701520227        0.37464781811477
C            0.45598975035847        2.24384526241846        0.36364313740902
C           -3.67525864659385        2.11679282780336       -0.32199918005089
C            4.12411529925965        0.61246912157810        1.60946064291050
C           -0.64459233248682        2.71645541978473       -0.08071751673279
C            1.64180663267834        1.76349956292691        0.72446193900973
O           -3.06267190621185       -1.96942937048708        1.03953828000113
O           -0.48273159203368       -2.60751683660153        2.71579128976639
O            0.35041266549056       -2.93622251601734        0.16269983142763
O           -0.78968419173139       -0.46479207220249        0.96114537387330
O            1.90423781693406       -1.16006169662094        1.48317356858440
O           -2.31320933100557       -0.10834565388542        2.99998447444308
O            1.02053722215291        0.48050061028994        3.56261056406254
O           -2.17942556672186       -4.61449754051891       -1.64595840987728
O            0.23968204335205       -1.17230073012662       -3.57179436206788
O            2.86852032316216       -2.11248230294038       -1.87380159873028
O           -2.05222767635283       -0.20587081212838       -1.35196072055795
O            0.74289009797764       -0.41604551607105       -1.07830575339281
O           -0.89772157696065        1.68852143489696       -2.82105920624546
O            2.41649797069256        1.34660750283135       -2.26538441482405
33
 energy: -92.026479846551 gnorm: 0.010576543710 xtb: 6.7.1pre (5071a88)
Ti          -2.13964425687420       -2.98548836312284        2.15138499772488
Ti           0.30279120774876       -1.70954224324433        1.43460194739900
Ti           1.95214966835803       -3.05393861021562       -0.71415433617982
Ti          -2.51632954603466       -0.24227276620539        1.28050663662432
Ti           2.15736466076253        0.49003952532742        2.20532017880879
Ti          -0.68018679651942        0.21507838821573        3.65976439003524
Ti          -1.94103144409845       -3.10572717880946       -1.17861320125204
Ti          -0.61793860520652       -0.76117802530830       -2.07530747020043
Ti           1.97392039486016       -1.55788384690903       -3.40414655245320
Ti          -1.88498937620236        1.75125100500052       -1.23673241370539
Ti           2.41450345217657        0.44588342438219       -0.77327295652113
Ti           0.80855436320637        1.85486702690073       -2.92009202816218
C           -3.67677697225400        1.28683551309751        0.57223639151626
C            4.13526084264122        0.48200478435170        0.37790728168854
C            0.45230964232719        2.24425644217413        0.36545559477771
C           -3.67999683369011        2.13717449707689       -0.33145816743771
C            4.12982848661040        0.62625270523080        1.61254437132300
C           -0.64854008279693        2.71530212528108       -0.08185531418093
C            1.63484915896370        1.76411437932717        0.73579247805636
O           -3.07635076894093       -1.96559698257881        1.04255996559736
O           -0.47878723359403       -2.60238854604868        2.71516836154885
O            0.36031786493903       -2.93634534268769        0.16028343999969
O           -0.79555499493897       -0.46884570101632        0.96465523658695
O            1.91540543611825       -1.16256365745869        1.46653395761717
O           -2.32563648570681       -0.07342584071861        2.99667600510179
O            1.02492408265800        0.42879784215890        3.55568246477653
O           -2.07246910638166       -4.64231442169048       -1.62039459282837
O            0.22684957753033       -1.17066634512717       -3.56053866197736
O            2.85785001566689       -2.13469920811798       -1.89905844832786
O           -2.05352713720518       -0.20016895870524       -1.35018879458841
O            0.74616554767250       -0.41300864685290       -1.07127473117649
O           -0.91095812294547        1.69601655371479       -2.82039258636673
O            2.40567336114950        1.34818047257099       -2.25959344382002
33
 energy: -92.026553961522 gnorm: 0.004663711537 xtb: 6.7.1pre (5071a88)
Ti          -2.13902887116746       -2.98562062783468        2.14897417254705
Ti           0.30569033423670       -1.70993986350118        1.43400248791004
Ti           1.95602693671923       -3.05368903748318       -0.71623747396133
Ti          -2.51612165977109       -0.24035702083323        1.28187372546698
Ti           2.15641224002785        0.48959770650624        2.20676790648200
Ti          -0.68115641639043        0.21322593327399        3.66164145830242
Ti          -1.94208565225359       -3.10634370570576       -1.17704572823817
Ti          -0.61593531252543       -0.76323265661682       -2.07203287628609
Ti           1.97663760828838       -1.55804383860499       -3.40439651926808
Ti          -1.88559295903703        1.74827871333465       -1.23914620201820
Ti           2.41459203186643        0.44725745500110       -0.77291511096016
Ti           0.80803107689088        1.85361500875902       -2.92167919516371
C           -3.67726335729020        1.28828737095743        0.57092678028265
C            4.13411830036337        0.48649187373604        0.38048298003149
C            0.45182607170842        2.24473971449514        0.36434691017177
C           -3.67898926022389        2.13815980117693       -0.33330257239281
C            4.12921343433881        0.63041618554502        1.61526029047104
C           -0.64757201016567        2.71415464039495       -0.08758435189870
C            1.63306933940343        1.76213828930952        0.73654730624154
O           -3.08112992189078       -1.96088092249393        1.04602982523629
O           -0.47635844852981       -2.60479478706756        2.71140220958830
O            0.36288104514362       -2.93426975993911        0.15783681747177
O           -0.79523802372869       -0.46873444232283        0.96428007335112
O            1.91860719311482       -1.16494767218283        1.46408167689202
O           -2.32539612913879       -0.06934952016972        2.99831684960833
O            1.02406684697101        0.42089321199847        3.55959325553145
O           -2.08674751689753       -4.63315150629394       -1.62205451010405
O            0.22677544958906       -1.17569079504110       -3.55635828062906
O            2.86173173915634       -2.13501066587583       -1.90142368534377
O           -2.05160802246878       -0.20237055803117       -1.34816109118816
O            0.74779744542921       -0.41313121506670       -1.07081902510584
O           -0.91179975661181        1.69179209074305       -2.82113085100278
O            2.40454622484319        1.35051059982594       -2.25807725202099
33
 energy: -92.026615772620 gnorm: 0.003684717062 xtb: 6.7.1pre (5071a88)
Ti          -2.13988871912830       -2.98477164845395        2.14766278960389
Ti           0.30787697155493       -1.70949661176940        1.43578207561419
Ti           1.95174694786633       -3.05648530145934       -0.71790607954859
Ti          -2.51723523409592       -0.23907663785995        1.28261052069187
Ti           2.15770081902934        0.48885265057495        2.20645590448902
Ti          -0.68034840674538        0.21352272408081        3.66114183033497
Ti          -1.94628848817633       -3.10291714629484       -1.17648804120502
Ti          -0.61354195983115       -0.76277669731543       -2.06996098023784
Ti           1.97646571178992       -1.56040817036449       -3.40422951999052
Ti          -1.88727704040965        1.74683188244168       -1.24002524350416
Ti           2.41388506546249        0.44839448944548       -0.77350262200846
Ti           0.80718233105875        1.85523097825307       -2.92055403499940
C           -3.67967459555983        1.28725096725706        0.56781962507709
C            4.13418506568534        0.48713020414261        0.38024455077254
C            0.45061294198651        2.24273964287688        0.36516881207631
C           -3.68222642561435        2.13678029761527       -0.33692479745762
C            4.13009292012415        0.63130931435671        1.61498964841543
C           -0.64947368027061        2.71067076056039       -0.08570149423370
C            1.63262356299208        1.76139819650958        0.73658466195999
O           -3.08728786433972       -1.95773590162134        1.05036071771945
O           -0.47613337652858       -2.60469319585607        2.71037053613314
O            0.36161961082007       -2.93154188590828        0.15850698523429
O           -0.79634748290616       -0.47082203046328        0.96303039510503
O            1.92104416918387       -1.16639244697604        1.46235541120161
O           -2.32409556156596       -0.06560306952647        2.99906371141228
O            1.02433662039734        0.41833143208603        3.56074632884141
O           -2.06382617705345       -4.63192481279473       -1.61958644795401
O            0.22469005970798       -1.17468867805701       -3.55462115918039
O            2.85930184132441       -2.14151097264546       -1.90640068140091
O           -2.05048235630379       -0.20255958603981       -1.34959503393434
O            0.75014882857567       -0.41260911383844       -1.07101789348627
O           -0.91283071531389        1.69468707902282       -2.81821984204902
O            2.40344461628371        1.35288328801396       -2.25816063348789
33
 energy: -92.026667802103 gnorm: 0.003322152329 xtb: 6.7.1pre (5071a88)
Ti          -2.14041963768367       -2.98458947932172        2.14613779115071
Ti           0.30700189809062       -1.70914278899622        1.43593735238514
Ti           1.94958899035496       -3.05514586863263       -0.71717328721233
Ti          -2.51755584565656       -0.23861109699076        1.28445897739553
Ti           2.15786331510526        0.48796665600435        2.20502640328280
Ti          -0.67842689344133        0.20926634298731        3.66178451023021
Ti          -1.96792157665487       -3.10339019074175       -1.17234816014879
Ti          -0.61228499945846       -0.76097242506987       -2.07112033043246
Ti           1.97642804941235       -1.55971485457175       -3.40473048345632
Ti          -1.88700672271502        1.74721293597132       -1.24222905328244
Ti           2.41425427139754        0.44989935295767       -0.77262870762792
Ti           0.80843795640728        1.85580191296453       -2.92017073052318
C           -3.67882081466393        1.28756459165297        0.56870188177920
C            4.13540118973381        0.48713694623418        0.38061270390303
C            0.44901886501222        2.24043790444596        0.36423845985416
C           -3.68231573653360        2.13425290351518       -0.33822371745289
C            4.13005350164280        0.63171407821373        1.61524717549913
C           -0.64884159466426        2.71116277982682       -0.08804107881688
C            1.63157655605376        1.76208906701256        0.73712405750957
O           -3.08850341588892       -1.95549223962668        1.05044847583902
O           -0.47689517202984       -2.60545929024093        2.70998380913557
O            0.35767817067904       -2.93019040874416        0.15759579624212
O           -0.79646930569045       -0.47046463138857        0.96379784810292
O            1.92047620354599       -1.16788227617558        1.46202581479071
O           -2.32224291779960       -0.06769204378393        3.00096431214047
O            1.02448878393359        0.42096847663437        3.56047172108864
O           -2.04317495685958       -4.63481393746974       -1.61683138117901
O            0.22445989349018       -1.17441682337237       -3.55590263042989
O            2.85824620482464       -2.14012506449305       -1.90510480343371
O           -2.04991793294167       -0.20196017910325       -1.35110539600454
O            0.75216467203495       -0.41238638053620       -1.07276390014342
O           -0.91097214899994        1.69249090522823       -2.81873489433783
O            2.40463114996248        1.35448512560294       -2.25744853584297
33
 energy: -92.026493886412 gnorm: 0.015928326641 xtb: 6.7.1pre (5071a88)
Ti          -2.14263803853264       -2.98618930532208        2.13384048195428
Ti           0.30263596373702       -1.70802906698526        1.43481347510330
Ti           1.93864168490402       -3.05099879204118       -0.71603512435528
Ti          -2.51855252551748       -0.23635801225632        1.29328515669345
Ti           2.15735140647427        0.48356484130347        2.19990739288887
Ti          -0.67080569618629        0.19453101114420        3.66614295811815
Ti          -2.02289933553115       -3.06194928543199       -1.18120868017568
Ti          -0.61706842794849       -0.78919552875526       -2.05906649602481
Ti           1.97314448699027       -1.55485129704129       -3.40412585117176
Ti          -1.88520034270455        1.74238612921163       -1.25220342932534
Ti           2.41077629194067        0.45139757654032       -0.77333157545937
Ti           0.81316820544982        1.86052727290689       -2.91903651860898
C           -3.67492226482623        1.28880971913022        0.57356001014760
C            4.13585462174345        0.48832066788438        0.37954654036719
C            0.44310965879522        2.23197390666245        0.35929706169902
C           -3.68141918984075        2.12147980080066       -0.34450065999656
C            4.12705361690957        0.63416806516035        1.61388519284081
C           -0.64640701278160        2.71114975842981       -0.10042756587137
C            1.62666396036333        1.76180784529023        0.73739818452084
O           -3.09569477846846       -1.94395889095406        1.04996315896448
O           -0.48146498260249       -2.61024580038726        2.70564878071188
O            0.33789742018715       -2.92288528805175        0.15040649664034
O           -0.79676242472814       -0.46852653129211        0.96613865354145
O            1.91738144667779       -1.17488212736973        1.46149560285651
O           -2.31343129262406       -0.07881443725196        3.01036983939122
O            1.02437486879894        0.43314225882635        3.56112953754191
O           -1.93939277918921       -4.61328713563585       -1.59499683229460
O            0.21742286579089       -1.17964841169791       -3.55095930800370
O            2.85418680267773       -2.13489632911706       -1.89948008382334
O           -2.05138213310559       -0.20711117594670       -1.34903272619787
O            0.75255313298782       -0.41599881274268       -1.07521101656212
O           -0.90236479096988        1.67332332419976       -2.82116134538046
O            2.40818958112886        1.36124405078284       -2.25605131072567
33
 energy: -92.026787352951 gnorm: 0.003631648879 xtb: 6.7.1pre (5071a88)
Ti          -2.14297416479833       -2.98732039445072        2.13818430424763
Ti           0.30375558859578       -1.70914505716374        1.43301737515363
Ti           1.94043135816650       -3.05616166879484       -0.72128110129922
Ti          -2.51776955599195       -0.23735996653335        1.29182054977798
Ti           2.15667540346038        0.48501504787561        2.20488502655749
Ti          -0.67512185785646        0.20820849996255        3.66770999786244
Ti          -1.99326847219138       -3.08636656173237       -1.17421123776425
Ti          -0.61279269929813       -0.76818990555480       -2.06539994348635
Ti           1.97455513582787       -1.56037236491040       -3.40644666280882
Ti          -1.88506722731572        1.74199071315137       -1.24714271239053
Ti           2.41565778438062        0.45064811747234       -0.77510911484830
Ti           0.81032481501098        1.85136812470394       -2.92423257881605
C           -3.67655366887443        1.28795224249715        0.57366247661913
C            4.13592850281691        0.49006478964703        0.38142847233317
C            0.44777413938341        2.23967087180799        0.36281266532693
C           -3.68091472784751        2.12550819996059       -0.34113967020598
C            4.12714332956196        0.63326115556456        1.61622791973996
C           -0.64744832468743        2.71077837691458       -0.09482833880751
C            1.62910687167299        1.75930146823345        0.73703962191281
O           -3.09522128929980       -1.94754611057807        1.05208769008889
O           -0.48043248743188       -2.60978523720872        2.70500683964760
O            0.34342537990745       -2.92351027724913        0.14884906156500
O           -0.79685083169863       -0.46904886637760        0.96384613219518
O            1.91769539232634       -1.17163870106423        1.46295907252472
O           -2.31630305349176       -0.07571154660069        3.00898832390516
O            1.02413284920550        0.42705297717394        3.56426753573096
O           -1.98029935431025       -4.62519257866900       -1.60714650414521
O            0.22032660443523       -1.17859082570403       -3.55278884926936
O            2.85616560673461       -2.13873047489826       -1.90300156318247
O           -2.05271427647056       -0.20644819798044       -1.35178690934342
O            0.75075483182542       -0.40391808786514       -1.07156434552937
O           -0.90736607392488        1.68203089922326       -2.82055389378173
O            2.40724447217698        1.36218533914025       -2.25615963950571
33
 energy: -92.026796551989 gnorm: 0.002591832968 xtb: 6.7.1pre (5071a88)
Ti          -2.14439697918449       -2.98666227757813        2.14187753268398
Ti           0.30288590693571       -1.70718180705425        1.43323791943427
Ti           1.93883282863823       -3.05484746668828       -0.72299791832506
Ti          -2.51873309763512       -0.23709269344415        1.29296998616805
Ti           2.15625512991620        0.48710590826718        2.20427234330851
Ti          -0.67404057860678        0.20339337393387        3.66633384226364
Ti          -1.99144837718091       -3.08893159719839       -1.18602713159263
Ti          -0.61117840561057       -0.76960147154610       -2.06379726651798
Ti           1.97250123494256       -1.56152277030325       -3.40728680239652
Ti          -1.88457601973298        1.74127252229585       -1.24675161762055
Ti           2.41477450231645        0.45111854213325       -0.77279378911584
Ti           0.81075508615688        1.85165522694154       -2.92392406584653
C           -3.67723438066279        1.28868774885610        0.57538082935650
C            4.13576119680292        0.48971118441648        0.38180527830771
C            0.44800408350773        2.24354468628348        0.36326840752627
C           -3.67994248335517        2.12592064640676       -0.34015806487254
C            4.12738153799201        0.63245511833372        1.61664845811709
C           -0.64818653397464        2.71243287592608       -0.09545020035689
C            1.62919173572439        1.76262214677918        0.73741425091510
O           -3.09810330350046       -1.94662347715310        1.05597994280849
O           -0.48072027018163       -2.60907732386489        2.70516785519427
O            0.34248567490430       -2.91935755055113        0.14803503112040
O           -0.79804277117275       -0.46709496009474        0.96444614046280
O            1.91689558496631       -1.16959852130504        1.46302701733764
O           -2.31686475446431       -0.07475747871594        3.00990039107395
O            1.02471400764724        0.42657515056812        3.56410491660029
O           -1.97461297757190       -4.62863378582423       -1.61113309566390
O            0.21770765467796       -1.18183697320308       -3.55267254096925
O            2.85564305093148       -2.13667492815899       -1.90329520652492
O           -2.05045623029917       -0.20764762220030       -1.34898295538050
O            0.75493716515560       -0.41061479306684       -1.07218746546821
O           -0.90714563282553        1.68139924879846       -2.82056959859346
O            2.40695641474303        1.35986311800386       -2.25584242342979
33
 energy: -92.026830827903 gnorm: 0.002628191458 xtb: 6.7.1pre (5071a88)
Ti          -2.14495890636409       -2.98812815640501        2.13714976077399
Ti           0.30103332009656       -1.70626955519287        1.43188445041841
Ti           1.93566408353393       -3.05582743636476       -0.72485278285805
Ti          -2.51946681421976       -0.23736102812368        1.29464092144536
Ti           2.15526026008445        0.48742261313201        2.20422880847410
Ti          -0.67323256841847        0.20052780167189        3.66655780476353
Ti          -1.99773102724244       -3.08751115372295       -1.17779175428653
Ti          -0.61017091640557       -0.77091590116063       -2.06104691847417
Ti           1.97078197978617       -1.56366299465636       -3.40879235578488
Ti          -1.88410470808328        1.74045938314667       -1.24743809378348
Ti           2.41531619149618        0.45252259448976       -0.77266768354010
Ti           0.81148938540937        1.85212705200900       -2.92436471516373
C           -3.67745560347751        1.28897971540356        0.57774490275008
C            4.13577379123284        0.49003369170121        0.38247164797418
C            0.44788806499286        2.24383054119235        0.36244233411394
C           -3.67885595802720        2.12455704298304       -0.33934429958006
C            4.12651619696767        0.63230112069490        1.61736376435316
C           -0.64728799943724        2.71348266383012       -0.09824622086245
C            1.62909702053938        1.76392915674143        0.73766966841644
O           -3.10032986948677       -1.94456408871559        1.05419718175198
O           -0.48247955688916       -2.60993638619700        2.70301811062235
O            0.33809891950365       -2.91524629289052        0.14468349460412
O           -0.79888014372325       -0.46503556272655        0.96438533830180
O            1.91522740262478       -1.16934540836598        1.46331905350192
O           -2.31608620635154       -0.07760238595213        3.01183752233242
O            1.02463784324584        0.42699423083878        3.56521610905203
O           -1.95259558371873       -4.62530046648366       -1.61117524629482
O            0.21513659059113       -1.18485359903925       -3.55108456335137
O            2.85470064634787       -2.13737020530747       -1.90370705331935
O           -2.05059140373289       -0.20870540326582       -1.34887202609387
O            0.75604565886156       -0.40762129486514       -1.07188762471882
O           -0.90611418382576        1.67793562998278       -2.82079701278196
O            2.40767409408919        1.36015408161097       -2.25674252275177
33
 energy: -92.026841895903 gnorm: 0.005096196232 xtb: 6.7.1pre (5071a88)
Ti          -2.14691589976137       -2.99082697476699        2.13298458302553
Ti           0.29862132725299       -1.70581982058639        1.42984391701408
Ti           1.93393061291131       -3.05871630542096       -0.72663998153694
Ti          -2.52001965647736       -0.23847321221278        1.29810979080470
Ti           2.15307030319206        0.48777137874223        2.20638111397576
Ti          -0.67310182458953        0.20287323046017        3.67015786859907
Ti          -2.01286581354013       -3.08242565511832       -1.18119173399472
Ti          -0.60995525449016       -0.77330899233726       -2.05563467902591
Ti           1.96752504030482       -1.56641303964601       -3.41107051863240
Ti          -1.88324332061170        1.73969549172299       -1.24820083904904
Ti           2.41681387779295        0.45445357851327       -0.77468691165355
Ti           0.81237981647832        1.84963028430407       -2.92799451775567
C           -3.67752196430627        1.28865620732428        0.58229541766408
C            4.13488686991898        0.49093912664642        0.38393689168853
C            0.44848368422175        2.24312256258386        0.36077031643169
C           -3.67678985350303        2.12165916813648       -0.33688321650441
C            4.12405397068807        0.63258947127031        1.61891890986345
C           -0.64435464936076        2.71499411178093       -0.10319626494825
C            1.62934403207996        1.76413312988320        0.73804708304186
O           -3.10403476258101       -1.94170432865054        1.05369262482704
O           -0.48510191066941       -2.61228260195126        2.69966075505825
O            0.33484232475390       -2.91128355765851        0.14170502139089
O           -0.79986581730965       -0.46274835681843        0.96368681020183
O            1.91262119181208       -1.16886656244300        1.46534501225267
O           -2.31406330250227       -0.08293864439385        3.01606800246821
O            1.02428989837105        0.42761101423587        3.56963006683876
O           -1.91395635828437       -4.62155893768539       -1.61215825873734
O            0.21030987646968       -1.18896911207334       -3.54729042598859
O            2.85394397617465       -2.14032095758152       -1.90564111226464
O           -2.05278530269131       -0.20990912481069       -1.34963592835754
O            0.75513583715748       -0.39645216629752       -1.07102642562344
O           -0.90497062873863        1.67178649732154       -2.82134412337545
O            2.40929367983670        1.36310309752033       -2.25863924769414
33
 energy: -92.026869754988 gnorm: 0.002643690940 xtb: 6.7.1pre (5071a88)
Ti          -2.14699066657309       -2.99183930227722        2.13171099570827
Ti           0.29750371392912       -1.70474295074678        1.42881677708464
Ti           1.93369138583640       -3.05675410338366       -0.72641533396656
Ti          -2.52076861058529       -0.23926068099073        1.29798809269002
Ti           2.15198678840878        0.48877722311519        2.20592278001349
Ti          -0.67333758438118        0.20143979284087        3.66982162775810
Ti          -2.00846600322676       -3.08352303938814       -1.18062505856205
Ti          -0.60904887506006       -0.77328727598358       -2.05343373420317
Ti           1.96494905630387       -1.56665293367810       -3.41145264102944
Ti          -1.88277046356339        1.73943729382341       -1.24708141812516
Ti           2.41623215260757        0.45409862048560       -0.77276928294384
Ti           0.81260539365766        1.84600887512992       -2.92948039665063
C           -3.67842479132948        1.28858811189629        0.58373835233684
C            4.13454394245300        0.49010774941909        0.38468685964507
C            0.44924821026003        2.24594915461530        0.36037988874319
C           -3.67538947773680        2.12244797078197       -0.33455391625732
C            4.12380998789503        0.63201154792701        1.61959443849317
C           -0.64358171189000        2.71687364256049       -0.10454728581302
C            1.62976811631207        1.76675837286314        0.73833462777579
O           -3.10405296630809       -1.94214127434495        1.05213276770910
O           -0.48571201119208       -2.61196069334516        2.69853508794427
O            0.33447774909846       -2.90876020940434        0.14103788123237
O           -0.80080248154952       -0.46058649484481        0.96347045999837
O            1.91140152203272       -1.16731535947863        1.46434883022263
O           -2.31469109193316       -0.08405245749620        3.01620198014338
O            1.02438225533093        0.42675188263732        3.56977642687092
O           -1.91079823078755       -4.61902429679232       -1.61518996720630
O            0.20730613217291       -1.19043583913082       -3.54618543625854
O            2.85332123506196       -2.13999650817612       -1.90689981730646
O           -2.05223891117485       -0.21091821802769       -1.34783290130393
O            0.75774389372085       -0.39948057468541       -1.07085218274755
O           -0.90527634966115        1.66996365501248       -2.82132515985514
O            2.40937869187091        1.36151831905972       -2.25785334213610
33
 energy: -92.026885010438 gnorm: 0.001350818899 xtb: 6.7.1pre (5071a88)
Ti          -2.14741571085208       -2.99374397903515        2.13076065462140
Ti           0.29588535240694       -1.70346521932370        1.42921388344234
Ti           1.93256302219208       -3.05572018402746       -0.72720895035863
Ti          -2.52155635838150       -0.24051025166009        1.29849909694191
Ti           2.15032784452962        0.49087532232296        2.20649960139786
Ti          -0.67347340533954        0.19590548708829        3.67031861458415
Ti          -2.01063527594625       -3.08505803856481       -1.18305360237327
Ti          -0.60808534462922       -0.77347585947289       -2.04961985384743
Ti           1.96122357885262       -1.57015215195012       -3.41360649009407
Ti          -1.88206584002244        1.73937006320092       -1.24723041354427
Ti           2.41599769957024        0.45422410770751       -0.77260129286195
Ti           0.81398910981239        1.84704698735465       -2.93097487954574
C           -3.67911744831639        1.28828007165566        0.58620136942070
C            4.13352894828785        0.48881626926450        0.38559944849313
C            0.45051448352131        2.25029355663846        0.35921531555916
C           -3.67292006301425        2.12288071432030       -0.33141539428311
C            4.12282270869956        0.63120201701735        1.62046650017465
C           -0.64239362512857        2.71943174280210       -0.10755679093677
C            1.62996814622732        1.76904297288255        0.73809091277926
O           -3.10395344556475       -1.94258620911880        1.05070134643783
O           -0.48715162521543       -2.61194471695039        2.69825484162204
O            0.33407932645841       -2.90453586680335        0.14114996350416
O           -0.80155636938531       -0.45719181221720        0.96484343547271
O            1.90950029867135       -1.16511808590606        1.46556909238471
O           -2.31564688241491       -0.08612157842543        3.01713420687384
O            1.02398346967538        0.42753307096632        3.57097930045095
O           -1.89703151542677       -4.61751174118185       -1.61924841314550
O            0.20321947121746       -1.19237931564857       -3.54376869649107
O            2.85194094735197       -2.14096830234591       -1.90927374615698
O           -2.05261257220598       -0.21238261457438       -1.34663954784033
O            0.75999000696162       -0.39957970857221       -1.06979981104723
O           -0.90414526616803        1.66724280320036       -2.82227364155321
O            2.41022633357512        1.36030044934964       -2.25922606007684
33
 energy: -92.026895846428 gnorm: 0.002636889383 xtb: 6.7.1pre (5071a88)
Ti          -2.14827403304072       -2.99894563463040        2.12621059948603
Ti           0.29203164322948       -1.70191891362470        1.42730021695247
Ti           1.92800513150684       -3.05395007947063       -0.72987538388576
Ti          -2.52257527155903       -0.24355582853891        1.30117101871834
Ti           2.14608178444863        0.49346699751541        2.20713491871226
Ti          -0.67461804972485        0.19419439066938        3.67496886649967
Ti          -2.02437935162375       -3.08218909750577       -1.18821410236504
Ti          -0.60618529789916       -0.77284347509508       -2.04150489969025
Ti           1.95286459970812       -1.57301095901471       -3.41628138199786
Ti          -1.88071156071133        1.73987288942336       -1.24741744428921
Ti           2.41533609401167        0.45472722823679       -0.77069896387105
Ti           0.81647516552472        1.83921248467032       -2.93690586998692
C           -3.68008499779464        1.28682423738729        0.59289103444848
C            4.13177667029092        0.48604322942841        0.38847540799763
C            0.45246316766665        2.25648821778596        0.35559850166812
C           -3.66853757684210        2.12123353913774       -0.32471889440427
C            4.12000476094603        0.62983153683657        1.62314699489351
C           -0.63818666109008        2.72582953034885       -0.11622632991990
C            1.62999069631744        1.77408458935952        0.73865844455862
O           -3.10383488536565       -1.94285858277324        1.04681747035733
O           -0.49020538125031       -2.61328065524193        2.69518313202825
O            0.32976697083126       -2.89656428645745        0.13865302531163
O           -0.80289591004795       -0.45050221961809        0.96558209273056
O            1.90491760102569       -1.16208855912514        1.46667460241718
O           -2.31557310487143       -0.09467313608254        3.02131996120951
O            1.02290332807932        0.43005818165478        3.57441329937318
O           -1.84978175679167       -4.61118943080330       -1.62432455752533
O            0.19346785743120       -1.19573058137255       -3.53869336538865
O            2.84821413138938       -2.14285130079719       -1.91368190504104
O           -2.05379174718017       -0.21542671278054       -1.34395595559046
O            0.76481561506403       -0.39739475874264       -1.06822694030953
O           -0.90230213641795        1.65776637500927       -2.82387766219361
O            2.41282250473922        1.35934078420442       -2.25959593089946
33
 energy: -92.026906187577 gnorm: 0.001545705370 xtb: 6.7.1pre (5071a88)
Ti          -2.14759436269195       -3.00025311834569        2.12588386940297
Ti           0.29175776607390       -1.70221086300002        1.42839347907296
Ti           1.92699503225965       -3.05520358453564       -0.73015775380671
Ti          -2.52213592388077       -0.24478586185274        1.30098228448709
Ti           2.14506240997744        0.49436984477757        2.20736166527555
Ti          -0.67565368433535        0.19272400540881        3.67629481484015
Ti          -2.02321310174853       -3.08149953379693       -1.19069790946588
Ti          -0.60662226440068       -0.77270145670764       -2.03974749910430
Ti           1.95126886453054       -1.57382838335519       -3.41659021547098
Ti          -1.88098927866132        1.74191380947906       -1.24756895265747
Ti           2.41508742018087        0.45507317374901       -0.77133269882939
Ti           0.81725323576347        1.83921814836094       -2.93778593168901
C           -3.68005123313086        1.28589390773953        0.59397644225342
C            4.13094830679743        0.48475014198095        0.38894396940004
C            0.45278257638048        2.25638206917180        0.35361238426514
C           -3.66813921702463        2.12114257928065       -0.32275889280818
C            4.11920200256272        0.62957829829890        1.62350094792364
C           -0.63673887948314        2.72780357215577       -0.11857953481696
C            1.62997623288393        1.77481554182076        0.73828931101134
O           -3.10170310428901       -1.94457438486453        1.04512788993901
O           -0.49044376848223       -2.61320792939870        2.69619969703651
O            0.33014287734825       -2.89636858329660        0.14026979912897
O           -0.80222432260556       -0.44897816978750        0.96668559996068
O            1.90429548965502       -1.16159080662864        1.46816124353602
O           -2.31645339368151       -0.09731125765965        3.02158743172010
O            1.02196358037180        0.43195107873991        3.57451450977025
O           -1.84523127084226       -4.60841815391278       -1.62550116069824
O            0.19205782565123       -1.19474353974547       -3.53714764968750
O            2.84654517343530       -2.14572111038831       -1.91530902932731
O           -2.05470837803476       -0.21531993626637       -1.34398087575810
O            0.76431452323029       -0.39363190557718       -1.06764025062321
O           -0.90154676168881        1.65557740232744       -2.82420697662678
O            2.41379562787887        1.35915500582171       -2.26078000764942
33
 energy: -92.026913554213 gnorm: 0.001319382663 xtb: 6.7.1pre (5071a88)
Ti          -2.14628547741575       -3.00092879508848        2.12558647305128
Ti           0.29188608271493       -1.70246437782975        1.42984173511461
Ti           1.92337722965589       -3.05706134283301       -0.73107374466697
Ti          -2.52124287327795       -0.24566472638039        1.30049371342540
Ti           2.14433091019163        0.49456827202639        2.20699889458061
Ti          -0.67696195524571        0.19046448416255        3.67706931097217
Ti          -2.02712757853345       -3.08043440205077       -1.19030566223630
Ti          -0.60702304385550       -0.77227255630717       -2.03908140423002
Ti           1.95096337668909       -1.57509132404392       -3.41705323838099
Ti          -1.88049028161922        1.74272338185852       -1.24791329622096
Ti           2.41476452183453        0.45467191861054       -0.77285774326519
Ti           0.81836358288676        1.84208653028275       -2.93775592538781
C           -3.67888929536428        1.28538422526590        0.59437738272505
C            4.12994715416963        0.48466285676200        0.38895416069029
C            0.45363257744144        2.25865019096952        0.35237001176550
C           -3.66785763738434        2.12046946147303       -0.32245309538033
C            4.11804276620061        0.62991433224703        1.62350624726283
C           -0.63644159600746        2.72951819107899       -0.11957351684950
C            1.62958611653719        1.77442472983234        0.73715578486701
O           -3.09932265629732       -1.94663481300322        1.04382964607167
O           -0.48988382456878       -2.61268142172162        2.69790666639331
O            0.32791341894834       -2.89630903014841        0.14100607826782
O           -0.80085266381477       -0.44790430250314        0.96750704144785
O            1.90423000859441       -1.16200254855184        1.46928381332983
O           -2.31763969273729       -0.10069726677531        3.02140380790614
O            1.02008967325475        0.43524099263223        3.57320886934576
O           -1.83685906879250       -4.60650208904855       -1.62503116256572
O            0.19243610294438       -1.19260310332513       -3.53646744942393
O            2.84369410828163       -2.14923337200168       -1.91634354521575
O           -2.05489583453193       -0.21684412130030       -1.34233940748998
O            0.76365834201090       -0.39193492027363       -1.06614754766988
O           -0.89987241300534        1.65458070395607       -2.82448915441034
O            2.41472992009529        1.35990424202172       -2.26161374381903
33
 energy: -92.026920341974 gnorm: 0.000920227515 xtb: 6.7.1pre (5071a88)
Ti          -2.14467141445996       -3.00229521239907        2.12559922338073
Ti           0.29194786135041       -1.70218379873311        1.43112976371700
Ti           1.91828347619307       -3.05872626276098       -0.73210028703781
Ti          -2.52062393419405       -0.24676341051368        1.30112955212731
Ti           2.14344939265667        0.49508241311794        2.20620262599390
Ti          -0.67868128002847        0.19087576395880        3.67829830968968
Ti          -2.02847170510654       -3.07987837199900       -1.19150189787794
Ti          -0.60683488645682       -0.77174006449139       -2.04024206543524
Ti           1.95086534609186       -1.57567138063293       -3.41670709620978
Ti          -1.87984196290144        1.74490018672635       -1.24689269588022
Ti           2.41363134150437        0.45456046637402       -0.77306420371434
Ti           0.81877068440242        1.84129863035648       -2.93818039166039
C           -3.67781130659908        1.28494648472202        0.59552200985197
C            4.12888041938166        0.48382545467406        0.38905255271139
C            0.45399481496704        2.26051036801845        0.35120921490827
C           -3.66780918406661        2.12013520150835       -0.32131510673875
C            4.11705765013769        0.63021798632579        1.62348929661203
C           -0.63605922657069        2.73273434580441       -0.11988503032151
C            1.62919099946461        1.77558974373106        0.73652451586347
O           -3.09721523102800       -1.94940646350100        1.04360518549802
O           -0.48860146265306       -2.61228452587114        2.69946088239148
O            0.32453749297235       -2.89542064499724        0.14128524593708
O           -0.79971695494777       -0.44590707284268        0.96951388324380
O            1.90419032708836       -1.16199681885801        1.46977438236190
O           -2.31915960518691       -0.10476347762802        3.02228691678821
O            1.01813292670423        0.43795516171360        3.57140913038502
O           -1.82756021572292       -4.60427672748161       -1.62663416888195
O            0.19315587828959       -1.19105784742635       -3.53741986874794
O            2.84035584319795       -2.15291770915733       -1.91701118771782
O           -2.05427419981507       -0.21776968228087       -1.34224497214074
O            0.76461878444819       -0.39243412930404       -1.06675250676124
O           -0.89908542357461        1.65296558640370       -2.82400336600688
O            2.41535475446134        1.35989580743671       -2.26153784632429
33
 energy: -92.026924378512 gnorm: 0.001147228687 xtb: 6.7.1pre (5071a88)
Ti          -2.14283781012326       -3.00442636041923        2.12394178625992
Ti           0.29105550825030       -1.69977903788828        1.43087607017865
Ti           1.91186211680278       -3.06144486515156       -0.73245240470918
Ti          -2.52040006967610       -0.24890742498666        1.30131197163725
Ti           2.14171375581098        0.49707511893263        2.20453509193675
Ti          -0.68042691285343        0.18875980869329        3.67930646299839
Ti          -2.03230174632623       -3.07847844702237       -1.19501702373421
Ti          -0.60631096416676       -0.77062730353055       -2.03781222760644
Ti           1.94838804968232       -1.57825713526831       -3.41587062589978
Ti          -1.87822295410797        1.74603016168923       -1.24418707917501
Ti           2.41224420844549        0.45446147079781       -0.77178218223353
Ti           0.81927865286621        1.83776687295930       -2.93946045846752
C           -3.67688154440443        1.28451597300065        0.59817985598362
C            4.12785472411842        0.48215835942073        0.38975016632700
C            0.45427508611831        2.26405536662905        0.34927331877567
C           -3.66639612465355        2.12011563571683       -0.31823120153177
C            4.11592870408268        0.63065432520110        1.62390065595498
C           -0.63544980398126        2.73823963090198       -0.12106375312146
C            1.62877491163318        1.77941003186424        0.73562370611998
O           -3.09562647318692       -1.95313772127473        1.04198199014177
O           -0.48731536542178       -2.61001313477992        2.69991773080894
O            0.32021534050833       -2.89285738128044        0.14162504574831
O           -0.79928453338087       -0.44153120426282        0.96923168870441
O            1.90328686545200       -1.16009611563018        1.46887261479664
O           -2.32106379977901       -0.11059753348335        3.02287715346809
O            1.01571714673239        0.44060663969012        3.56891481189055
O           -1.80556544032985       -4.59903905621834       -1.63334771078771
O            0.19149766911623       -1.19024757206939       -3.53584368049943
O            2.83592620902676       -2.15991122798580       -1.91887548803155
O           -2.05388365122721       -0.22138599458662       -1.33792083005857
O            0.76610372418487       -0.39087610669108       -1.06447559051313
O           -0.89830115298995        1.64915810373015       -2.82293083026942
O            2.41614567377714        1.35860612329584       -2.26084903508777
33
 energy: -92.026927800838 gnorm: 0.001096757060 xtb: 6.7.1pre (5071a88)
Ti          -2.14261909168242       -3.00653011460586        2.12207877204242
Ti           0.29005301657550       -1.69823019472247        1.43095997401002
Ti           1.90951609283590       -3.06291121193737       -0.73200090854010
Ti          -2.52112911007318       -0.25016185832546        1.30265760969503
Ti           2.14083010556690        0.49820797607181        2.20576407282450
Ti          -0.68151520396623        0.18969474979119        3.68104147191432
Ti          -2.03378446467802       -3.07879458628074       -1.19618120170018
Ti          -0.60600666128551       -0.77193997324266       -2.03695205147920
Ti           1.94669237177938       -1.58122456712795       -3.41555109379160
Ti          -1.87702701570303        1.74652286748589       -1.24229812043006
Ti           2.41213403234197        0.45444385145749       -0.77364356196837
Ti           0.81919609999755        1.83880401193628       -2.94051148157177
C           -3.67680784484704        1.28413066135431        0.59970119884699
C            4.12670633166274        0.48239762828433        0.38960975720137
C            0.45556488085687        2.26675337279166        0.34928559733182
C           -3.66519074458833        2.12025208304619       -0.31614760655506
C            4.11484920429390        0.63150058910244        1.62373067866240
C           -0.63459884793225        2.74064339463683       -0.12065402771144
C            1.62933409422830        1.77985774114405        0.73516413282819
O           -3.09555164043367       -1.95473683117276        1.04090286344327
O           -0.48735468093688       -2.60950955589592        2.69965149565681
O            0.31880037849036       -2.89078328235691        0.14201685944472
O           -0.80009451373130       -0.43918506765248        0.97028600061184
O            1.90241119435206       -1.15865676572382        1.46948882847144
O           -2.32193982892757       -0.11279764863818        3.02429578604686
O            1.01455486162538        0.44054863237896        3.56978440402785
O           -1.79404544546323       -4.59614623392040       -1.63978380206774
O            0.19021706059611       -1.19134261310349       -3.53568068032818
O            2.83434856030729       -2.16320115069953       -1.91958579660971
O           -2.05353575764009       -0.22297862052516       -1.33710527124867
O            0.76792494512631       -0.39118378590967       -1.06560477435166
O           -0.89818981176693        1.64783420445846       -2.82215017981222
O            2.41625743301895        1.35872229789429       -2.26256894488946
33
 energy: -92.026929591714 gnorm: 0.000616499357 xtb: 6.7.1pre (5071a88)
Ti          -2.14276601828139       -3.00704275494474        2.12143075021932
Ti           0.28975612918651       -1.69726671932162        1.43138658253138
Ti           1.90906978648920       -3.06351234529313       -0.73106205424906
Ti          -2.52152980834082       -0.25027367368488        1.30343270906656
Ti           2.14138202354825        0.49859566611002        2.20535964131874
Ti          -0.68078375065151        0.18834997162013        3.68081663550400
Ti          -2.03321728160955       -3.07906252963069       -1.19762024851628
Ti          -0.60595333150489       -0.77164116580266       -2.03702790143263
Ti           1.94669982112819       -1.58384270630724       -3.41523449020382
Ti          -1.87723939416731        1.74656437014903       -1.24165814537437
Ti           2.41210179770501        0.45432498780398       -0.77336541525182
Ti           0.81868932034670        1.83799868549733       -2.94073239421535
C           -3.67727382884755        1.28364452433531        0.59985794900950
C            4.12723667460423        0.48267014740574        0.38910339445438
C            0.45544180990202        2.26729448234231        0.34970862080975
C           -3.66546801624571        2.12012621303195       -0.31565840675471
C            4.11548194508839        0.63167870035875        1.62321078038199
C           -0.63487349858860        2.74098899190059       -0.11998000506659
C            1.62940396913714        1.78025977453984        0.73509960376352
O           -3.09558198822460       -1.95478567115310        1.04054063601823
O           -0.48748918720098       -2.60892982556653        2.69980594554185
O            0.31846822614043       -2.88987691282981        0.14263815445878
O           -0.80052160222377       -0.43830146533626        0.97153603405568
O            1.90251805347567       -1.15849550450083        1.46948765759230
O           -2.32185726199529       -0.11208684070235        3.02478065526994
O            1.01489816543599        0.44016447502292        3.56954351952050
O           -1.79207321182347       -4.59515902970253       -1.64322502049864
O            0.19072397275506       -1.19136703664773       -3.53548857141197
O            2.83468521979764       -2.16445556000949       -1.91913947478384
O           -2.05442424231225       -0.22299579797351       -1.33871290296490
O            0.76746935400153       -0.39025038519697       -1.06508033854064
O           -0.89883936681747        1.64804625308508       -2.82145124715646
O            2.41586552009300        1.35863868139442       -2.26230265309091
33
 energy: -92.026930923572 gnorm: 0.000370577608 xtb: 6.7.1pre (5071a88)
Ti          -2.14276726163315       -3.00722573856620        2.12090102032771
Ti           0.28963344805837       -1.69662958457090        1.43127711334797
Ti           1.90824174687012       -3.06465492392197       -0.73059871276733
Ti          -2.52150770276638       -0.25046649022612        1.30344254939951
Ti           2.14184495816354        0.49878145012460        2.20515625958749
Ti          -0.68059122717634        0.18896674314586        3.68102662686421
Ti          -2.03375199600712       -3.07909760753029       -1.19848223971235
Ti          -0.60586968146690       -0.77122369307613       -2.03641770037883
Ti           1.94649420217696       -1.58436469963498       -3.41403490644611
Ti          -1.87770949832968        1.74647273159033       -1.24148041645736
Ti           2.41232624788354        0.45456427415741       -0.77351042792381
Ti           0.81846768288118        1.83876636203173       -2.94007410145481
C           -3.67755138972149        1.28308098214283        0.59983448721333
C            4.12776568664802        0.48284505470512        0.38861272521021
C            0.45511072929652        2.26645561465630        0.34961817253383
C           -3.66609828962334        2.11971957246395       -0.31556421636208
C            4.11587342339706        0.63189338288120        1.62272654874699
C           -0.63495575018397        2.74076218466593       -0.11992859088908
C            1.62940439541612        1.78022043767071        0.73507338546124
O           -3.09519561869264       -1.95499529335051        1.03982918847795
O           -0.48751528437966       -2.60797722871325        2.69983483153631
O            0.31789923692125       -2.88997921943177        0.14312863447379
O           -0.80071206383833       -0.43811089997478        0.97088161797104
O            1.90272062292042       -1.15851903332198        1.46938221597894
O           -2.32160408910292       -0.11190087041702        3.02467010773726
O            1.01494733187795        0.44018858378629        3.56948801017104
O           -1.79016201393250       -4.59408033219860       -1.64556702310719
O            0.19079454322921       -1.19084285737218       -3.53493744640579
O            2.83449998050950       -2.16539148470866       -1.91844295176807
O           -2.05440052377545       -0.22339484892254       -1.33773339523484
O            0.76764963237762       -0.39022603523215       -1.06441596211940
O           -0.89904914822275        1.64828097930846       -2.82074768434898
O            2.41576767022506        1.35808248783265       -2.26294771965839
33
 energy: -92.026931573317 gnorm: 0.001140316935 xtb: 6.7.1pre (5071a88)
Ti          -2.14256840426596       -3.00836168390987        2.11931396752343
Ti           0.28886647613373       -1.69528999781733        1.43159264628836
Ti           1.90497655875895       -3.06666465173629       -0.72990910948372
Ti          -2.52159163016285       -0.25133453130306        1.30386995376803
Ti           2.14187002886460        0.49929916585974        2.20474566476687
Ti          -0.68066208882371        0.18800813890338        3.68143682673231
Ti          -2.03720604721442       -3.07752294129607       -1.20005600370847
Ti          -0.60555109722868       -0.77119391181756       -2.03491354803105
Ti           1.94538627120058       -1.58573294580824       -3.41257854139299
Ti          -1.87797397855313        1.74630439307215       -1.24063278514737
Ti           2.41267171457473        0.45463907272402       -0.77413946350751
Ti           0.81818087770144        1.83768576012152       -2.94059960114999
C           -3.67799833483182        1.28214842059221        0.60096925846398
C            4.12808137987740        0.48323393030286        0.38804059245029
C            0.45536027419274        2.26700876293339        0.34925910580425
C           -3.66637274616366        2.11888418546620       -0.31430504504728
C            4.11577130345516        0.63234568758791        1.62214983490556
C           -0.63461137906304        2.74147019512672       -0.12032456650124
C            1.62965152832386        1.78068909058015        0.73462295262903
O           -3.09454369220724       -1.95568487595245        1.03828613767843
O           -0.48781056909198       -2.60666632954496        2.70013248211650
O            0.31514535589033       -2.88874759087018        0.14380092277384
O           -0.80093701876760       -0.43648640924905        0.97089751325962
O            1.90250556540426       -1.15849221325227        1.46972846568393
O           -2.32182943596696       -0.11336686753478        3.02505543074531
O            1.01431566682777        0.44114783054844        3.56935171697617
O           -1.77643407526967       -4.59001163475344       -1.65018363501284
O            0.19003226864504       -1.19032064349074       -3.53388391464295
O            2.83279377291748       -2.16817152177837       -1.91788264281055
O           -2.05452694574996       -0.22470473909431       -1.33664091044931
O            0.76847817435348       -0.38947275968345       -1.06394409261835
O           -0.89938305735114        1.64734464802599       -2.81946951588260
O            2.41591328359013        1.35801696704105       -2.26379009717525
33
 energy: -92.026932605830 gnorm: 0.000498260386 xtb: 6.7.1pre (5071a88)
Ti          -2.14212095805448       -3.00865009768861        2.11938296707261
Ti           0.28896925994461       -1.69497982636863        1.43192506631770
Ti           1.90403224133199       -3.06720390124923       -0.72914652798724
Ti          -2.52147345747351       -0.25175014730017        1.30370171503982
Ti           2.14198965967943        0.49925452422677        2.20442031686678
Ti          -0.68116611562727        0.18935955081748        3.68138015093290
Ti          -2.03689131215129       -3.07751038719973       -1.20047808268926
Ti          -0.60548873050137       -0.77093540027578       -2.03512325893756
Ti           1.94560608233566       -1.58677423833906       -3.41236982992657
Ti          -1.87804401458518        1.74625761760987       -1.24005876675060
Ti           2.41253714351706        0.45415680936633       -0.77423659195712
Ti           0.81788539335860        1.83783239822424       -2.94042994925776
C           -3.67810508071743        1.28173415393323        0.60087525628562
C            4.12811002124651        0.48337959047377        0.38755781423534
C            0.45564176952981        2.26778332115455        0.34963409705920
C           -3.66655219688866        2.11891696362170       -0.31397702568542
C            4.11583640210034        0.63252294553297        1.62164676103636
C           -0.63496422414565        2.74136700615432       -0.11937937115979
C            1.62987737805592        1.78075942218715        0.73432382528233
O           -3.09373224794385       -1.95656928678112        1.03787599060917
O           -0.48736873628253       -2.60609679496613        2.70065814238756
O            0.31451802589089       -2.88906849467235        0.14450014487258
O           -0.80081234469403       -0.43625008487737        0.97093499206773
O            1.90280110529356       -1.15859528525221        1.46938288097894
O           -2.32226876838377       -0.11368580156556        3.02482001741402
O            1.01394705861876        0.44129973025899        3.56887284857744
O           -1.77511846075635       -4.58866511802228       -1.65192726455655
O            0.19068237811245       -1.18936787442621       -3.53397391495633
O            2.83203590093960       -2.16947208498143       -1.91783583987949
O           -2.05457476194037       -0.22495510302166       -1.33685755389902
O            0.76842413009726       -0.39031284278267       -1.06354516389768
O           -0.89977383114054        1.64836842704859       -2.81881875015707
O            2.41556129123365        1.35785030915360       -2.26373509533423
33
 energy: -92.026933346538 gnorm: 0.000309255109 xtb: 6.7.1pre (5071a88)
Ti          -2.14186646966827       -3.00881767671245        2.11974807900448
Ti           0.28899088321719       -1.69475866997425        1.43242541382983
Ti           1.90309755707905       -3.06774909716924       -0.72932184379836
Ti          -2.52150239774899       -0.25192750250800        1.30368727134521
Ti           2.14204991972362        0.49953261128928        2.20443427171821
Ti          -0.68144789293913        0.18963502970638        3.68122970116810
Ti          -2.03676954665166       -3.07774019293965       -1.20051185656039
Ti          -0.60533958178932       -0.77090020801493       -2.03513246630215
Ti           1.94548833050055       -1.58731658332600       -3.41239962157809
Ti          -1.87817000181679        1.74657329868567       -1.24002952508656
Ti           2.41251213587300        0.45423133863889       -0.77424685666791
Ti           0.81774210428049        1.83845215521746       -2.94000382949728
C           -3.67841380344390        1.28139778952112        0.60073747516770
C            4.12819257113462        0.48284679920522        0.38729303133571
C            0.45547888952759        2.26720187679912        0.34969479853395
C           -3.66670854767102        2.11883381508326       -0.31392008120022
C            4.11596215639934        0.63223860723243        1.62135367870464
C           -0.63516733015210        2.74104561702515       -0.11892053898799
C            1.63007234345323        1.78099628835404        0.73422385148767
O           -3.09345576446705       -1.95690687864566        1.03794909201878
O           -0.48724974583808       -2.60584933574909        2.70120339559884
O            0.31407877686119       -2.88888950980439        0.14500074858982
O           -0.80078477168929       -0.43593399479531        0.97122673451764
O            1.90286453615047       -1.15833143344631        1.46944927929632
O           -2.32267255283179       -0.11387803574869        3.02480001323033
O            1.01378627210150        0.44159823734178        3.56876063297591
O           -1.77201905014346       -4.58790499369252       -1.65280982471073
O            0.19060491876740       -1.18918864665476       -3.53403013735509
O            2.83141966147540       -2.17024832333999       -1.91804215325606
O           -2.05455767066434       -0.22444457843651       -1.33750505535425
O            0.76851083170122       -0.39057427286466       -1.06366357816658
O           -0.90003940936914        1.64931338934390       -2.81856479420775
O            2.41531264863828        1.35746308037206       -2.26411530578933
